FTHG,FTAG,HTHG,HTAG,B365H,B365D,B365A,BWH,BWD,BWA,IWH,IWD,IWA,LBH,LBD,LBA,PSH,PSD,PSA,WHH,WHD,WHA,SJH,SJD,SJA,VCH,VCD,VCA,Bb1X2,BbMxH,BbAvH,BbMxD,BbAvD,BbMxA,BbAvA,BbOU,BbMx>2.5,BbAv>2.5,BbMx<2.5,BbAv<2.5,BbAH,BbAHh,BbMxAHH,BbAvAHH,BbMxAHA,BbAvAHA
1,1,1,1,2.3,3.3,3.5,2.25,3.3,3,2.2,3.1,3,2.3,3.3,3.1,2.25,3.47,3.48,2.2,3.3,3.3,2.25,3.3,3.2,2.3,3.4,3.4,44,2.32,2.23,3.55,3.31,3.53,3.26,43,2.05,1.96,1.94,1.83,21,0,1.69,1.62,2.47,2.31
1,1,0,0,2,3.5,4.2,2,3.2,3.75,2,3.2,3.3,2,3.3,3.75,1.93,3.58,4.41,1.95,3.4,4,1.95,3.4,4,1.95,3.5,4.33,42,2.02,1.95,3.59,3.37,4.39,3.96,40,2.17,2.09,1.8,1.71,18,-0.5,2.06,1.93,1.99,1.92
0,1,0,1,1.95,3.5,4.5,1.91,3.25,4,1.75,3.3,4.2,1.85,3.4,4.33,1.91,3.56,4.53,1.91,3.3,4.33,1.9,3.3,4.33,1.92,3.5,4.5,42,1.98,1.89,3.55,3.36,4.6,4.27,36,2.25,2.12,1.77,1.69,18,-0.5,1.93,1.88,2.02,1.97
1,0,0,0,1.57,4.33,6.5,1.55,4,5.5,1.6,3.6,4.8,1.57,4,5.5,1.58,4.31,6.24,1.57,4,5.5,1.57,4,5.8,1.6,4.3,6,42,1.61,1.56,4.33,4.01,6.5,5.88,38,1.8,1.74,2.2,2.06,20,-1,2.05,1.96,1.94,1.88
0,4,0,2,2.7,3.4,2.8,2.6,3.2,2.6,2.5,3.1,2.6,2.5,3.3,2.75,2.75,3.38,2.74,2.7,3.1,2.7,2.63,3.25,2.63,2.7,3.4,2.75,41,2.78,2.63,3.4,3.24,2.8,2.66,41,2.08,1.97,1.89,1.81,20,0,1.96,1.9,1.99,1.93
2,1,1,0,2.7,3.4,2.8,2.6,3.2,2.6,2.5,3.1,2.6,2.5,3.3,2.75,2.6,3.42,2.87,2.7,3.1,2.7,2.63,3.2,2.75,2.7,3.4,2.8,42,2.74,2.59,3.42,3.22,2.9,2.72,38,2.15,2.05,1.85,1.74,20,0,1.92,1.87,2.05,1.96
2,0,1,0,1.8,3.75,5,1.8,3.3,4.5,1.8,3.2,4,1.83,3.5,4.33,1.85,3.65,4.73,1.83,3.4,4.5,1.8,3.5,4.5,1.83,3.75,4.8,42,1.85,1.8,3.75,3.5,5.01,4.5,40,2.1,2.02,1.87,1.77,17,-0.75,2.11,2.04,1.87,1.82
2,0,1,0,2.38,3.4,3.25,2.2,3.2,3.2,2.3,3.1,2.8,2.3,3.3,3,2.24,3.44,3.4,2.38,3.1,3.1,2.25,3.3,3.25,2.3,3.4,3.3,42,2.38,2.26,3.44,3.28,3.45,3.18,40,2.13,2.03,1.85,1.76,18,0,1.73,1.62,2.47,2.31
2,0,2,0,1.33,5.5,11,1.28,5.25,9,1.3,4.4,8.5,1.33,5,8.5,1.35,5.58,9.36,1.33,5,9,1.3,5.25,9.5,1.3,5.5,11,39,1.36,1.31,5.7,5.18,11.02,9.42,33,1.79,1.69,2.3,2.12,20,-1.5,1.96,1.92,2,1.92
3,0,2,0,2.1,3.6,3.75,2,3.3,3.6,2,3.2,3.3,2.1,3.4,3.4,2.04,3.69,3.78,2.1,3.3,3.5,2.05,3.4,3.6,2.1,3.6,3.6,42,2.15,2.06,3.68,3.4,3.85,3.53,38,2,1.86,2.03,1.91,19,-0.25,1.86,1.79,2.18,2.07
2,2,1,0,1.83,3.75,4.6,1.83,3.3,4.33,1.9,3.2,3.6,1.83,3.4,4.5,1.83,3.69,4.78,1.83,3.4,4.33,1.83,3.5,4.5,1.83,3.75,4.75,42,1.91,1.82,3.77,3.52,4.87,4.36,40,2.17,2.06,1.84,1.74,16,-0.5,1.9,1.81,2.12,2.06
1,0,0,0,2.3,3.4,3.4,2.2,3.25,3.1,2.2,3.1,3,2.25,3.2,3,2.32,3.46,3.28,2.3,3.2,3.2,2.25,3.3,3.2,2.38,3.4,3.25,44,2.4,2.28,3.46,3.27,3.41,3.12,40,2.16,2.04,1.85,1.75,17,-0.25,2.03,1.97,1.93,1.89
1,0,0,0,3.3,3.3,2.4,3,3.1,2.35,2.7,3.1,2.4,2.87,3.3,2.37,3.31,3.22,2.42,2.8,3.2,2.5,3.13,3.13,2.38,3.25,3.12,2.5,48,3.31,3.08,3.4,3.16,2.5,2.37,38,2.62,2.4,1.61,1.54,23,0,2.31,2.2,1.75,1.68
1,2,0,1,5.25,3.8,1.75,4.75,3.5,1.7,4,3.2,1.8,4.5,3.5,1.75,5.39,3.76,1.74,5,3.4,1.75,5,3.5,1.73,5,3.8,1.75,48,5.5,4.98,3.9,3.56,1.8,1.72,45,2.04,1.92,1.96,1.85,22,0.75,1.94,1.89,2.01,1.96
2,2,2,2,2.7,3.4,2.75,2.7,3.1,2.6,2.5,3.1,2.6,2.55,3.3,2.7,2.72,3.38,2.77,2.7,3.1,2.7,2.63,3.2,2.63,2.7,3.4,2.8,48,2.78,2.64,3.42,3.22,2.8,2.66,45,2.1,2.02,1.87,1.76,24,0,1.96,1.9,1.98,1.93
1,0,0,0,1.85,3.75,4.5,1.85,3.4,4,1.9,3.2,3.6,1.85,3.5,4.2,1.85,3.73,4.57,1.83,3.4,4.5,1.83,3.4,4.33,1.87,3.75,4.5,48,1.9,1.82,3.85,3.51,4.75,4.35,45,1.91,1.81,2.08,1.98,22,-0.75,2.1,2.05,1.89,1.8
3,1,2,1,1.73,3.9,5.25,1.65,3.6,5,1.7,3.4,4.3,1.66,3.6,5.5,1.72,3.9,5.32,1.75,3.4,5,1.73,3.6,5,1.75,3.9,5,48,1.79,1.72,3.85,3.59,5.5,4.9,45,2.03,1.94,1.93,1.83,22,-0.75,2.04,1.97,1.94,1.88
2,1,1,1,3.4,3.4,2.3,3.1,3.2,2.25,3,3.1,2.2,3.1,3.3,2.3,3.47,3.35,2.28,3.2,3.2,2.3,3.25,3.2,2.25,3.4,3.4,2.3,48,3.41,3.19,3.41,3.21,2.4,2.28,38,2.38,2.27,1.71,1.6,22,0.25,1.94,1.89,2.03,1.97
0,1,0,1,2.05,3.6,3.8,2,3.25,3.7,1.9,3.2,3.6,2,3.4,3.75,2.04,3.55,3.95,2.05,3.25,3.75,2,3.4,3.75,2.05,3.6,3.9,48,2.06,1.99,3.65,3.39,4.3,3.77,46,2.05,1.96,1.91,1.81,22,-0.5,2.04,1.99,1.91,1.86
1,0,0,0,3.3,3.5,2.3,2.95,3.25,2.3,2.8,3.1,2.3,3.1,3.3,2.3,3.44,3.38,2.28,3.2,3.2,2.3,3.25,3.25,2.25,3.4,3.4,2.3,48,3.46,3.23,3.51,3.28,2.34,2.24,44,2.23,2.1,1.8,1.7,22,0.25,2,1.93,2.01,1.92
3,0,1,0,2.3,3.5,3.3,2.2,3.25,3.1,2.3,3.1,2.8,2.3,3.3,3,2.23,3.56,3.39,2.2,3.4,3.25,2.2,3.4,3.13,2.25,3.5,3.4,46,2.31,2.21,3.58,3.4,3.55,3.15,44,1.89,1.8,2.05,1.97,20,-0.25,1.96,1.91,2.03,1.94
1,0,1,0,2.3,3.4,3.4,2.15,3.2,3.3,2.2,3.1,3,2.25,3.25,3.2,2.27,3.38,3.46,2.3,3.2,3.2,2.25,3.3,3.25,2.3,3.4,3.4,48,2.3,2.22,3.45,3.29,3.55,3.24,44,2.15,2.07,1.83,1.72,22,-0.25,1.96,1.92,1.99,1.93
1,0,0,0,2.88,3.4,2.6,2.75,3.2,2.45,2.7,3.1,2.4,2.62,3.25,2.62,2.9,3.35,2.58,2.8,3.1,2.62,2.88,3.2,2.5,2.88,3.4,2.62,48,2.95,2.81,3.51,3.23,2.63,2.51,44,2,1.93,1.96,1.84,23,0,2.07,2.02,1.89,1.82
0,0,0,0,3.25,3.4,2.38,3,3.2,2.3,2.8,3.1,2.3,3.1,3.3,2.3,3.16,3.4,2.41,3.1,3.1,2.4,3.13,3.3,2.3,3.12,3.4,2.4,48,3.26,3.08,3.45,3.26,2.42,2.31,45,2.07,1.96,1.92,1.81,22,0.25,1.87,1.84,2.07,2.01
2,2,1,0,2.75,3.4,2.75,2.8,3.25,2.4,2.7,3.1,2.4,2.5,3.4,2.7,2.77,3.34,2.74,2.7,3.1,2.7,2.63,3.25,2.63,2.7,3.4,2.75,50,2.85,2.67,3.4,3.24,2.75,2.64,46,2.12,2.02,1.87,1.77,26,0,1.98,1.92,1.97,1.9
1,2,1,1,3.5,3.4,2.25,3.2,3.2,2.2,3,3.1,2.2,3.3,3.3,2.25,3.51,3.39,2.24,3.5,3.25,2.15,3.4,3.25,2.2,3.5,3.4,2.25,50,3.6,3.34,3.45,3.27,2.3,2.2,47,2.28,2.15,1.77,1.68,24,0.25,1.98,1.94,1.96,1.91
1,2,1,1,2.63,3.4,2.88,2.45,3.2,2.75,2.4,3.1,2.7,2.62,3.3,2.62,2.81,3.34,2.7,2.62,3.2,2.7,2.6,3.3,2.75,2.7,3.4,2.75,50,2.81,2.61,3.41,3.27,2.88,2.68,47,2.11,2.03,1.88,1.76,28,0,1.99,1.9,1.97,1.92
1,2,0,0,2.15,3.6,3.6,2.1,3.2,3.4,2.1,3.1,3.2,2.1,3.3,3.4,2.16,3.68,3.45,2.2,3.3,3.3,2.1,3.4,3.4,2.15,3.6,3.5,49,2.2,2.1,3.75,3.42,3.7,3.37,47,1.83,1.78,2.15,2.01,23,-0.25,1.88,1.83,2.09,2.04
1,0,0,0,2.38,3.4,3.25,2.25,3.2,3.1,2.2,3.1,3,2.2,3.4,3.2,2.37,3.49,3.17,2.4,3.1,3.1,2.38,3.3,3,2.4,3.4,3.2,50,2.4,2.31,3.49,3.29,3.3,3.07,48,2.04,1.94,1.94,1.84,24,-0.25,2.05,2,1.92,1.85
3,2,2,1,3.6,3.4,2.2,3.2,3.2,2.2,3.2,3.1,2.1,3.2,3.4,2.2,3.76,3.43,2.17,3.4,3.2,2.2,3.3,3.4,2.2,3.6,3.4,2.2,50,3.76,3.38,3.5,3.34,2.25,2.14,48,2.13,2.02,1.88,1.77,24,0.25,2.07,2,1.91,1.86
0,2,0,1,2.7,3.3,2.88,2.65,3.1,2.65,2.55,3.1,2.55,2.5,3.2,2.87,2.76,3.24,2.81,2.7,3.1,2.7,2.75,3.13,2.75,2.75,3.12,2.9,50,2.8,2.66,3.3,3.14,2.9,2.73,44,2.55,2.37,1.66,1.56,27,0,1.98,1.9,2.01,1.92
3,1,1,1,2.1,3.5,3.8,2,3.3,3.6,2,3.2,3.3,2.1,3.3,3.5,2.09,3.5,3.83,2.05,3.4,3.6,2.05,3.4,3.6,2.1,3.5,3.8,48,2.2,2.05,3.51,3.37,3.95,3.59,46,2.05,1.98,1.89,1.8,23,-0.5,2.09,2.04,1.86,1.82
1,2,0,2,1.91,3.6,4.5,1.85,3.4,4,1.75,3.3,4.2,1.83,3.6,4.2,1.93,3.73,4.22,1.85,3.75,4,1.9,3.5,4,1.92,3.75,4.2,50,1.95,1.88,3.75,3.53,4.51,4.09,48,1.95,1.85,2.05,1.92,24,-0.5,1.95,1.89,2.01,1.95
0,2,0,0,3,3.5,2.45,2.75,3.25,2.45,2.8,3.1,2.3,2.9,3.4,2.37,3.04,3.53,2.42,2.8,3.4,2.45,2.88,3.4,2.4,2.9,3.5,2.5,50,3.05,2.86,3.54,3.37,2.5,2.41,45,1.89,1.81,2.1,1.98,27,0,2.23,2.11,1.78,1.73
1,1,0,0,2.2,3.4,3.6,2.2,3.2,3.2,2.3,3.1,2.8,2.2,3.3,3.4,2.23,3.39,3.55,2.2,3.2,3.4,2.2,3.3,3.4,2.25,3.4,3.5,50,2.3,2.19,3.42,3.28,3.62,3.34,47,2.25,2.14,1.77,1.68,24,-0.25,1.92,1.87,2.04,1.98
0,1,0,1,2.5,3.4,3,2.4,3.25,2.8,2.3,3.1,2.8,2.4,3.3,2.9,2.55,3.46,2.91,2.5,3.2,2.8,2.4,3.3,2.88,2.55,3.4,2.9,48,2.55,2.42,3.46,3.29,3.1,2.86,46,2,1.94,1.96,1.84,23,0,1.84,1.78,2.14,2.06
3,2,3,0,2.4,3.5,3.1,2.25,3.2,3.1,2.3,3.1,2.8,2.3,3.4,3,2.41,3.49,3.1,2.4,3.1,3.1,2.38,3.3,3,2.45,3.5,3,49,2.45,2.35,3.51,3.31,3.2,2.99,46,2,1.91,1.98,1.87,21,-0.25,2.1,2.05,1.85,1.81
1,1,0,1,2,3.6,4,1.95,3.25,3.8,2,3.2,3.3,2.05,3.4,3.5,1.98,3.63,4.07,2.05,3.2,3.8,2,3.4,3.8,2,3.6,4,49,2.06,1.99,3.64,3.41,4.2,3.76,46,2.12,2.04,1.89,1.75,21,-0.5,2.12,1.97,1.92,1.87
2,1,1,1,2,3.6,4,1.95,3.2,3.9,1.9,3.2,3.6,2.05,3.3,3.6,1.98,3.46,4.31,2,3.3,3.8,1.95,3.4,3.8,2,3.5,4.1,49,2.08,1.97,3.62,3.39,4.6,3.86,44,2.28,2.16,1.74,1.66,21,-0.5,2.05,1.94,1.97,1.9
5,1,1,0,1.75,3.8,5.25,1.7,3.4,5,1.8,3.2,4,1.8,3.7,4.5,1.75,3.85,5.17,1.75,3.4,5,1.73,3.6,5,1.75,3.8,5,49,1.8,1.73,3.88,3.63,5.5,4.8,46,1.91,1.85,2.05,1.93,21,-0.75,1.98,1.93,1.96,1.91
1,1,0,0,2.2,3.4,3.6,2.1,3.3,3.3,2.1,3.1,3.2,2.25,3.3,3.2,2.17,3.54,3.55,2.2,3.3,3.3,2.1,3.4,3.4,2.25,3.4,3.5,49,2.3,2.15,3.53,3.35,3.62,3.33,46,2.05,1.93,1.94,1.85,21,-0.25,1.96,1.85,2.08,2
0,1,0,1,2.88,3.3,2.7,2.7,3.2,2.5,2.5,3.1,2.6,2.7,3.2,2.62,2.81,3.3,2.73,2.8,3.1,2.62,2.75,3.2,2.63,2.75,3.4,2.75,49,2.88,2.72,3.4,3.19,2.78,2.62,45,2.29,2.1,1.87,1.7,25,0,2.01,1.94,1.94,1.88
2,3,0,2,1.91,3.6,4.5,1.83,3.2,4.5,1.8,3.2,4,1.83,3.5,4.2,1.88,3.5,4.83,1.91,3.3,4.2,1.83,3.5,4.33,1.9,3.6,4.6,49,1.91,1.85,3.61,3.44,4.9,4.31,45,2.28,2.13,1.8,1.68,21,-0.5,1.91,1.87,2.03,1.98
0,1,0,0,2.05,3.5,4,2,3.2,3.7,1.9,3.2,3.6,1.95,3.4,3.75,2.08,3.5,3.86,2.05,3.3,3.6,2.05,3.4,3.6,2.05,3.5,4,49,2.1,2.02,3.51,3.37,4.1,3.7,45,2.16,2.05,1.81,1.74,21,-0.5,2.08,2.02,1.87,1.83
4,0,1,0,2,3.7,4,1.95,3.3,3.75,1.9,3.2,3.6,2,3.3,3.8,1.98,3.58,4.14,1.95,3.5,3.8,1.95,3.5,3.8,2,3.7,4,47,2.02,1.94,3.7,3.48,4.5,3.83,43,1.91,1.79,2.1,1.98,19,-0.5,2.06,1.93,1.97,1.91
4,1,1,1,1.75,4,5,1.7,3.5,4.75,1.7,3.4,4.3,1.75,3.4,5,1.71,3.95,5.31,1.75,3.4,5,1.73,3.75,4.8,1.75,4,5,49,1.77,1.72,4,3.69,5.31,4.8,45,1.91,1.81,2.09,1.97,21,-0.75,1.98,1.93,1.98,1.92
1,0,1,0,1.44,4.75,8,1.4,4.4,7.25,1.35,4.2,7.5,1.44,4.33,7.5,1.44,4.47,9.18,1.44,4.33,7,1.44,4.33,8,1.44,4.75,8.5,49,1.45,1.41,4.8,4.29,9.48,8.22,45,2.06,1.9,1.96,1.87,21,-1.25,2.09,1.99,1.97,1.86
1,0,0,0,2.25,3.4,3.5,2.2,3.2,3.2,2.3,3.1,2.8,2.3,3.3,3.1,2.21,3.42,3.58,2.25,3.1,3.3,2.2,3.3,3.3,2.2,3.4,3.5,49,2.3,2.2,3.45,3.29,3.59,3.28,46,2.13,1.97,1.92,1.8,21,-0.25,1.96,1.89,2.06,1.96
2,2,0,1,1.85,3.6,4.75,1.8,3.3,4.5,1.75,3.3,4.2,1.83,3.5,4.2,1.83,3.5,5.14,1.85,3.2,4.8,1.83,3.5,4.5,1.83,3.6,5,48,1.92,1.81,3.6,3.42,5.14,4.53,43,2.37,2.18,1.74,1.65,21,-0.5,1.85,1.81,2.09,2.04
1,1,1,0,1.75,3.75,5.25,1.65,3.6,5,1.65,3.5,4.5,1.7,3.5,4.6,1.79,3.73,5.05,1.8,3.5,4.5,1.73,3.6,5,1.8,3.75,5,48,1.8,1.73,3.75,3.55,5.5,4.87,44,1.96,1.89,1.97,1.89,21,-0.75,2.04,1.97,1.92,1.88
1,1,1,0,2.75,3.4,2.75,2.65,3.2,2.55,2.55,3.1,2.55,2.62,3.3,2.6,2.73,3.37,2.76,2.7,3.1,2.7,2.63,3.25,2.63,2.7,3.4,2.75,48,2.76,2.65,3.4,3.23,2.8,2.64,44,2.08,2.02,1.88,1.77,24,0,1.96,1.91,2,1.91
1,0,1,0,2.6,3.4,2.9,2.45,3.25,2.75,2.3,3.1,2.8,2.37,3.4,2.9,2.6,3.38,2.91,2.7,3.1,2.7,2.5,3.3,2.75,2.6,3.4,2.88,48,2.7,2.52,3.4,3.25,2.94,2.77,43,2.13,2.04,1.88,1.75,24,0,1.9,1.83,2.08,2
0,1,0,1,1.8,3.8,4.75,1.78,3.2,4.75,1.8,3.2,4,1.83,3.5,4.2,1.77,3.82,5.04,1.83,3.4,4.5,1.8,3.5,4.8,1.8,3.8,4.8,48,1.83,1.76,3.81,3.52,5.12,4.69,44,2.01,1.86,2,1.91,21,-0.75,2.01,1.96,1.95,1.88
2,1,1,0,1.8,3.75,5,1.7,3.5,4.75,1.7,3.4,4.3,1.72,3.5,4.5,1.82,3.54,5.18,1.83,3.4,4.5,1.8,3.6,4.5,1.8,3.7,5,48,1.83,1.77,3.75,3.49,5.5,4.72,44,2.35,2.17,1.75,1.66,21,-0.75,2.1,2.03,1.87,1.82
1,1,1,1,2.1,3.6,3.75,1.95,3.4,3.6,2,3.2,3.3,2.05,3.5,3.6,2.08,3.46,3.92,2.15,3.2,3.5,2.05,3.4,3.5,2.05,3.6,3.9,46,2.1,2.01,3.6,3.42,4.1,3.62,42,1.93,1.82,2.08,1.95,19,-0.5,2.06,2,1.9,1.84
0,2,0,1,2.2,3.4,3.6,2.3,3.25,2.95,2.3,3.1,2.8,2.3,3.4,3,2.28,3.37,3.4,2.3,3.3,3.1,2.25,3.3,3.25,2.38,3.4,3.25,48,2.38,2.26,3.4,3.28,3.6,3.14,45,2.06,1.97,1.89,1.8,21,-0.25,2,1.95,1.96,1.9
0,1,0,1,2.88,3.4,2.6,2.65,3.3,2.5,2.6,3.1,2.5,2.8,3.3,2.5,2.87,3.29,2.68,2.8,3.1,2.62,2.75,3.2,2.6,3,3.2,2.62,48,2.9,2.75,3.4,3.2,2.7,2.56,44,2.07,1.94,1.93,1.84,24,0,2.07,1.99,1.89,1.83
4,2,1,0,1.75,3.8,5.25,1.65,3.5,5.25,1.7,3.4,4.3,1.7,3.75,4.8,1.75,3.95,4.99,1.8,3.5,4.5,1.73,3.6,5,1.73,3.8,5.5,48,1.75,1.71,3.95,3.67,5.5,4.86,42,1.76,1.7,2.23,2.09,21,-0.75,1.99,1.92,1.98,1.93
4,0,3,0,1.73,3.8,5.5,1.65,3.6,5,1.65,3.5,4.5,1.7,3.75,5,1.72,3.84,5.44,1.73,3.5,5,1.73,3.6,5,1.75,3.8,5.25,48,1.75,1.69,3.9,3.6,5.7,5.12,44,2.05,1.9,1.92,1.87,21,-0.75,1.98,1.92,1.98,1.93
3,1,2,0,2.05,3.5,4,2.1,3.2,3.4,2.1,3.1,3.2,2.1,3.4,3.4,2.15,3.38,3.79,2.15,3.2,3.5,2.05,3.3,3.6,2.1,3.5,3.8,48,2.2,2.07,3.5,3.3,4,3.58,44,2.09,1.99,1.85,1.78,21,-0.5,2.15,2.06,1.84,1.8
1,1,1,0,2.2,3.4,3.6,2.1,3.2,3.4,2.1,3.1,3.2,2.25,3.25,3.3,2.19,3.46,3.57,2.25,3.1,3.4,2.2,3.3,3.4,2.2,3.4,3.6,46,2.25,2.16,3.46,3.28,3.6,3.38,44,2.18,2.06,1.84,1.73,24,-0.25,1.93,1.85,2.08,2
3,1,0,0,2.6,3.4,2.9,2.45,3.2,2.75,2.4,3.1,2.7,2.5,3.3,2.75,2.54,3.34,3.01,2.5,3.2,2.8,2.5,3.4,2.75,2.5,3.4,3,46,2.6,2.48,3.41,3.3,3.1,2.81,43,2.13,2.02,1.84,1.76,27,0,1.84,1.78,2.14,2.05
0,0,0,0,4.75,3.5,1.91,4.6,3.4,1.75,4.2,3.3,1.75,4.33,3.6,1.8,4.48,3.56,1.92,4,3.3,1.95,4.33,3.4,1.9,4.3,3.6,1.95,46,4.75,4.31,3.6,3.39,1.95,1.86,44,2.3,2.14,1.78,1.67,24,0.5,2.04,1.98,1.92,1.86
0,0,0,0,2.5,3.6,2.9,2.35,3.2,2.9,2.1,3.1,3.2,2.5,3.3,2.8,2.46,3.6,2.94,2.5,3.2,2.8,2.4,3.4,2.88,2.4,3.6,3,46,2.5,2.38,3.6,3.37,3.2,2.89,45,2.05,1.92,1.96,1.85,24,-0.25,2.13,2.06,1.84,1.8
1,1,0,0,1.8,3.75,5,1.65,3.6,5,1.65,3.5,4.5,1.75,3.4,5,1.78,3.99,4.71,1.75,3.4,5,1.73,3.6,4.8,1.8,3.8,4.8,46,1.8,1.74,3.99,3.63,5.12,4.72,44,1.85,1.76,2.15,2.02,24,-0.75,2.01,1.96,1.94,1.89
3,2,2,1,2.7,3.4,2.8,2.5,3.2,2.7,2.4,3.1,2.7,2.7,3.2,2.7,2.78,3.27,2.78,2.7,3.1,2.7,2.63,3.25,2.75,2.75,3.3,2.8,46,2.75,2.63,3.4,3.19,2.86,2.7,35,2.34,2.21,1.71,1.62,27,0,1.95,1.89,2.02,1.93
2,4,2,0,2.7,3.4,2.8,2.5,3.2,2.7,2.55,3.1,2.55,2.7,3.2,2.7,2.72,3.33,2.81,2.7,3.1,2.7,2.6,3.3,2.63,2.7,3.4,2.75,46,2.74,2.6,3.4,3.26,2.84,2.68,43,2.2,2.08,1.8,1.72,27,0,1.94,1.88,2.02,1.94
1,0,1,0,3,3.4,2.5,2.75,3.2,2.45,2.8,3.1,2.3,2.87,3.2,2.5,2.91,3.48,2.54,2.8,3.2,2.5,2.8,3.4,2.5,2.9,3.4,2.5,46,3,2.82,3.5,3.3,2.6,2.46,45,1.94,1.84,2.03,1.93,25,0,2.13,2.04,1.85,1.79
1,2,0,1,3.2,3.4,2.4,3.2,3.2,2.2,3,3.1,2.2,3.1,3.2,2.37,3.25,3.44,2.34,3.1,3.1,2.4,3.13,3.4,2.25,3.25,3.4,2.38,46,3.35,3.1,3.46,3.28,2.42,2.3,45,2.05,1.96,1.9,1.81,24,0.25,1.9,1.86,2.07,1.99
2,0,1,0,2.15,3.4,3.75,2.1,3.2,3.4,2,3.2,3.3,2.15,3.25,3.4,2.12,3.39,3.87,2.15,3.1,3.6,2.1,3.4,3.5,2.1,3.4,3.9,46,2.2,2.08,3.42,3.3,3.9,3.55,40,2.3,2.18,1.71,1.64,23,-0.25,1.84,1.8,2.12,2.05
3,0,1,0,2.45,3.4,3.1,2.4,3.1,2.9,2.1,3.1,3.2,2.3,3.3,3.1,2.42,3.45,3.1,2.4,3.1,3.1,2.38,3.3,3,2.45,3.4,3,46,2.45,2.35,3.48,3.28,3.2,2.99,45,1.98,1.89,2,1.88,24,-0.25,2.1,2.04,1.85,1.81
1,1,0,0,2.45,3.4,3.1,2.4,3.2,2.85,2.3,3.1,2.8,2.4,3.4,2.8,2.42,3.46,3.1,2.5,3.2,2.8,2.38,3.4,3,2.45,3.5,3,44,2.5,2.37,3.46,3.3,3.2,2.93,43,1.93,1.86,2,1.91,22,-0.25,2.1,2.06,1.85,1.8
0,2,0,0,3,3.4,2.5,2.7,3.2,2.5,2.6,3.1,2.5,2.62,3.3,2.62,2.96,3.41,2.55,2.9,3.25,2.45,2.88,3.25,2.4,3,3.4,2.5,43,3,2.82,3.41,3.26,2.62,2.48,41,2.08,1.98,1.9,1.79,24,0,2.11,2.05,1.88,1.79
0,1,0,0,4,3.6,2,4,3.4,1.87,4,3.2,1.8,4.33,3.5,1.83,4.18,3.52,1.99,4.2,3.3,1.91,3.8,3.4,1.9,4.2,3.6,1.95,44,4.5,4.02,3.6,3.43,2,1.91,43,2.06,1.99,1.88,1.79,22,0.5,1.96,1.91,1.99,1.93
3,2,0,1,2.38,3.5,3.1,2.4,3.1,2.9,2.2,3.1,3,2.2,3.25,3.25,2.45,3.45,3.06,2.3,3.3,3.1,2.3,3.3,3,2.38,3.5,3.13,44,2.45,2.33,3.5,3.32,3.25,3.01,43,2.06,1.95,1.93,1.82,22,-0.25,2.1,2.02,1.87,1.83
1,3,1,0,1.62,4.33,5.75,1.57,4,5.25,1.6,3.6,4.8,1.65,3.8,5,1.6,4.34,5.98,1.61,3.75,5.5,1.57,4,5.5,1.62,4.3,5.75,44,1.65,1.59,4.34,4.01,6,5.42,42,1.8,1.73,2.2,2.07,25,-1,2.12,2.02,1.89,1.82
0,3,0,0,3.2,3.4,2.38,2.9,3.2,2.35,2.7,3.1,2.4,3.1,3.3,2.3,3.17,3.54,2.34,3.1,3.1,2.4,3,3.25,2.3,3.25,3.4,2.38,44,3.3,3.06,3.54,3.28,2.4,2.31,42,2.05,1.99,1.9,1.79,23,0,2.35,2.23,1.75,1.65
0,1,0,1,2.8,3.4,2.7,2.6,3.2,2.6,2.4,3.1,2.7,2.5,3.25,2.8,2.86,3.38,2.64,2.8,3.3,2.5,2.63,3.25,2.6,2.7,3.4,2.75,44,2.86,2.65,3.4,3.25,2.84,2.65,43,2.08,1.99,1.89,1.78,25,0,2.04,1.94,1.98,1.89
1,1,1,0,3.2,3.3,2.45,2.9,3.2,2.35,2.8,3.1,2.3,2.75,3.3,2.5,3.24,3.32,2.41,2.8,3.2,2.5,3,3.2,2.4,3.2,3.3,2.45,44,3.25,3,3.35,3.2,2.5,2.39,42,2.28,2.14,1.75,1.67,24,0,2.28,2.17,1.78,1.69
0,0,0,0,2.88,3.4,2.6,2.8,3.2,2.45,2.7,3.1,2.4,2.88,3.3,2.4,2.91,3.45,2.55,2.8,3.2,2.5,2.75,3.25,2.5,2.88,3.4,2.6,44,2.96,2.81,3.46,3.26,2.68,2.49,42,2.08,1.99,1.86,1.78,26,0,2.09,2.02,1.87,1.8
2,0,0,0,2.75,3.3,2.8,2.45,3.2,2.75,2.5,3.1,2.6,2.45,3.3,2.8,2.61,3.27,2.98,2.62,3.1,2.8,2.6,3.2,2.8,2.7,3.25,2.88,44,2.75,2.55,3.3,3.17,2.98,2.79,40,2.43,2.29,1.7,1.6,24,0,1.87,1.82,2.11,2.01
3,2,2,1,2.2,3.4,3.6,2.1,3.2,3.4,2,3.2,3.3,2,3.4,3.75,2.16,3.31,3.81,2.2,3.3,3.3,2.1,3.4,3.4,2.2,3.4,3.6,43,2.22,2.11,3.45,3.31,3.81,3.47,42,2.07,2,1.87,1.78,20,-0.5,2.17,2.1,1.8,1.76
2,3,1,2,2.8,3.3,2.75,2.7,3.2,2.5,2.6,3.1,2.5,2.62,3.3,2.62,2.75,3.4,2.72,2.7,3.1,2.7,2.63,3.3,2.6,2.75,3.3,2.7,42,2.8,2.66,3.4,3.25,2.8,2.62,41,1.93,1.85,2.05,1.92,23,0,1.97,1.91,1.99,1.91
5,3,2,1,1.73,3.9,5.25,1.72,3.5,4.75,1.65,3.5,4.5,1.67,3.6,5.25,1.7,4.08,5.2,1.75,3.4,5,1.67,3.6,4.8,1.73,3.9,5.25,42,1.75,1.7,4.08,3.7,5.5,4.87,40,1.83,1.74,2.17,2.04,20,-0.75,1.97,1.89,2.01,1.95
0,0,0,0,1.53,4.2,7.5,1.55,3.7,6.25,1.6,3.6,4.8,1.53,4,6,1.53,4.17,7.55,1.57,3.6,6.5,,,,1.57,3.8,8,48,1.6,1.52,4.45,3.91,8,6.76,37,2.32,2.22,1.7,1.62,27,-1,2.04,1.93,1.96,1.91
2,2,0,0,1.8,3.75,5,1.8,3.3,4.5,1.85,3.2,3.8,1.8,3.5,4.5,1.79,3.88,4.78,1.8,3.5,4.5,,,,1.8,3.8,4.8,48,1.85,1.77,3.95,3.6,5,4.57,46,1.91,1.78,2.16,2,23,-0.75,2.04,1.98,1.93,1.87
0,1,0,0,2.63,3.5,2.8,2.45,3.2,2.75,2.4,3.1,2.7,2.5,3.3,2.75,2.67,3.38,2.82,2.62,3.2,2.7,,,,2.62,3.5,2.8,48,2.67,2.53,3.55,3.33,2.88,2.73,45,1.8,1.71,2.22,2.1,27,0,1.91,1.85,2.06,1.98
3,0,2,0,2.63,3.5,2.8,2.4,3.3,2.75,2.3,3.1,2.8,2.5,3.4,2.75,2.65,3.48,2.77,2.62,3.2,2.7,,,,2.62,3.5,2.8,48,2.74,2.53,3.5,3.3,2.9,2.74,47,1.96,1.89,2,1.89,27,0,1.91,1.85,2.03,1.98
4,0,1,0,1.8,3.7,5,1.72,3.4,5,1.8,3.2,4,1.8,3.6,4.5,1.74,3.72,5.48,1.8,3.5,4.5,,,,1.8,3.7,5,48,1.8,1.75,3.8,3.52,5.5,4.84,46,2.1,1.97,1.88,1.8,24,-0.75,2.01,1.96,1.95,1.88
0,0,0,0,3,3.4,2.5,2.8,3.25,2.4,2.8,3.1,2.3,3,3.25,2.37,3.03,3.38,2.5,2.8,3.2,2.5,,,,3,3.4,2.5,48,3.2,2.94,3.45,3.29,2.52,2.39,47,2.06,1.98,1.89,1.79,24,0,2.21,2.12,1.78,1.72
2,2,0,2,1.5,4.5,7.5,1.45,3.9,7.25,1.5,3.8,5.5,1.5,4.2,6.5,1.45,4.84,7.88,1.5,4,7,,,,1.5,4.5,7.5,48,1.5,1.46,4.84,4.31,7.88,7,44,1.75,1.68,2.28,2.14,21,-1,1.81,1.72,2.23,2.14
1,1,0,1,2.15,3.5,3.6,2.1,3.2,3.4,2.1,3.1,3.2,2.2,3.3,3.3,2.1,3.52,3.78,2.15,3.2,3.5,,,,2.15,3.5,3.7,48,2.2,2.1,3.55,3.32,3.8,3.5,39,2.32,2.13,1.75,1.68,24,-0.25,1.85,1.81,2.13,2.05
1,0,0,0,2.1,3.5,3.75,2,3.3,3.6,2,3.2,3.3,2.15,3.4,3.3,2.04,3.53,3.97,2.1,3.2,3.6,,,,2.1,3.5,3.8,48,2.15,2.05,3.6,3.38,4.05,3.59,47,2,1.91,1.96,1.86,23,-0.5,2.08,2.03,1.87,1.83
1,1,0,0,2.3,3.5,3.3,2.3,3.2,3,2,3.2,3.3,2.1,3.4,3.4,2.28,3.5,3.32,2.3,3.2,3.2,,,,2.4,3.5,3,48,2.4,2.26,3.6,3.34,3.4,3.13,45,1.79,1.72,2.19,2.08,24,-0.25,2.04,1.98,1.98,1.87
1,0,1,0,1.7,4,5.5,1.7,3.4,5,1.75,3.3,4.2,1.72,3.5,5,1.68,3.98,5.48,1.7,3.6,5,,,,1.73,3.9,5.25,48,1.75,1.67,4.1,3.7,5.6,5.16,47,2.02,1.91,1.97,1.86,24,-0.75,1.91,1.85,2.06,2
1,2,0,1,2.05,3.5,4,1.85,3.4,4,1.9,3.2,3.6,2,3.4,3.75,2.08,3.52,3.84,2.1,3.25,3.6,,,,2.05,3.5,4,45,2.15,2.01,3.52,3.34,4.1,3.76,43,2.22,2.06,1.83,1.73,22,-0.5,2.09,2.01,1.89,1.84
1,2,1,0,2.8,3.4,2.7,2.7,3.2,2.5,2.6,3.1,2.5,2.55,3.4,2.62,2.84,3.38,2.65,2.7,3.1,2.7,,,,2.8,3.4,2.62,45,2.92,2.68,3.5,3.27,2.75,2.59,44,1.97,1.85,2.04,1.92,26,0,2.03,1.95,1.92,1.87
2,2,0,2,2.2,3.6,3.4,2.25,3.2,3.1,2.2,3.1,3,2.3,3.4,3,2.16,3.69,3.45,2.15,3.4,3.3,,,,2.3,3.6,3.2,45,2.32,2.19,3.69,3.39,3.45,3.18,42,1.81,1.73,2.21,2.06,23,-0.25,1.99,1.88,2.04,1.96
1,3,0,0,5.5,4,1.7,5,3.6,1.65,4.3,3.4,1.7,5.2,3.5,1.7,5.56,3.91,1.69,5,3.5,1.73,,,,5.4,4,1.7,45,5.8,5.11,4,3.66,1.73,1.67,44,2.05,1.94,1.96,1.83,23,0.75,2,1.96,1.93,1.88
0,2,0,1,3.75,3.75,2.05,3.6,3.3,2,3.3,3.2,2,3.6,3.4,2.05,3.74,3.71,2.05,3.75,3.25,2.05,,,,3.7,3.75,2.05,45,3.9,3.66,3.75,3.44,2.05,1.99,41,1.8,1.72,2.22,2.08,22,0.5,1.93,1.86,2.04,1.99
2,0,1,0,2.15,3.5,3.6,2.1,3.2,3.4,2,3.2,3.3,2.1,3.4,3.4,2.08,3.52,3.83,2.15,3.3,3.4,,,,2.15,3.5,3.6,45,2.15,2.06,3.55,3.35,3.9,3.55,43,2.08,1.92,1.93,1.86,22,-0.5,2.09,2.06,1.84,1.8
2,0,1,0,2.05,3.6,3.9,2.05,3.4,3.3,2,3.2,3.3,2.05,3.4,3.6,2.03,3.59,4.01,2.05,3.25,3.75,,,,2.05,3.6,3.75,45,2.1,2.01,3.6,3.38,4.01,3.67,43,2,1.9,1.96,1.87,22,-0.5,2.05,2,1.9,1.85
2,1,1,0,2.5,3.4,3,2.3,3.2,3,2.2,3.1,3,2.3,3.4,3,2.57,3.37,2.94,2.5,3.2,2.8,,,,2.5,3.4,3,45,2.58,2.42,3.5,3.28,3,2.86,44,2.18,2.03,1.87,1.76,22,0,1.83,1.76,2.15,2.09
0,0,0,0,3.6,3.4,2.2,3.3,3.3,2.1,3,3.1,2.2,3.25,3.2,2.25,3.87,3.41,2.11,3.3,3.3,2.2,,,,3.75,3.4,2.15,45,3.87,3.45,3.45,3.27,2.25,2.13,43,2.27,2.12,1.8,1.69,22,0.25,2.12,2.03,1.9,1.82
2,1,1,1,2.45,3.4,3.1,2.25,3.3,3,2.2,3.1,3,2.4,3.3,2.87,2.42,3.52,3.05,2.4,3.1,3.1,,,,2.4,3.4,3.12,45,2.45,2.32,3.52,3.3,3.2,2.99,44,2.05,1.93,1.97,1.84,22,-0.25,2.1,2.02,1.88,1.83
2,0,2,0,2,3.6,4,1.85,3.4,4,1.9,3.2,3.6,1.95,3.4,3.8,2.01,3.5,4.16,2.05,3.25,3.75,,,,2,3.6,4,45,2.06,1.96,3.6,3.39,4.16,3.82,44,2.14,2.02,1.86,1.76,23,-0.5,2.02,1.96,1.92,1.88
0,0,0,0,2.25,3.4,3.5,2.1,3.4,3.25,2,3.2,3.3,2.1,3.3,3.5,2.25,3.47,3.43,2.2,3.3,3.3,,,,2.25,3.4,3.4,45,2.38,2.16,3.5,3.31,3.6,3.31,44,2.06,1.97,1.9,1.8,23,-0.25,1.94,1.88,2.02,1.96
3,3,1,0,3,3.4,2.5,2.75,3.2,2.45,2.7,3.1,2.4,2.62,3.3,2.62,3.1,3.38,2.46,2.8,3.1,2.6,,,,3,3.4,2.55,45,3.1,2.88,3.4,3.23,2.63,2.44,44,2.08,1.97,1.9,1.8,23,0,2.19,2.08,1.87,1.76
1,1,1,1,2.05,3.5,4,2,3.3,3.6,2,3.2,3.3,2.05,3.4,3.75,1.99,3.55,4.16,2,3.4,3.8,,,,2,3.5,4.2,47,2.05,1.97,3.6,3.4,4.2,3.85,41,2.28,2.17,1.75,1.66,26,-0.5,2,1.95,1.96,1.88
2,0,0,0,2.05,3.6,3.8,1.9,3.5,3.8,2,3.2,3.3,1.95,3.5,3.8,2.08,3.7,3.66,2,3.6,3.5,,,,2.05,3.6,3.8,47,2.08,2,3.75,3.49,3.85,3.61,42,1.75,1.68,2.3,2.14,26,-0.5,2.08,2,1.89,1.84
1,1,1,1,1.44,4.5,9,1.4,4,8.75,1.4,4,6.5,1.4,4.5,8,1.43,4.59,9.41,1.44,4,8.5,,,,1.4,4.75,9.5,47,1.44,1.4,4.75,4.33,10,8.51,45,2.09,1.96,1.91,1.82,25,-1.5,2.31,2.24,1.72,1.66
1,3,0,2,1.95,3.5,4.33,1.91,3.25,4,1.9,3.2,3.6,1.95,3.4,3.75,1.97,3.57,4.22,1.95,3.25,4.2,,,,2,3.5,4.1,47,2,1.93,3.65,3.4,4.4,3.98,44,2.15,2.05,1.84,1.75,26,-0.5,2.01,1.94,1.95,1.9
0,1,0,0,1.53,4.33,7,1.5,3.9,6.5,1.55,3.7,5,1.53,4.2,6.5,1.54,4.4,6.78,1.53,4,6.5,,,,1.53,4.3,7,47,1.55,1.51,4.4,4.07,7.2,6.5,45,1.88,1.8,2.1,1.98,29,-1,1.94,1.85,2.04,1.98
2,0,2,0,2.55,3.5,2.88,2.6,3.3,2.55,2.55,3.1,2.55,2.62,3.4,2.6,2.52,3.49,2.93,2.6,3.1,2.8,,,,2.5,3.5,2.9,45,2.63,2.48,3.5,3.33,2.98,2.77,45,1.91,1.78,2.12,2,29,0,1.9,1.79,2.13,2.04
1,1,1,0,2.25,3.4,3.5,2.2,3.2,3.2,2,3.2,3.3,2.2,3.4,3.2,2.22,3.48,3.45,2.2,3.1,3.6,,,,2.25,3.4,3.5,47,2.26,2.17,3.5,3.32,3.6,3.32,45,2.22,2.13,1.8,1.69,25,-0.25,1.93,1.89,2.01,1.95
2,1,1,0,2.1,3.6,3.75,1.9,3.6,3.6,2,3.2,3.3,1.95,3.4,3.8,2.09,3.68,3.64,2,3.4,3.8,,,,2.1,3.7,3.5,47,2.1,2.01,3.75,3.49,3.8,3.57,44,1.77,1.69,2.23,2.13,25,-0.5,2.09,2.03,1.86,1.83
0,0,0,0,2.4,3.4,3.2,2.4,3.2,2.85,2.4,3.1,2.7,2.38,3.3,2.9,2.33,3.37,3.32,2.4,3.1,3.1,,,,2.38,3.4,3.3,46,2.45,2.32,3.5,3.29,3.33,3.05,43,2.12,2.05,1.87,1.75,25,-0.25,2.08,1.98,1.94,1.87
4,0,2,0,1.95,3.6,4.2,1.91,3.4,3.8,2,3.2,3.3,1.95,3.4,3.75,1.92,3.69,4.32,2,3.25,4,,,,1.95,3.6,4.2,45,2,1.92,3.69,3.43,4.4,3.94,43,1.91,1.83,2.06,1.94,23,-0.5,1.95,1.91,2.01,1.93
0,0,0,0,2.7,3.4,2.8,2.55,3.2,2.65,2.5,3.1,2.6,2.5,3.3,2.75,2.73,3.41,2.73,2.7,3.1,2.7,,,,2.7,3.4,2.75,45,2.8,2.59,3.41,3.29,2.8,2.66,43,1.98,1.9,1.96,1.87,26,0,1.97,1.89,2,1.93
1,3,0,2,1.75,3.8,5.25,1.67,3.6,5,1.7,3.4,4.3,1.62,3.75,5.5,1.78,3.76,5.06,1.75,3.5,5,,,,1.75,3.8,5,44,1.78,1.71,3.8,3.59,5.5,4.9,43,2,1.89,1.96,1.88,23,-0.75,2.02,1.94,1.96,1.9
1,0,0,0,3.5,3.4,2.25,3.3,3.3,2.1,3.3,3.2,2,3.5,3.2,2.2,3.41,3.38,2.32,3.4,3.2,2.2,,,,3.5,3.4,2.25,45,3.53,3.34,3.43,3.27,2.3,2.19,41,2.29,2.16,1.74,1.67,23,0.25,1.99,1.94,1.97,1.91
0,0,0,0,1.91,3.75,4.33,1.85,3.4,4,1.75,3.3,4.2,1.85,3.6,4,1.91,3.85,4.16,1.95,3.3,4,,,,1.92,3.75,4.1,42,1.95,1.86,3.85,3.56,4.33,3.95,37,1.73,1.65,2.38,2.18,20,-0.5,1.91,1.87,2.05,1.98
1,2,0,0,3.6,3.6,2.15,3.4,3.2,2.1,3.2,3.1,2.1,3.25,3.4,2.2,3.58,3.56,2.15,3.3,3.3,2.2,,,,3.4,3.6,2.2,43,3.65,3.34,3.6,3.4,2.2,2.1,41,1.9,1.8,2.05,1.97,21,0.25,2.07,2.03,1.86,1.82
3,1,2,0,2.3,3.4,3.4,2.25,3.2,3.1,2.2,3.1,3,2.3,3.4,2.9,2.3,3.42,3.36,2.3,3.2,3.2,,,,2.3,3.4,3.3,43,2.3,2.24,3.5,3.3,3.45,3.13,41,2.05,1.94,1.91,1.84,21,-0.25,2.02,1.96,1.94,1.88
1,1,1,0,2.2,3.4,3.6,2.05,3.25,3.5,2.1,3.1,3.2,2,3.4,3.6,2.26,3.37,3.5,2.25,3.1,3.4,,,,2.25,3.4,3.4,43,2.28,2.15,3.45,3.28,3.6,3.33,40,2.2,2.08,1.8,1.71,21,-0.25,1.96,1.89,2.03,1.96
0,0,0,0,1.55,4.33,6.5,1.55,3.75,6,1.55,3.7,5,1.57,3.75,6,1.56,4.33,6.57,1.57,3.6,6.5,,,,1.57,4.3,6.5,43,1.57,1.53,4.35,3.94,7,6.14,40,1.83,1.74,2.18,2.04,25,-1,1.98,1.91,1.97,1.92
1,1,0,0,3.2,3.25,2.45,2.7,3.2,2.5,2.7,3.1,2.4,2.75,3.3,2.5,3.22,3.32,2.42,2.88,3.3,2.4,,,,3.1,3.3,2.5,42,3.22,2.96,3.35,3.22,2.5,2.38,39,2.22,2.08,1.77,1.71,23,0,2.27,2.14,1.78,1.71
2,0,0,0,1.85,3.8,4.5,1.75,3.5,4.4,1.8,3.2,4,1.83,3.6,4,1.84,3.74,4.64,1.83,3.5,4.33,,,,1.85,3.8,4.5,43,1.88,1.8,3.8,3.52,4.64,4.3,41,2.01,1.89,1.98,1.87,21,-0.75,2.12,2.07,1.84,1.79
1,1,0,1,1.53,4.33,7,1.45,4,7,1.45,3.9,6,1.5,4,6.5,1.53,4.44,6.93,1.53,3.75,7,,,,1.55,4.3,6.5,43,1.55,1.5,4.45,4.02,7,6.43,39,1.8,1.72,2.18,2.07,25,-1,1.93,1.87,2.02,1.96
1,1,0,0,2.63,3.4,2.88,2.4,3.2,2.85,2.2,3.1,3,2.5,3.3,2.9,2.64,3.39,2.85,2.62,3.1,2.8,,,,2.62,3.4,2.8,43,2.68,2.48,3.4,3.24,3,2.8,41,1.96,1.87,1.99,1.89,24,0,1.89,1.82,2.06,2.02
2,2,1,2,2.1,3.5,3.8,1.95,3.3,3.75,1.9,3.2,3.6,2,3.4,3.6,2.09,3.34,3.97,2.1,3.2,3.6,,,,2.05,3.5,3.9,43,2.12,2.02,3.5,3.3,4,3.68,41,2.29,2.15,1.76,1.67,21,-0.5,2.09,2.05,1.86,1.81
2,2,0,1,2.05,3.5,4,1.9,3.3,3.75,1.9,3.2,3.6,1.95,3.5,3.6,2.06,3.47,4,2.05,3.25,3.75,,,,2.05,3.5,3.9,43,2.06,2,3.5,3.33,4,3.7,38,2.11,2.01,1.85,1.77,21,-0.5,2.07,2.01,1.88,1.83
2,1,0,1,2.2,3.5,3.5,2.15,3.2,3.3,2,3.2,3.3,2.2,3.3,3.5,2.18,3.53,3.6,2.1,3.3,3.6,,,,2.2,3.5,3.5,46,2.25,2.13,3.55,3.35,3.65,3.42,44,2.15,2.06,1.83,1.74,25,-0.25,1.92,1.85,2.04,1.99
0,1,0,1,2.25,3.5,3.4,2.15,3.2,3.3,2.1,3.1,3.2,2.25,3.25,3.2,2.3,3.55,3.25,2.3,3.1,3.3,,,,2.25,3.5,3.3,46,2.32,2.2,3.6,3.35,3.45,3.22,45,1.98,1.86,2.01,1.92,24,-0.25,1.99,1.91,1.98,1.93
1,0,1,0,1.73,3.8,5.5,1.62,3.5,5.5,1.6,3.6,4.8,1.75,3.75,4.5,1.68,3.89,5.64,1.73,3.5,5,,,,1.73,3.8,5.5,46,1.75,1.66,3.9,3.69,5.64,5.23,45,2.08,1.96,1.91,1.82,24,-1,2.3,2.16,1.76,1.71
1,2,0,1,2.45,3.25,3.25,2.4,3.2,2.85,2.3,3.1,2.8,2.4,3.2,3,2.38,3.3,3.31,2.5,3,3,,,,2.5,3.2,3.2,46,2.5,2.38,3.3,3.17,3.31,3.05,37,2.54,2.34,1.62,1.56,25,-0.25,2.14,2.05,1.88,1.81
2,1,2,0,2.6,3.4,2.88,2.45,3.2,2.75,2.4,3.1,2.7,2.5,3.3,2.8,2.53,3.41,2.97,2.62,3.1,2.8,,,,2.62,3.4,2.88,46,2.63,2.49,3.41,3.26,3.05,2.82,44,2.11,2.02,1.87,1.76,24,0,1.84,1.79,2.12,2.04
1,0,1,0,3,3.4,2.5,2.75,3.2,2.45,2.7,3.1,2.4,2.75,3.3,2.5,3,3.45,2.46,3,3,2.5,,,,3,3.4,2.5,46,3.05,2.88,3.45,3.28,2.55,2.43,45,1.98,1.87,1.99,1.9,24,0.25,1.83,1.77,2.18,2.1
4,2,3,2,1.8,3.75,5,1.75,3.5,4.5,1.75,3.3,4.2,1.85,3.5,4.2,1.76,3.75,5.25,1.83,3.25,4.8,,,,1.85,3.7,4.75,46,1.85,1.77,3.75,3.51,5.25,4.72,44,2.2,2.06,1.84,1.73,24,-0.75,2.08,2.01,1.91,1.84
1,1,0,0,2.2,3.5,3.5,2.05,3.25,3.5,2,3.2,3.3,2.2,3.4,3.3,2.21,3.54,3.44,2.25,3.3,3.1,,,,2.25,3.5,3.4,46,2.25,2.14,3.6,3.38,3.6,3.33,45,2,1.89,2.01,1.88,24,-0.25,1.93,1.86,2.04,1.98
3,3,0,1,3.1,3.3,2.5,2.9,3.2,2.35,2.8,3.1,2.3,2.75,3.3,2.5,3.07,3.32,2.51,2.9,3.1,2.5,,,,3.1,3.3,2.5,46,3.2,2.92,3.4,3.23,2.55,2.43,41,2.28,2.18,1.74,1.65,26,0,2.2,2.09,1.81,1.74
0,3,0,2,3.1,3.5,2.4,2.9,3.2,2.35,2.8,3.1,2.3,2.87,3.3,2.5,3.04,3.47,2.45,2.9,3.1,2.5,,,,3.1,3.5,2.4,46,3.2,2.95,3.5,3.29,2.5,2.37,45,1.93,1.84,2.02,1.93,24,0,2.25,2.14,1.77,1.71
0,3,0,2,2.25,3.5,3.4,2.15,3.3,3.2,2.2,3.1,3,2.3,3.4,3,2.24,3.51,3.4,2.3,3.2,3.2,,,,2.25,3.5,3.4,46,2.38,2.23,3.55,3.32,3.4,3.18,45,2.01,1.93,1.94,1.84,24,-0.25,2.02,1.93,1.96,1.91
0,0,0,0,2,3.6,4,2,3.4,3.5,2,3.2,3.3,2.05,3.4,3.75,1.96,3.62,4.18,2.05,3.2,3.8,,,,2,3.6,4,46,2.05,1.97,3.62,3.38,4.23,3.83,44,2.09,2.02,1.88,1.77,24,-0.5,2.01,1.97,1.96,1.87
1,0,0,0,1.8,3.9,4.75,1.75,3.6,4.25,1.75,3.3,4.2,1.75,3.5,4.5,1.78,4.08,4.63,1.8,3.5,4.5,,,,1.8,3.8,4.5,46,1.8,1.76,4.07,3.69,5,4.51,43,1.73,1.66,2.35,2.18,25,-0.75,2.03,1.98,1.92,1.87
0,1,0,0,5,4,1.73,5,3.4,1.7,4.3,3.4,1.7,5,3.5,1.73,5.09,4.02,1.73,5.5,3.4,1.7,,,,5.2,3.9,1.73,46,5.5,4.98,4.01,3.7,1.74,1.69,44,1.98,1.91,1.98,1.87,25,0.75,1.99,1.94,1.94,1.9
3,0,0,0,1.8,3.8,4.75,1.7,3.5,4.75,1.7,3.4,4.3,1.8,3.5,4.5,1.8,3.85,4.79,1.75,3.6,4.8,,,,1.8,3.8,4.8,46,1.83,1.76,3.86,3.61,5,4.63,43,1.88,1.8,2.06,1.98,25,-0.75,2.06,1.99,1.91,1.86
0,0,0,0,2.15,3.5,3.6,2.15,3.2,3.3,2.2,3.1,3,2.2,3.2,3.3,2.12,3.54,3.71,2.2,3.3,3.3,,,,2.3,3.4,3.4,45,2.3,2.16,3.55,3.33,3.71,3.36,44,2.1,2.02,1.87,1.77,25,-0.25,1.9,1.84,2.09,2.01
3,1,1,1,2.5,3.3,3.1,2.35,3.2,2.9,2.3,3.1,2.8,2.3,3.2,3.1,2.46,3.4,3.08,2.4,3.1,3.1,,,,2.55,3.4,3,46,2.55,2.39,3.45,3.25,3.2,2.98,44,2.22,2.09,1.79,1.72,25,-0.25,2.14,2.08,1.83,1.78
2,1,1,0,2.4,3.4,3.2,2.3,3.2,3,2.2,3.1,3,2.25,3.3,3.25,2.44,3.39,3.12,2.3,3.2,3.2,,,,2.55,3.3,3,46,2.55,2.35,3.45,3.26,3.25,3.04,43,2.22,2.1,1.77,1.71,26,-0.25,2.13,2.05,1.83,1.8
1,1,1,1,2.8,3.4,2.7,2.7,3.2,2.5,2.55,3.1,2.55,2.7,3.3,2.7,2.9,3.38,2.6,2.8,3.3,2.5,,,,2.75,3.4,2.7,45,2.92,2.75,3.4,3.26,2.7,2.56,44,2.1,2,1.87,1.79,29,0,2.08,1.99,1.88,1.84
1,1,0,0,1.5,4.5,7.5,1.5,4,6,1.5,3.8,5.5,1.53,4,6.5,1.51,4.62,6.93,1.5,4,7,,,,1.53,4.5,6.5,46,1.53,1.49,4.7,4.24,7.5,6.52,42,1.75,1.67,2.31,2.17,26,-1,1.9,1.81,2.11,2.03
3,3,1,1,2.7,3.5,2.7,2.5,3.2,2.7,2.4,3.1,2.7,2.62,3.2,2.75,2.74,3.48,2.69,2.62,3.1,2.8,,,,2.75,3.5,2.7,46,2.78,2.61,3.5,3.3,2.8,2.66,41,1.95,1.88,2,1.91,28,0,1.98,1.9,1.98,1.92
2,2,1,1,2.25,3.5,3.4,2.2,3.2,3.2,2.3,3.1,2.8,2.25,3.2,3.2,2.3,3.58,3.21,2.3,3.2,3.2,,,,2.3,3.5,3.25,45,2.3,2.24,3.58,3.37,3.4,3.15,43,1.9,1.8,2.06,1.98,26,-0.25,1.99,1.94,1.96,1.9
0,0,0,0,1.95,3.6,4.33,1.8,3.5,4.2,1.8,3.2,4,1.91,3.3,4.33,1.94,3.64,4.25,1.91,3.3,4.2,,,,2,3.5,4.2,46,2,1.9,3.64,3.42,4.5,4.12,43,2.17,2.08,1.84,1.73,26,-0.5,1.97,1.91,1.98,1.93
2,0,1,0,2.38,3.4,3.2,2.4,3.2,2.85,2.3,3.1,2.8,2.4,3.2,3,2.41,3.46,3.11,2.4,3.1,3.1,,,,2.5,3.3,3.1,46,2.55,2.37,3.47,3.25,3.2,3.01,43,2.23,2.13,1.78,1.68,26,-0.25,2.18,2.05,1.86,1.81
3,0,2,0,1.75,3.7,5.5,1.75,3.4,4.75,1.75,3.3,4.2,1.8,3.5,4.5,1.76,3.79,5.19,1.73,3.5,5,,,,1.75,3.8,5.25,45,1.8,1.73,3.85,3.58,5.53,4.9,43,2.13,2.05,1.83,1.75,25,-0.75,2.02,1.95,1.96,1.89
0,8,0,3,4,3.6,2,3.6,3.3,2,3.3,3.2,2,3.75,3.4,2,3.92,3.62,2.05,3.5,3.6,2,,,,3.9,3.6,2,43,4.08,3.8,3.7,3.41,2.06,1.96,42,1.91,1.81,2.05,1.96,23,0.5,1.96,1.88,2,1.96
3,1,0,0,2.5,3.4,3,2.4,3.2,2.85,2.4,3.1,2.7,2.3,3.3,3,2.51,3.45,2.98,2.38,3.25,3,,,,2.5,3.4,2.9,43,2.54,2.42,3.45,3.27,3.1,2.87,42,2.05,1.94,1.95,1.84,23,0,1.82,1.76,2.15,2.08
1,1,1,0,1.91,3.6,4.5,1.9,3.3,4,1.85,3.2,3.8,1.83,3.4,4.33,1.85,3.65,4.73,1.83,3.5,4.2,,,,1.87,3.6,4.75,43,1.93,1.85,3.66,3.42,4.75,4.29,41,2.2,2.07,1.82,1.72,23,-0.5,1.89,1.85,2.08,2
1,2,1,0,1.75,4,5,1.65,3.6,5,1.75,3.3,4.2,1.75,3.4,5,1.75,3.83,5.1,1.73,3.6,4.8,,,,1.75,3.9,5,43,1.8,1.73,4,3.58,5.2,4.83,42,2.05,1.94,1.96,1.83,23,-0.75,2.04,1.98,1.91,1.87
2,2,1,0,2.1,3.6,3.75,1.95,3.3,3.75,2,3.2,3.3,1.95,3.5,3.75,2.1,3.61,3.69,2,3.4,3.8,,,,2.1,3.6,3.7,43,2.12,2.02,3.62,3.39,3.85,3.61,42,1.98,1.91,1.96,1.87,23,-0.5,2.09,2.03,1.87,1.82
1,2,1,0,3.4,3.4,2.3,3.2,3.2,2.2,2.8,3.1,2.3,3.1,3.3,2.3,3.6,3.44,2.17,3.3,3.2,2.25,,,,3.4,3.4,2.3,43,3.57,3.27,3.45,3.28,2.38,2.2,41,2.19,2.08,1.8,1.72,23,0.25,2.03,1.95,1.97,1.89
1,1,0,0,2,3.6,4,1.95,3.25,3.8,2,3.2,3.3,2,3.4,3.75,2.03,3.59,3.96,1.95,3.5,3.75,,,,2,3.6,4,43,2.05,1.97,3.65,3.42,4.1,3.78,42,2.03,1.96,1.9,1.81,24,-0.5,2.04,1.96,1.94,1.88
1,0,0,0,2.5,3.4,3,2.5,3.2,2.7,2.5,3.1,2.6,2.5,3.3,2.8,2.42,3.43,3.12,2.5,3.2,2.88,,,,2.55,3.4,3,43,2.6,2.47,3.42,3.23,3.05,2.85,40,2.23,2.12,1.75,1.7,24,0,1.83,1.78,2.14,2.05
1,3,1,0,2.2,3.6,3.4,2.15,3.2,3.3,2.1,3.1,3.2,2.05,3.4,3.5,2.19,3.66,3.4,2.1,3.4,3.4,,,,2.2,3.6,3.4,43,2.24,2.14,3.67,3.4,3.5,3.28,41,1.84,1.76,2.15,2.02,23,-0.25,1.9,1.87,2.03,1.98
3,0,1,0,1.73,4,5,1.65,3.5,5.25,1.7,3.4,4.3,1.72,3.6,4.5,1.7,3.89,5.7,1.7,3.6,5,,,,1.7,4,5.4,43,1.73,1.67,4,3.68,5.76,5.08,42,2.06,1.98,1.9,1.8,23,-0.75,1.91,1.86,2.04,1.98
0,0,0,0,3.25,3.4,2.38,2.8,3.25,2.4,2.7,3.1,2.4,3,3.3,2.37,3.27,3.37,2.4,2.88,3.4,2.38,,,,3.25,3.4,2.38,43,3.3,3.07,3.4,3.22,2.5,2.33,41,2.25,2.14,1.77,1.68,23,0,2.33,2.19,1.75,1.67
2,1,1,0,1.53,4.33,7,1.5,4,6.25,1.55,3.7,5,1.57,4,6,1.52,4.5,7.19,1.55,4,6,,,,1.55,4.3,6.5,46,1.57,1.52,4.52,4.12,7.18,6.48,45,1.88,1.81,2.07,1.98,29,-1,1.92,1.82,2.11,2.02
3,1,1,1,2,3.6,4,1.95,3.3,3.75,1.9,3.2,3.6,2,3.4,3.75,1.96,3.74,4.05,2,3.2,4,,,,2,3.6,3.9,46,2.05,1.95,3.74,3.48,4.2,3.8,43,1.8,1.7,2.21,2.11,25,-0.5,1.98,1.93,1.96,1.91
0,2,0,1,4,3.5,2.05,3.4,3.2,2.1,3.6,3.2,1.9,3.5,3.3,2.05,4.05,3.42,2.06,4,3.2,2,,,,3.8,3.5,2.1,46,4.05,3.73,3.5,3.32,2.12,2.02,43,2.15,2.04,1.84,1.75,25,0.5,1.87,1.81,2.08,2.04
3,2,2,1,1.95,3.5,4.5,1.83,3.5,4,1.8,3.2,4,1.83,3.4,4.33,1.98,3.45,4.32,1.95,3.3,4,,,,1.95,3.5,4.4,46,1.99,1.9,3.55,3.37,4.6,4.09,42,2.04,1.91,1.96,1.86,23,-0.5,1.99,1.92,1.98,1.92
2,1,0,1,3.3,3.5,2.3,3,3.2,2.3,3,3.1,2.2,2.87,3.4,2.3,3.26,3.5,2.3,3.2,3.2,2.3,,,,3.25,3.5,2.3,46,3.35,3.11,3.55,3.34,2.34,2.26,45,1.91,1.81,2.05,1.96,25,0.25,1.94,1.88,2.01,1.96
3,1,0,0,1.83,3.7,4.75,1.75,3.4,4.6,1.75,3.3,4.2,1.8,3.5,4.33,1.83,3.7,4.7,1.83,3.2,5,,,,1.83,3.7,4.8,46,1.85,1.8,3.7,3.49,5,4.52,44,2.06,1.97,1.92,1.82,25,-0.5,1.84,1.81,2.11,2.05
1,1,0,1,3,3.3,2.55,2.65,3.2,2.55,2.6,3.1,2.5,2.6,3.3,2.62,3.09,3.22,2.55,2.8,3.1,2.62,,,,3,3.25,2.55,46,3.09,2.89,3.3,3.12,2.66,2.51,35,2.54,2.37,1.62,1.55,28,0,2.13,2.05,1.88,1.79
3,0,2,0,2.5,3.4,3,2.5,3.2,2.7,2.5,3.1,2.6,2.5,3.4,2.7,2.54,3.58,2.85,2.5,3.2,2.8,,,,2.55,3.4,2.9,46,2.6,2.46,3.58,3.33,3,2.8,45,1.84,1.76,2.14,2.02,28,0,1.85,1.8,2.12,2.03
0,3,0,2,3.2,3.4,2.4,2.75,3.2,2.45,2.8,3.1,2.3,2.8,3.3,2.45,3.05,3.4,2.48,3.1,3.1,2.4,,,,3,3.4,2.5,46,3.2,2.96,3.43,3.28,2.5,2.38,44,2.1,2.01,1.85,1.78,25,0.25,1.84,1.78,2.14,2.08
3,1,2,1,1.95,3.7,4.2,1.75,3.6,4.33,1.8,3.2,4,1.8,3.5,4.33,1.94,3.65,4.24,2,3.2,4,,,,1.92,3.7,4.2,46,2,1.89,3.7,3.5,4.4,4.01,45,1.93,1.87,2.03,1.91,25,-0.5,1.94,1.9,2,1.94
3,3,1,2,2.2,3.5,3.5,2.2,3.2,3.2,2.1,3.1,3.2,2.2,3.3,3.25,2.23,3.46,3.49,2.25,3.1,3.3,,,,2.25,3.5,3.4,46,2.28,2.17,3.5,3.32,3.55,3.27,43,2.02,1.91,1.96,1.86,23,-0.25,1.94,1.9,2.01,1.94
0,0,0,0,1.53,4.33,7,1.5,4,6.25,1.45,3.9,6,1.53,3.8,6.5,1.55,4.51,6.28,1.53,4,6,,,,1.57,4.3,6.25,46,1.57,1.52,4.49,4.12,7,6.16,43,1.75,1.67,2.31,2.17,29,-1,2,1.9,1.99,1.93
2,1,1,1,3.25,3.5,2.3,3.25,3.4,2.1,3.3,3.2,2,3.2,3.4,2.2,3.34,3.6,2.25,2.87,3.6,2.3,,,,3.1,3.5,2.4,46,3.4,3.11,3.6,3.43,2.45,2.25,43,1.82,1.72,2.21,2.08,23,0.25,1.97,1.9,2.05,1.95
3,0,2,0,2.63,3.4,2.88,2.5,3.2,2.7,2.55,3.1,2.55,2.62,3.3,2.62,2.65,3.41,2.83,2.62,3.1,2.8,,,,2.63,3.4,2.8,46,2.68,2.54,3.5,3.28,2.88,2.75,45,2.1,1.95,1.94,1.83,24,0,1.9,1.83,2.06,1.98
1,0,1,0,2.3,3.3,3.5,2.2,3.1,3.25,2.1,3.1,3.2,2.25,3.25,3.3,2.25,3.4,3.5,2.25,3.2,3.3,,,,2.25,3.4,3.5,46,2.3,2.22,3.4,3.28,3.6,3.29,43,2.31,2.2,1.73,1.65,26,-0.25,1.96,1.91,2,1.93
3,2,2,1,1.73,4,5,1.67,3.75,4.6,1.7,3.4,4.3,1.67,3.75,5,1.66,4.3,5.23,1.7,4,4.5,,,,1.75,4,5,46,1.75,1.69,4.3,3.83,5.3,4.79,40,1.72,1.65,2.33,2.2,25,-0.75,1.93,1.87,2.05,1.98
2,1,1,0,2.6,3.4,2.9,2.5,3.1,2.8,2.3,3.1,2.8,2.4,3.3,2.88,2.61,3.34,2.92,2.5,3.2,2.87,,,,2.6,3.4,2.9,46,2.66,2.5,3.45,3.27,2.92,2.82,43,2.18,2.09,1.8,1.72,25,0,1.87,1.8,2.08,2.01
2,2,0,0,2.3,3.3,3.5,2.2,3.2,3.2,2.2,3.1,3,2.3,3.3,3.1,2.32,3.33,3.41,2.3,3.2,3.2,,,,2.3,3.4,3.4,46,2.34,2.24,3.4,3.25,3.5,3.24,43,2.31,2.2,1.72,1.64,26,-0.25,1.99,1.93,1.95,1.9
4,0,2,0,2.4,3.4,3.2,2.4,3.1,2.9,2.1,3.1,3.2,2.38,3.3,3,2.39,3.45,3.17,2.4,3.2,3,,,,2.38,3.4,3.25,46,2.45,2.35,3.45,3.28,3.25,3.03,43,2.25,2.13,1.77,1.69,26,-0.25,2.1,2,1.91,1.85
2,2,0,1,2.63,3.5,2.8,2.5,3.3,2.65,2.45,3,2.55,2.6,3.4,2.62,2.74,3.45,2.67,2.6,3.3,2.7,,,,2.75,3.5,2.7,46,2.76,2.61,3.5,3.32,2.8,2.67,45,1.94,1.86,2.02,1.92,24,0,1.99,1.91,1.95,1.9
3,0,1,0,2.05,3.6,3.8,2.05,3.3,3.4,1.85,3.2,3.8,2,3.4,3.75,2.03,3.64,3.89,2.05,3.2,3.75,,,,2.05,3.6,3.8,46,2.1,2.01,3.64,3.4,4.05,3.72,45,1.92,1.82,2.05,1.95,26,-0.5,2.07,2,1.89,1.84
0,2,0,0,3.25,3.4,2.38,3.1,3.25,2.2,3,3.1,2.2,3.1,3.4,2.3,3.38,3.43,2.29,3.3,3.1,2.3,,,,3.25,3.4,2.3,46,3.38,3.13,3.45,3.32,2.4,2.28,44,1.96,1.89,1.99,1.89,24,0.25,1.95,1.88,2.05,1.97
2,2,1,2,1.55,4.33,6.5,1.55,3.8,5.75,1.45,3.9,6,1.57,3.8,6,1.55,4.39,6.47,1.57,3.8,6,,,,1.57,4.3,6.5,44,1.58,1.54,4.39,3.93,7,6.2,43,1.92,1.8,2.07,1.98,27,-1,2.02,1.94,1.96,1.89
1,3,0,2,2.1,3.5,3.8,1.95,3.4,3.6,2,3.2,3.3,2,3.4,3.75,2.08,3.62,3.73,2.05,3.4,3.6,,,,2.1,3.5,3.75,44,2.12,2.03,3.62,3.39,4.1,3.6,43,1.92,1.83,2.03,1.94,24,-0.5,2.08,2.02,1.88,1.82
3,1,0,0,2.9,3.4,2.6,2.75,3.2,2.45,2.6,3,2.6,2.75,3.3,2.6,2.97,3.42,2.55,2.8,3.3,2.5,,,,2.9,3.4,2.6,44,3,2.81,3.43,3.28,2.7,2.51,44,2.03,1.96,1.9,1.82,22,0,2.11,2.02,1.83,1.79
0,0,0,0,2.75,3.4,2.7,2.65,3.3,2.5,2.6,3.1,2.5,2.8,3.5,2.37,2.76,3.41,2.71,2.7,3.1,2.7,,,,2.7,3.5,2.7,44,2.82,2.67,3.5,3.29,2.75,2.6,41,1.98,1.91,1.96,1.87,22,0,1.99,1.94,1.94,1.86
1,1,1,0,2.1,3.6,3.7,2.1,3.2,3.4,2.1,3.1,3.2,2.2,3.3,3.3,2.13,3.52,3.69,2.1,3.2,3.6,,,,2.15,3.6,3.6,44,2.22,2.08,3.65,3.37,3.7,3.49,42,2,1.9,1.96,1.88,22,-0.25,1.87,1.81,2.09,2.03
5,0,3,0,2.1,3.6,3.75,2.05,3.4,3.3,2,3.2,3.3,2.1,3.4,3.4,2.03,3.65,3.88,2.1,3.3,3.5,,,,2.1,3.6,3.6,44,2.1,2.04,3.65,3.42,3.88,3.53,42,1.9,1.81,2.06,1.97,23,-0.5,2.09,2.04,1.89,1.81
3,1,1,0,2.15,3.6,3.6,2.05,3.4,3.4,2.1,3.1,3.2,2.1,3.6,3.3,2.08,3.75,3.59,2.15,3.3,3.4,,,,2.15,3.6,3.5,44,2.18,2.07,3.75,3.43,3.75,3.41,35,1.75,1.65,2.33,2.17,22,-0.5,2.11,2.05,1.85,1.8
1,0,0,0,2.45,3.5,3,2.45,3.25,2.75,2.3,3.1,2.8,2.4,3.4,2.8,2.45,3.48,3.03,2.4,3.1,3.1,,,,2.4,3.5,3.1,44,2.5,2.35,3.6,3.31,3.1,2.94,42,1.91,1.84,2.04,1.94,23,-0.25,2.14,2.04,1.88,1.82
3,1,3,0,1.85,3.6,4.75,1.72,3.5,4.6,1.75,3.3,4.2,1.8,3.5,4.5,1.86,3.63,4.71,1.83,3.4,4.5,,,,1.85,3.7,4.6,44,1.86,1.79,3.7,3.49,5,4.47,41,2.16,2.07,1.8,1.72,22,-0.5,1.87,1.8,2.09,2.04
0,0,0,0,2.3,3.4,3.4,2.3,3.25,3,2.2,3.1,3,2.3,3.4,3.1,2.21,3.5,3.49,2.3,3.2,3.2,,,,2.25,3.4,3.4,44,2.35,2.22,3.5,3.29,3.5,3.2,42,1.99,1.91,1.96,1.87,23,-0.25,2,1.92,2,1.92
2,3,0,1,2.2,3.4,3.6,2.1,3.4,3.2,2.1,3.1,3.2,2.25,3.3,3.2,2.11,3.55,3.71,2.2,3.3,3.3,,,,2.2,3.4,3.6,44,2.25,2.12,3.55,3.33,3.71,3.37,42,2.13,2.03,1.84,1.77,23,-0.25,1.91,1.83,2.1,2.02
2,1,0,1,2.9,3.4,2.6,2.7,3.25,2.5,2.5,3.1,2.6,2.6,3.3,2.62,2.98,3.49,2.48,2.8,3.2,2.5,,,,2.88,3.4,2.62,44,2.98,2.77,3.49,3.28,2.62,2.48,42,2,1.91,1.96,1.86,22,0,2.15,2.01,1.87,1.8
0,1,0,1,1.83,3.75,4.75,1.83,3.5,4.1,1.8,3.2,4,1.85,3.5,4.2,1.78,3.76,4.92,1.83,3.4,4.5,,,,1.83,3.75,4.8,44,1.85,1.78,3.8,3.48,4.92,4.55,42,2.08,1.98,1.88,1.8,22,-0.75,2.08,2.03,1.87,1.81
0,0,0,0,2.2,3.5,3.5,2.1,3.3,3.3,2,3.2,3.3,2.1,3.4,3.4,2.18,3.42,3.65,2.2,3.3,3.3,,,,2.2,3.5,3.5,44,2.25,2.13,3.5,3.29,3.65,3.38,40,2.2,2.07,1.78,1.73,23,-0.25,1.92,1.87,2.04,1.97
2,1,0,0,2.5,3.6,2.9,2.45,3.2,2.8,2.3,3.1,2.8,2.4,3.5,2.88,2.5,3.65,2.9,2.4,3.6,2.75,,,,2.5,3.6,2.88,45,2.56,2.42,3.65,3.47,2.96,2.82,42,1.71,1.65,2.33,2.21,27,0,1.86,1.79,2.11,2.04
2,1,2,0,2.1,3.5,3.8,2.1,3.2,3.4,2.1,3.1,3.2,2.15,3.3,3.3,2.11,3.55,3.77,2.05,3.4,3.6,,,,2.15,3.5,3.6,45,2.2,2.09,3.6,3.37,3.95,3.53,46,2.02,1.91,1.94,1.87,27,-0.25,1.87,1.8,2.12,2.05
2,1,0,1,1.73,4,5,1.7,3.5,4.75,1.7,3.4,4.3,1.67,3.75,5,1.67,4.16,5.38,1.73,3.8,4.6,,,,1.7,3.8,5.25,47,1.76,1.68,4.15,3.8,5.4,4.94,43,1.8,1.71,2.2,2.1,26,-0.75,1.89,1.85,2.06,1.99
1,1,0,0,3.5,3.4,2.25,3.1,3.25,2.2,3,3.1,2.2,3,3.5,2.25,3.46,3.5,2.24,3.2,3.3,2.25,,,,3.4,3.5,2.25,45,3.5,3.23,3.55,3.34,2.3,2.21,44,2.09,1.99,1.88,1.79,26,0.25,1.99,1.92,1.97,1.92
2,2,1,0,1.83,3.9,4.5,1.78,3.4,4.5,1.75,3.3,4.2,1.83,3.6,4,1.79,3.72,5.08,1.8,3.3,4.8,,,,1.83,3.6,4.6,45,1.87,1.78,3.9,3.58,5.08,4.55,44,1.93,1.8,2.1,1.99,26,-0.75,2.1,2.01,1.88,1.83
0,0,0,0,2.8,3.3,2.75,2.6,3.2,2.6,2.6,3.1,2.5,2.5,3.3,2.7,2.84,3.28,2.76,2.8,2.87,2.8,,,,2.8,3.3,2.75,45,2.84,2.72,3.35,3.16,2.82,2.66,40,2.39,2.28,1.67,1.6,26,0,1.99,1.93,1.93,1.88
0,0,0,0,2.25,3.6,3.3,2.25,3.3,3,2.1,3.1,3.2,2.25,3.4,3.1,2.24,3.6,3.3,2.3,3.2,3.1,,,,2.25,3.4,3.4,45,2.31,2.21,3.6,3.38,3.4,3.21,44,2.05,1.92,1.96,1.87,26,-0.25,1.97,1.9,2.01,1.94
3,3,1,1,1.85,3.6,4.75,1.8,3.5,4.25,1.8,3.2,4,1.83,3.4,4.5,1.87,3.55,4.8,1.85,3.5,4.33,,,,1.9,3.5,4.75,45,1.91,1.84,3.65,3.47,4.9,4.41,43,2.25,2.09,1.8,1.72,26,-0.5,1.88,1.84,2.06,2.01
0,1,0,0,2.1,3.6,3.75,2.15,3.2,3.3,2.1,3.1,3.2,2.1,3.4,3.3,2.09,3.54,3.78,2.2,3.2,3.4,,,,2.1,3.5,3.6,45,2.2,2.09,3.6,3.4,3.78,3.45,44,2.02,1.86,2.01,1.92,26,-0.25,1.89,1.8,2.14,2.06
1,2,0,1,2.75,3.6,2.6,2.65,3.2,2.55,2.7,3.1,2.4,2.5,3.5,2.6,2.79,3.56,2.63,2.75,3.6,2.4,,,,2.75,3.6,2.6,45,2.88,2.69,3.6,3.44,2.7,2.52,39,1.75,1.67,2.23,2.16,26,0,2.05,1.97,1.92,1.85
1,1,1,0,2.75,3.3,2.8,2.45,3.2,2.75,2.5,3.1,2.6,2.6,3.25,2.62,2.75,3.24,2.83,2.8,2.87,2.8,,,,2.7,3.25,2.88,47,2.8,2.62,3.35,3.18,2.88,2.74,41,2.37,2.23,1.72,1.64,26,0,1.92,1.85,2.03,1.96
0,3,0,0,2.2,3.5,3.5,2.15,3.25,3.25,2.1,3.1,3.2,2.15,3.4,3.2,2.16,3.51,3.6,2.2,3.3,3.3,,,,2.25,3.4,3.4,45,2.25,2.15,3.55,3.36,3.61,3.36,44,1.98,1.91,1.96,1.87,26,-0.25,1.93,1.87,2.04,1.97
2,1,1,0,3.1,3.5,2.4,2.9,3.3,2.3,3,3.1,2.2,2.87,3.4,2.37,3.29,3.46,2.34,3.2,3.2,2.3,,,,3.25,3.4,2.3,47,3.3,3.08,3.6,3.32,2.4,2.29,46,1.94,1.84,2.04,1.93,26,0.25,1.94,1.87,2.08,1.97
1,0,0,0,2.3,3.6,3.25,2.2,3.4,3,2.1,3.1,3.2,2.15,3.5,3.1,2.31,3.61,3.22,2.3,3.2,3.2,,,,2.3,3.5,3.2,47,2.34,2.25,3.65,3.39,3.25,3.1,45,1.83,1.76,2.12,2.03,26,-0.25,2.03,1.97,1.94,1.88
2,2,2,0,1.65,4,6,1.57,3.7,5.75,1.55,3.7,5,1.57,3.75,6,1.62,4.14,6.17,1.62,3.6,6,,,,1.65,3.9,6,47,1.67,1.6,4.14,3.82,6.2,5.75,46,1.93,1.84,2.05,1.94,27,-1,2.11,2.05,1.89,1.79
4,0,1,0,2.35,3.6,3.1,2.2,3.4,3,2.2,3.1,3,2.3,3.4,2.87,2.3,3.64,3.17,2.38,3.3,2.9,,,,2.38,3.6,3.1,47,2.38,2.28,3.65,3.4,3.25,3.04,46,1.85,1.77,2.12,2.03,26,-0.25,2.04,1.99,1.92,1.86
1,2,0,0,2.05,3.7,3.75,2.05,3.3,3.4,2,3.2,3.3,2.05,3.4,3.5,2.01,3.72,3.95,2.05,3.3,3.6,,,,2.05,3.5,3.8,47,2.11,2.01,3.75,3.46,3.95,3.63,46,1.89,1.81,2.06,1.96,26,-0.5,2.03,1.98,1.91,1.86
0,1,0,0,3.1,3.3,2.5,2.7,3.3,2.45,2.8,3.1,2.3,2.9,3.2,2.37,3.27,3.33,2.39,3,3,2.5,,,,3.25,3.3,2.4,44,3.27,3.03,3.35,3.18,2.5,2.37,41,2.27,2.16,1.74,1.67,24,0.25,1.88,1.82,2.1,2.03
2,0,1,0,4.1,3.75,1.95,3.9,3.5,1.85,3.8,3.2,1.85,3.8,3.6,1.9,4.3,3.67,1.93,4,3.3,1.95,,,,4.2,3.6,1.92,47,4.3,4.01,3.75,3.5,2,1.9,46,1.9,1.81,2.1,1.97,26,0.5,2.02,1.96,1.95,1.88
1,1,0,0,1.91,3.75,4.33,1.8,3.5,4.25,1.8,3.2,4,1.85,3.5,4.2,1.86,3.71,4.7,1.91,3.3,4.2,,,,1.87,3.75,4.4,47,1.95,1.86,3.8,3.49,4.7,4.24,46,2.04,1.93,1.95,1.85,26,-0.5,1.92,1.84,2.07,2.01
1,2,1,2,1.7,4,5.5,1.67,3.6,5,1.6,3.6,4.8,1.66,3.75,5,1.69,3.95,5.64,1.7,3.4,5.5,,,,1.7,3.8,5.5,47,1.73,1.65,4,3.71,5.7,5.3,46,1.89,1.79,2.1,1.99,25,-0.75,1.91,1.85,2.08,2
1,1,0,0,1.8,3.75,5,1.75,3.5,4.5,1.7,3.4,4.3,1.75,3.5,5,1.76,3.9,5.16,1.8,3.5,4.5,,,,1.8,3.8,5,47,1.83,1.74,3.9,3.59,5.25,4.77,45,2.22,2.03,1.87,1.76,26,-0.75,2.04,1.97,1.92,1.87
2,1,1,1,2.75,3.2,2.88,2.55,3.2,2.7,2.5,3.1,2.6,2.5,3.25,2.75,2.74,3.2,2.91,2.7,3.1,2.7,,,,2.7,3.25,2.88,47,2.78,2.63,3.3,3.15,2.91,2.75,37,2.52,2.35,1.66,1.55,27,0,1.93,1.86,2.02,1.95
0,1,0,1,2.1,3.6,3.7,2.05,3.3,3.4,2,3.2,3.3,2.1,3.4,3.4,2.14,3.54,3.64,2.1,3.3,3.5,,,,2.15,3.5,3.5,47,2.16,2.09,3.65,3.4,3.75,3.45,46,1.9,1.83,2.06,1.95,25,-0.25,1.86,1.81,2.11,2.04
0,5,0,3,2.25,3.6,3.25,2.2,3.3,3.1,2.2,3.1,3,2.25,3.5,3.2,2.28,3.73,3.18,2.25,3.6,3,,,,2.25,3.6,3.2,47,2.3,2.23,3.72,3.47,3.35,3.11,42,1.7,1.64,2.33,2.22,27,-0.25,1.99,1.93,1.97,1.91
1,2,1,1,2,3.6,4,1.83,3.4,4.2,1.9,3.2,3.6,1.85,3.5,4.2,2.01,3.6,4.01,2,3.2,4,,,,2,3.5,4,47,2.03,1.95,3.6,3.41,4.4,3.9,45,2.05,1.95,1.92,1.83,26,-0.5,2.01,1.96,1.92,1.88
1,0,0,0,3,3.4,2.5,3,3.25,2.3,2.8,3.1,2.3,2.87,3.2,2.5,3.07,3.34,2.5,2.8,3.2,2.5,,,,3,3.3,2.55,46,3.1,2.91,3.4,3.24,2.55,2.43,44,2.25,2.15,1.74,1.68,26,0.25,1.81,1.76,2.18,2.1
0,0,0,0,1.91,3.6,4.5,1.75,3.4,4.6,1.85,3.2,3.8,1.83,3.4,4.33,1.91,3.62,4.44,1.91,3.3,4.2,,,,1.87,3.5,4.4,47,1.94,1.86,3.7,3.45,4.75,4.23,46,2.06,1.98,1.9,1.8,26,-0.5,1.92,1.87,2.03,1.97
3,0,3,0,1.85,3.8,4.5,1.75,3.5,4.4,1.8,3.2,4,1.85,3.6,4.2,1.9,3.76,4.31,1.91,3.3,4.2,,,,1.9,3.6,4.33,47,1.93,1.85,3.8,3.52,4.7,4.19,45,1.91,1.83,2.08,1.95,26,-0.5,1.9,1.86,2.04,1.98
2,1,1,0,2.5,3.6,2.9,2.45,3.2,2.75,2.3,3.1,2.8,2.5,3.5,2.7,2.44,3.57,2.98,2.5,3.2,2.8,,,,2.45,3.5,3,47,2.56,2.41,3.6,3.37,3,2.85,45,1.83,1.75,2.13,2.05,26,-0.25,2.2,2.08,1.85,1.79
4,1,3,1,1.85,3.75,4.5,1.8,3.4,4.25,1.8,3.2,4,1.85,3.5,4.33,1.83,3.7,4.7,1.85,3.3,4.5,,,,1.85,3.7,4.6,47,1.88,1.81,3.75,3.5,4.9,4.45,46,2.06,1.98,1.9,1.8,25,-0.5,1.85,1.8,2.12,2.05
1,5,0,4,3.4,3.4,2.3,3.1,3.25,2.2,3,3.1,2.2,3.1,3.3,2.3,3.3,3.28,2.4,3.2,3.2,2.3,,,,3.3,3.3,2.38,47,3.4,3.18,3.4,3.24,2.4,2.27,43,2.3,2.17,1.75,1.66,26,0.25,1.9,1.85,2.05,1.99
1,1,0,1,1.73,3.75,5.5,1.65,3.6,5,1.65,3.5,4.5,1.72,3.5,5,1.69,3.74,6.01,1.73,3.3,5.5,,,,1.7,3.75,5.75,47,1.75,1.67,3.85,3.58,6.01,5.38,44,2.2,2.09,1.82,1.72,26,-0.75,1.94,1.87,2.02,1.97
0,0,0,0,2.15,3.6,3.5,2.1,3.25,3.4,2,3.2,3.3,2.1,3.5,3.4,2.17,3.6,3.5,2.2,3.3,3.3,,,,2.15,3.5,3.5,47,2.2,2.1,3.6,3.4,3.65,3.41,45,1.87,1.79,2.1,2,25,-0.25,1.89,1.82,2.08,2.02
0,1,0,1,2.8,3.4,2.7,2.6,3.2,2.6,2.55,3.1,2.55,2.7,3.2,2.7,2.74,3.37,2.75,2.7,3.1,2.7,,,,2.8,3.3,2.75,47,2.82,2.66,3.4,3.23,2.77,2.65,45,2.19,2.09,1.8,1.72,27,0,1.97,1.91,1.97,1.9
1,2,1,0,3.1,3.5,2.4,2.8,3.25,2.4,2.8,3.1,2.3,3,3.3,2.37,3.05,3.47,2.45,3.1,3.1,2.4,,,,2.9,3.4,2.5,47,3.1,2.93,3.55,3.31,2.5,2.39,45,1.92,1.81,2.08,1.97,26,0.25,1.82,1.79,2.12,2.07
0,1,0,1,2,3.6,4,1.9,3.3,4,1.9,3.2,3.6,2,3.5,3.75,2.05,3.48,4.06,1.91,3.5,4,,,,2.05,3.5,4,48,2.08,1.98,3.6,3.4,4.15,3.83,45,2.2,2.12,1.78,1.7,27,-0.5,2.05,1.98,1.91,1.85
6,1,4,1,2.5,3.4,3,2.5,3.25,2.7,2.4,3.1,2.7,2.5,3.3,2.8,2.59,3.37,2.92,2.5,3.2,2.8,,,,2.6,3.4,2.9,47,2.6,2.48,3.45,3.28,3,2.81,46,1.96,1.89,1.98,1.89,28,0,1.87,1.8,2.09,2.03
0,0,0,0,2.7,3.4,2.8,2.75,3.2,2.5,2.5,3.1,2.6,2.7,3.25,2.62,2.72,3.26,2.85,2.7,3.1,2.7,,,,2.75,3.3,2.8,48,2.77,2.62,3.4,3.24,2.88,2.7,46,2.13,2.01,1.88,1.77,29,0,1.92,1.87,2.03,1.95
5,3,3,1,1.75,3.9,5,1.72,3.7,4.4,1.7,3.4,4.3,1.75,3.75,4.33,1.77,3.9,4.94,1.8,3.25,5,,,,1.8,3.75,5,47,1.8,1.73,3.9,3.64,5.2,4.71,45,2.02,1.92,1.97,1.86,26,-0.75,2.01,1.96,1.95,1.89
3,1,1,1,2.3,3.6,3.2,2.25,3.3,3,2.2,3.1,3,2.3,3.4,3,2.37,3.61,3.07,2.3,3.2,3.2,,,,2.38,3.6,3.1,47,2.38,2.28,3.65,3.39,3.2,3.05,45,1.83,1.74,2.15,2.06,26,-0.25,2.05,1.97,1.93,1.87
2,2,1,1,1.95,3.6,4.2,1.9,3.25,4.1,1.8,3.2,4,1.95,3.5,3.8,2.05,3.48,4,2.05,3.2,3.8,,,,2.05,3.4,4.1,48,2.05,1.97,3.6,3.36,4.2,3.89,38,2.38,2.26,1.68,1.6,27,-0.5,2.05,1.98,1.9,1.86
0,1,0,0,2.6,3.6,2.75,2.5,3.3,2.65,2.5,3.1,2.6,2.6,3.3,2.7,2.69,3.56,2.69,2.7,3.1,2.7,,,,2.7,3.4,2.75,48,2.72,2.58,3.6,3.36,2.78,2.65,45,1.81,1.73,2.17,2.08,29,0,1.97,1.89,1.98,1.92
2,0,1,0,2.25,3.5,3.4,2.2,3.25,3.1,2.2,3.1,3,2.25,3.4,3.1,2.17,3.53,3.55,2.25,3.2,3.2,,,,2.25,3.4,3.5,48,2.32,2.2,3.53,3.33,3.55,3.27,46,2.13,2.03,1.87,1.76,27,-0.25,1.97,1.89,2.04,1.95
5,0,0,0,1.73,4,5,1.7,3.6,4.6,1.65,3.5,4.5,1.72,3.6,5,1.69,4.09,5.31,1.73,3.5,5,,,,1.75,3.75,5.25,47,1.77,1.68,4.1,3.73,5.5,5.01,45,1.83,1.77,2.12,2.02,26,-0.75,1.92,1.87,2.04,1.97
0,0,0,0,2.9,3.4,2.6,2.7,3.25,2.5,2.7,3.1,2.4,2.8,3.3,2.5,2.88,3.45,2.58,2.8,3.1,2.62,,,,2.88,3.4,2.62,47,2.94,2.78,3.45,3.3,2.65,2.51,46,2.02,1.92,1.97,1.86,28,0,2.09,2.01,1.86,1.81
0,1,0,0,2.3,3.5,3.3,2.25,3.2,3.1,2.2,3.1,3,2.25,3.3,3.2,2.27,3.49,3.35,2.3,3.2,3.2,,,,2.3,3.5,3.3,48,2.36,2.25,3.5,3.33,3.35,3.16,47,2.1,1.98,1.88,1.8,27,-0.25,2.02,1.93,1.97,1.91
2,1,1,1,2.1,3.5,3.75,2.1,3.3,3.3,2.1,3.1,3.2,2.05,3.4,3.5,2.12,3.53,3.69,2.1,3.3,3.5,,,,2.15,3.5,3.6,47,2.18,2.09,3.58,3.4,3.8,3.47,46,2.02,1.94,1.94,1.84,26,-0.25,1.88,1.82,2.08,2.03
0,1,0,0,2.15,3.4,3.75,2.1,3.3,3.3,2.1,3.1,3.2,2.15,3.25,3.4,2.13,3.48,3.79,2.15,3.2,3.5,,,,2.15,3.4,3.7,48,2.22,2.12,3.47,3.3,3.78,3.48,46,2.29,2.16,1.74,1.67,28,-0.25,1.89,1.83,2.09,2.01
2,0,2,0,1.73,3.9,5.25,1.65,3.6,5,1.7,3.4,4.3,1.75,3.6,4.5,1.7,3.89,5.51,1.75,3.4,5,,,,1.7,3.75,5.25,47,1.77,1.69,4,3.69,5.51,4.96,46,1.98,1.9,1.96,1.87,26,-0.75,1.94,1.87,2.03,1.97
1,6,0,2,5.75,3.8,1.7,4.75,3.8,1.65,4.5,3.5,1.65,5,3.75,1.66,5.54,3.92,1.69,5,3.5,1.73,,,,5.5,3.8,1.73,47,5.75,5.1,3.95,3.7,1.73,1.67,46,1.96,1.87,2,1.91,26,0.75,2.04,1.98,1.92,1.86
2,3,0,3,2.4,3.5,3.1,2.25,3.3,3,2.2,3.1,3,2.4,3.3,2.9,2.44,3.46,3.06,2.4,3.1,3.1,,,,2.45,3.4,3,47,2.45,2.34,3.5,3.3,3.15,2.99,46,1.9,1.83,2.05,1.95,26,-0.25,2.1,2.05,1.87,1.81
2,2,1,0,2.3,3.5,3.3,2.1,3.4,3.2,2.1,3.1,3.2,2.2,3.3,3.25,2.31,3.54,3.22,2.3,3.2,3.2,,,,2.3,3.4,3.25,48,2.34,2.23,3.55,3.35,3.4,3.17,47,1.94,1.86,2,1.92,27,-0.25,2,1.94,1.95,1.9
4,0,2,0,2.25,3.5,3.4,2.1,3.3,3.3,2.1,3.1,3.2,2.2,3.3,3.3,2.23,3.51,3.44,2.25,3.3,3.2,,,,2.25,3.4,3.4,47,2.28,2.19,3.5,3.35,3.5,3.25,46,1.99,1.91,1.94,1.87,26,-0.25,1.94,1.89,2.02,1.95
0,1,0,0,2.25,3.6,3.3,2.15,3.4,3.1,2.1,3.1,3.2,2.25,3.3,3.2,2.23,3.67,3.29,2.25,3.3,3.2,,,,2.3,3.4,3.3,47,2.31,2.18,3.72,3.41,3.35,3.2,46,1.85,1.76,2.16,2.04,26,-0.25,1.98,1.9,2.01,1.94
2,0,2,0,2.9,3.4,2.6,2.55,3.4,2.55,2.7,3.1,2.4,2.7,3.25,2.6,3,3.25,2.6,2.8,3.1,2.62,,,,3,3.3,2.6,47,3,2.85,3.4,3.19,2.64,2.5,42,2.35,2.22,1.75,1.64,28,0,2.13,2.05,1.83,1.78
1,1,1,0,1.73,3.9,5.25,1.65,3.6,5,1.7,3.4,4.3,1.75,3.6,4.75,1.7,3.88,5.56,1.75,3.4,5,,,,1.75,3.75,5.25,48,1.77,1.7,3.9,3.68,5.56,4.93,47,1.99,1.87,2,1.9,27,-0.75,1.95,1.91,1.99,1.93
0,1,0,0,2.7,3.4,2.75,2.5,3.3,2.65,2.55,3.1,2.55,2.7,3.2,2.6,2.61,3.52,2.8,2.7,3.1,2.7,,,,2.75,3.4,2.7,47,2.75,2.61,3.52,3.28,2.8,2.66,45,1.85,1.75,2.13,2.04,28,0,1.93,1.88,2.02,1.94
1,2,0,1,1.95,3.4,4.5,1.8,3.5,4.25,1.9,3.2,3.6,1.9,3.4,4,1.95,3.46,4.43,1.95,3.3,4,,,,1.95,3.5,4.4,47,1.98,1.9,3.5,3.36,4.7,4.17,38,2.32,2.19,1.7,1.63,26,-0.5,1.97,1.91,1.98,1.92
1,1,0,1,2.25,3.4,3.5,2.05,3.4,3.3,2.1,3.1,3.2,2.2,3.3,3.3,2.27,3.35,3.5,2.25,3.2,3.3,,,,2.25,3.4,3.5,47,2.28,2.18,3.4,3.29,3.6,3.34,43,2.29,2.19,1.73,1.65,26,-0.25,1.95,1.89,2,1.95
0,4,0,2,3.25,3.6,2.25,3.2,3.2,2.2,3.2,3.1,2.1,3.2,3.3,2.2,3.4,3.5,2.25,3.3,3.3,2.2,,,,3.3,3.4,2.3,47,3.4,3.23,3.6,3.34,2.3,2.2,46,1.9,1.81,2.05,1.97,27,0.25,2,1.93,1.98,1.91
2,1,0,1,2.75,3.4,2.7,2.65,3.25,2.55,2.4,3.1,2.7,2.5,3.3,2.75,2.77,3.3,2.77,2.5,3.2,2.8,,,,2.7,3.4,2.75,47,2.77,2.61,3.45,3.24,2.8,2.69,46,2.04,1.93,1.93,1.85,29,0,1.96,1.89,2.04,1.93
2,0,1,0,1.67,4.2,5.25,1.62,3.9,4.75,1.65,3.5,4.5,1.7,3.6,5,1.67,4.23,5.3,1.61,3.8,5.5,,,,1.67,4,5.2,47,1.7,1.64,4.23,3.88,5.5,5.07,42,1.65,1.57,2.53,2.36,27,-1,2.22,2.08,1.84,1.76
2,4,0,3,2.45,3.5,3,2.3,3.25,2.95,2.2,3.1,3,2.3,3.3,3.1,2.4,3.5,3.03,2.3,3.2,3.1,,,,2.4,3.4,3.2,47,2.45,2.33,3.55,3.31,3.2,3,46,1.9,1.81,2.06,1.97,27,-0.25,2.1,2.03,1.88,1.82
2,2,1,2,2.15,3.5,3.6,2.05,3.2,3.6,2,3.2,3.3,2.2,3.25,3.25,2.18,3.41,3.64,2.1,3.3,3.5,,,,2.15,3.4,3.75,47,2.2,2.11,3.5,3.29,3.75,3.49,44,2.28,2.18,1.74,1.66,27,-0.25,1.9,1.84,2.08,2.01
1,1,0,1,3.2,3.3,2.45,2.95,3.1,2.4,2.6,3.1,2.5,2.75,3.25,2.5,3.24,3.35,2.4,3,3.25,2.37,,,,3.2,3.4,2.4,47,3.25,3.03,3.4,3.2,2.52,2.38,44,2.26,2.15,1.76,1.68,27,0.25,1.87,1.82,2.16,2.03
0,2,0,1,2.9,3.3,2.63,2.7,3.1,2.6,2.5,3.1,2.6,2.62,3.3,2.62,2.92,3.3,2.63,2.87,3.2,2.5,,,,3,3.3,2.6,47,3,2.78,3.35,3.19,2.75,2.57,44,2.26,2.15,1.77,1.68,29,0,2.1,2.01,1.88,1.81
3,0,0,0,1.85,3.6,4.75,1.8,3.4,4.4,1.85,3.2,3.8,1.83,3.4,4.33,1.83,3.72,4.8,1.8,3.5,4.5,,,,1.87,3.6,4.75,47,1.88,1.82,3.72,3.45,4.9,4.46,45,2.16,2.08,1.83,1.73,27,-0.5,1.9,1.82,2.11,2.03
6,1,2,0,1.6,4.2,6,1.57,3.75,5.75,1.6,3.6,4.8,1.62,3.75,5.5,1.58,4.29,6.2,1.6,4,5.5,,,,1.57,4.1,6.5,47,1.63,1.57,4.3,3.92,6.5,5.85,46,1.92,1.86,2.01,1.92,31,-1,2.06,1.96,1.94,1.86
2,2,0,1,2.4,3.5,3.1,2.35,3.4,2.8,2.2,3.1,3,2.38,3.4,2.88,2.43,3.53,3.02,2.4,3.1,3.1,,,,2.5,3.4,3,47,2.5,2.36,3.53,3.3,3.15,2.98,46,1.99,1.88,2.01,1.9,27,-0.25,2.1,2.04,1.87,1.81
1,0,1,0,1.7,3.9,5.5,1.65,3.7,5,1.65,3.5,4.5,1.67,3.7,5,1.66,3.98,5.86,1.61,3.8,5.5,,,,1.7,3.8,5.75,47,1.71,1.64,3.98,3.71,5.9,5.45,46,2.08,1.96,1.9,1.82,27,-0.75,1.88,1.83,2.09,2.01
0,1,0,0,2.05,3.6,3.8,2,3.4,3.5,1.9,3.2,3.8,1.91,3.4,3.75,2.07,3.68,3.68,2.05,3.4,3.5,,,,2.1,3.6,3.7,46,2.12,2,3.68,3.47,3.8,3.62,45,1.88,1.8,2.08,1.99,27,-0.5,2.1,2.01,1.88,1.83
0,0,0,0,3,3.4,2.5,2.7,3.2,2.5,2.6,3.1,2.5,2.7,3.4,2.5,3,3.38,2.5,2.8,3.2,2.5,,,,3,3.4,2.5,46,3.07,2.86,3.4,3.25,2.6,2.45,44,2.1,2,1.89,1.79,26,0,2.14,2.06,1.83,1.77
1,1,0,0,3.1,3.5,2.4,2.95,3.25,2.3,2.8,3.1,2.3,2.75,3.4,2.4,3.1,3.41,2.45,3.1,3.1,2.4,,,,3.13,3.4,2.45,46,3.15,3,3.5,3.27,2.46,2.34,44,2.11,2.01,1.93,1.78,25,0.25,1.86,1.81,2.1,2.04
2,4,1,2,2.5,3.4,3,2.4,3.3,2.75,2.4,3.1,2.7,2.4,3.4,2.8,2.54,3.49,2.9,2.5,3.2,2.8,,,,2.5,3.4,2.9,46,2.54,2.43,3.5,3.31,3.05,2.84,44,1.94,1.85,2.01,1.93,28,0,1.83,1.76,2.17,2.06
2,1,1,1,2.25,3.5,3.4,2.2,3.4,3,2.2,3.1,3,2.3,3.4,3,2.22,3.53,3.41,2.25,3.2,3.3,,,,2.25,3.4,3.3,46,2.32,2.2,3.6,3.36,3.41,3.19,44,2,1.85,2.05,1.94,27,-0.25,1.99,1.91,2,1.92
0,2,0,2,4.2,3.6,1.95,3.6,3.5,1.95,3.6,3.2,1.9,3.25,3.5,2,4.15,3.72,1.94,4,3.3,1.95,,,,3.9,3.5,1.95,46,4.2,3.86,3.75,3.49,2.01,1.92,44,1.95,1.86,2,1.92,23,0.5,2,1.91,1.98,1.93
1,3,0,3,1.83,3.75,4.75,1.85,3.5,3.9,1.8,3.2,4,1.83,3.5,4.33,1.81,3.79,4.79,1.85,3.3,4.5,,,,1.83,3.5,4.5,46,1.88,1.79,3.85,3.56,4.8,4.43,44,1.96,1.87,2.01,1.91,27,-0.75,2.07,2.02,1.87,1.83
2,1,2,0,3.5,3.5,2.2,3.25,3.4,2.1,3.2,3.1,2.1,3.3,3.4,2.1,3.55,3.5,2.19,3.3,3.3,2.2,,,,3.5,3.4,2.25,46,3.7,3.33,3.5,3.36,2.25,2.14,44,2.04,1.95,1.92,1.83,27,0.25,2.04,1.97,1.92,1.87
2,1,1,0,2.2,3.6,3.4,2.25,3.3,3,2.1,3.1,3.2,2.25,3.4,3.1,2.19,3.65,3.4,2.25,3.2,3.3,,,,2.25,3.4,3.3,46,2.3,2.19,3.65,3.41,3.4,3.16,44,1.96,1.82,2.06,1.97,27,-0.25,1.98,1.91,2,1.93
0,2,0,0,2.15,3.6,3.6,2.05,3.3,3.4,2.1,3.1,3.2,2.1,3.4,3.3,2.2,3.49,3.52,2.15,3.3,3.4,,,,2.2,3.4,3.6,44,2.22,2.12,3.6,3.35,3.85,3.35,42,2.08,1.95,1.92,1.82,25,-0.25,1.89,1.85,2.06,1.99
2,0,1,0,1.5,4.5,7.5,1.45,4.2,6.5,1.45,3.9,6,1.53,4,6,1.49,4.5,7.54,1.5,4,4.8,,,,1.5,4.3,7.5,42,1.53,1.46,4.6,4.16,8,6.93,40,1.85,1.77,2.14,2.02,26,-1,1.83,1.75,2.17,2.08
3,0,1,0,1.62,4,6.5,1.55,3.7,6,1.55,3.7,5,1.57,3.75,6,1.61,4.01,6.5,1.53,3.6,5,,,,1.62,3.8,6.25,42,1.63,1.56,4.01,3.76,8,6.07,40,2.07,1.99,1.92,1.79,28,-1,2.11,2.04,1.95,1.8
0,1,0,0,2.05,3.6,3.8,2,3.4,3.5,2,3.2,3.3,2.1,3.4,3.4,2.04,3.41,4.14,2,3.4,3,,,,2.1,3.4,3.75,42,2.15,2.02,3.6,3.34,4.15,3.65,39,2.31,2.13,1.8,1.69,24,-0.5,2.08,2.02,1.88,1.82
3,1,2,1,2.5,3.4,3,2.4,3.3,2.75,2.2,3.1,3,2.4,3.3,2.87,2.62,3.32,2.93,2.62,3.1,2.8,,,,2.6,3.4,2.88,46,2.63,2.5,3.4,3.23,3,2.81,44,2.15,2.05,1.8,1.74,29,0,1.9,1.81,2.1,2.01
1,0,1,0,3,3.3,2.6,2.7,3.25,2.5,2.7,3.1,2.4,2.8,3.1,2.6,2.99,3.27,2.6,2.8,3.1,2.62,,,,2.9,3.3,2.62,46,3.01,2.84,3.3,3.17,2.65,2.52,37,2.35,2.23,1.7,1.62,27,0,2.11,2.03,1.87,1.8
1,1,0,1,2.05,3.6,3.8,1.95,3.4,3.7,1.9,3.2,3.6,2.05,3.25,3.75,2.03,3.5,4.07,2.05,3.3,3.75,,,,2.1,3.5,3.8,46,2.1,2.01,3.6,3.35,4.07,3.71,42,2.19,2.07,1.8,1.72,25,-0.5,2.08,2.02,1.89,1.81
1,2,1,1,2,3.8,3.8,1.91,3.4,3.8,1.9,3.2,3.6,1.95,3.4,3.8,2.03,3.73,3.79,2.05,3.3,3.75,,,,2.05,3.7,3.75,46,2.05,1.98,3.8,3.47,4,3.69,44,1.83,1.75,2.15,2.04,27,-0.5,2.03,1.98,1.9,1.85
1,0,0,0,2,3.75,3.9,1.91,3.6,3.6,1.85,3.2,3.8,2,3.6,3.6,1.98,3.82,3.88,2,3.25,4,,,,2,3.8,3.8,46,2.04,1.95,3.82,3.54,4,3.72,42,1.84,1.72,2.19,2.08,25,-0.5,1.99,1.94,1.94,1.89
1,0,1,0,2.2,3.6,3.4,2.15,3.25,3.3,2,3.2,3.3,2.2,3.4,3.2,2.22,3.6,3.36,2.2,3.3,3.3,,,,2.2,3.6,3.3,46,2.26,2.15,3.6,3.4,3.55,3.26,41,1.78,1.7,2.2,2.12,24,-0.25,1.93,1.88,2.01,1.95
0,1,0,0,3.4,3.3,2.35,3.2,3.2,2.2,2.8,3.1,2.3,3.1,3.2,2.37,3.47,3.31,2.3,3.4,3,2.3,,,,3.4,3.3,2.38,46,3.5,3.24,3.31,3.17,2.42,2.27,36,2.38,2.3,1.67,1.58,24,0.25,1.95,1.89,2.06,1.94
3,1,0,0,2.8,3.5,2.63,2.55,3.25,2.6,2.6,3.1,2.5,2.62,3.3,2.6,2.73,3.56,2.65,2.7,3.1,2.7,,,,2.7,3.5,2.7,46,2.82,2.67,3.56,3.31,2.7,2.58,43,1.85,1.78,2.12,2,27,0,2.01,1.93,1.93,1.87
0,1,0,0,2.63,3.4,2.88,2.5,3.3,2.65,2.55,3.1,2.55,2.62,3.1,2.8,2.62,3.4,2.85,2.62,3.1,2.8,,,,2.62,3.4,2.8,46,2.68,2.55,3.43,3.27,2.88,2.74,45,2.03,1.92,1.96,1.86,27,0,1.91,1.84,2.04,1.97
0,2,0,1,2.15,3.5,3.6,2.05,3.2,3.6,2,3.2,3.3,2.15,3.3,3.4,2.16,3.51,3.6,2.2,3.3,3.3,,,,2.2,3.4,3.6,46,2.2,2.11,3.51,3.33,3.69,3.45,42,2.14,2.05,1.82,1.74,24,-0.25,1.89,1.82,2.09,2.02
0,0,0,0,3.25,3.4,2.35,3.25,3.25,2.15,3.2,3.1,2.1,3.2,3.3,2.3,3.29,3.27,2.41,3.1,3.1,2.4,,,,3.2,3.3,2.45,46,3.35,3.16,3.4,3.21,2.45,2.29,40,2.32,2.21,1.73,1.64,24,0.25,1.9,1.85,2.05,1.99
0,1,0,0,2.15,3.5,3.6,2.05,3.3,3.4,2,3.2,3.3,2.15,3.4,3.3,2.17,3.56,3.53,2.2,3.3,3.3,,,,2.2,3.5,3.5,44,2.2,2.12,3.56,3.36,3.65,3.37,43,2.02,1.92,1.94,1.85,24,-0.25,1.91,1.86,2.05,1.98
0,1,0,1,2.15,3.5,3.6,2.05,3.3,3.5,2.1,3.1,3.2,2.15,3.3,3.25,2.21,3.51,3.48,2.2,3.3,3.3,,,,2.2,3.5,3.5,48,2.25,2.13,3.51,3.33,3.6,3.33,45,2.05,1.94,1.93,1.84,25,-0.25,1.93,1.88,2.02,1.96
1,2,1,0,1.73,4,5,1.72,3.7,4.4,1.75,3.3,4.2,1.72,3.5,5,1.72,3.92,5.24,1.73,3.6,5,,,,1.7,4,5.4,48,1.76,1.67,4.02,3.7,5.75,5.03,45,1.93,1.85,2,1.92,25,-0.75,1.9,1.85,2.05,1.98
2,1,0,0,2.63,3.4,2.88,2.4,3.3,2.75,2.4,3.1,2.7,2.5,3.4,2.75,2.65,3.51,2.76,2.7,3.1,2.7,,,,2.62,3.5,2.75,48,2.7,2.51,3.44,3.29,3,2.74,45,1.97,1.85,2,1.92,28,0,1.92,1.85,2.03,1.96
1,1,0,1,2.6,3.4,2.9,2.5,3.25,2.7,2.4,3.1,2.7,2.4,3.25,2.9,2.58,3.3,2.99,2.6,3.1,2.8,,,,2.5,3.4,3,48,2.6,2.46,3.4,3.22,3,2.84,44,2.19,2.1,1.8,1.7,28,0,1.83,1.77,2.15,2.05
2,0,0,0,1.67,4,5.75,1.57,3.8,5.5,1.6,3.6,4.8,1.61,3.75,5.5,1.67,3.99,5.72,1.67,3.6,5.5,,,,1.7,4,5.5,48,1.7,1.64,4,3.74,5.8,5.29,45,1.91,1.83,2.03,1.94,25,-1,2.24,2.14,1.77,1.71
1,3,1,2,3.6,3.4,2.2,3.3,3.3,2.1,3,3.1,2.2,3.25,3.3,2.2,3.53,3.43,2.22,3.6,3.2,2.15,,,,3.6,3.4,2.2,48,3.65,3.37,3.43,3.28,2.25,2.15,40,2.25,2.12,1.78,1.68,25,0.25,2.06,1.97,1.92,1.87
3,2,3,0,1.57,4,7,1.62,3.7,5.25,1.65,3.5,4.5,1.61,3.8,5.5,1.58,4.19,6.48,1.62,3.6,6,,,,1.6,4.1,6.5,48,1.67,1.57,4.19,3.84,7,5.88,45,1.93,1.84,2.05,1.93,29,-1,2.08,1.98,1.91,1.84
0,2,0,1,4.5,3.8,1.85,3.9,3.6,1.83,3.8,3.2,1.85,3.8,3.6,1.9,4.36,3.81,1.88,4.33,3.3,1.91,,,,4.3,3.8,1.9,48,4.5,4.12,3.81,3.51,1.92,1.85,45,1.87,1.78,2.11,2,26,0.5,2.04,1.97,1.9,1.86
1,2,1,2,2.1,3.4,4,2.1,3.3,3.3,2.1,3.1,3.2,2.1,3.3,3.4,2.06,3.44,4.03,2.15,3.2,3.6,,,,2.1,3.4,4,48,2.15,2.04,3.44,3.3,4.03,3.65,43,2.28,2.17,1.73,1.66,26,-0.5,2.1,2.03,1.86,1.81
5,0,3,0,1.67,4,5.75,1.62,3.7,5.25,1.6,3.6,4.8,1.61,3.75,5.5,1.65,4.11,5.76,1.7,3.5,5.5,,,,1.67,4,5.5,48,1.7,1.62,4.11,3.76,6,5.39,45,1.91,1.82,2.09,1.96,25,-1,2.22,2.1,1.82,1.75
1,1,0,1,2.5,3.4,3,2.2,3.4,3,2.3,3.1,2.8,2.3,3.3,3,2.59,3.36,2.93,2.6,3.1,2.8,,,,2.5,3.4,3,48,2.63,2.44,3.4,3.23,3.1,2.87,44,2.15,2.05,1.83,1.75,28,0,1.85,1.77,2.15,2.05
2,0,0,0,1.53,4.33,7,1.53,3.8,6,1.5,3.8,5.5,1.57,3.8,6,1.52,4.27,7.44,1.57,3.6,7,,,,1.53,4.33,7,48,1.57,1.51,4.33,3.9,7.56,6.63,45,2.05,1.94,1.96,1.83,30,-1,1.95,1.88,2.02,1.93
1,0,1,0,5,4,1.75,4.75,3.7,1.67,4.8,3.6,1.6,4.75,3.75,1.73,5.24,3.95,1.74,5,3.6,1.7,,,,5,3.9,1.75,50,5.5,4.9,4,3.73,1.77,1.7,48,1.91,1.83,2.06,1.95,27,0.75,2,1.94,1.96,1.89
2,1,0,0,1.55,4.2,7,1.55,3.8,5.75,1.55,3.7,5,1.53,4,6.5,1.52,4.29,7.65,1.55,4,6,,,,1.55,4.2,7,50,1.57,1.52,4.28,4.01,7.65,6.55,48,2.01,1.94,1.94,1.85,32,-1,1.93,1.84,2.07,1.98
3,2,3,1,2.7,3.3,2.88,2.45,3.1,2.85,2.6,3,2.6,2.6,3.3,2.6,2.71,3.27,2.87,2.7,3.1,2.7,,,,2.63,3.3,2.9,48,2.7,2.56,3.35,3.17,3,2.78,39,2.32,2.2,1.73,1.63,27,0,1.91,1.83,2.06,1.98
3,2,3,1,2.55,3.5,2.9,2.35,3.3,2.85,2.2,3.1,3,2.4,3.4,2.9,2.55,3.57,2.84,2.5,3.4,2.75,,,,2.6,3.5,2.8,48,2.6,2.46,3.56,3.33,3,2.79,45,1.86,1.79,2.13,1.99,26,0,1.88,1.81,2.1,2.01
1,2,1,1,1.7,4,5.5,1.72,3.5,4.75,1.65,3.5,4.5,1.75,3.8,4.5,1.66,3.98,5.8,1.73,3.3,5.5,,,,1.73,4,5.2,51,1.75,1.67,4,3.75,5.8,5.09,46,1.74,1.66,2.26,2.17,27,-0.75,1.92,1.84,2.07,2
7,2,0,2,1.4,5,9,1.4,4.4,7.25,1.4,4,6.5,1.4,4.5,7.5,1.39,5,9.27,1.4,4.5,8,,,,1.4,5,9,51,1.43,1.38,5,4.61,9.27,8,40,1.74,1.67,2.25,2.13,27,-1.5,2.16,2.09,1.81,1.75
0,1,0,0,2.38,3.4,3.25,2.15,3.3,3.2,2.1,3.1,3.2,2.2,3.3,3.25,2.39,3.38,3.21,2.4,3.1,3.1,,,,2.38,3.4,3.25,51,2.4,2.3,3.4,3.22,3.37,3.14,48,2.17,2.06,1.82,1.73,27,-0.25,2.05,1.98,1.9,1.86
0,0,0,0,1.65,4,6,1.62,3.8,5,1.55,3.7,5,1.61,3.6,6,1.61,4.07,6.36,1.62,3.6,6,,,,1.65,4,6,51,1.67,1.6,4.07,3.77,6.5,5.78,49,2.05,1.97,1.91,1.8,29,-1,2.18,2.06,1.84,1.78
2,0,0,0,1.83,3.8,4.6,1.72,3.6,4.6,1.75,3.3,4.2,1.83,3.5,4.33,1.83,3.85,4.68,1.83,3.4,4.5,,,,1.83,3.8,4.6,50,1.88,1.8,3.85,3.58,4.75,4.4,48,1.91,1.82,2.05,1.95,25,-0.5,1.85,1.8,2.11,2.04
0,0,0,0,3.1,3.4,2.45,2.9,3.25,2.35,2.7,3.1,2.4,2.88,3.4,2.38,3.12,3.38,2.48,3.2,3.2,2.3,,,,3,3.4,2.5,50,3.2,2.98,3.4,3.26,2.5,2.39,48,2.21,2.11,1.8,1.7,26,0.25,1.85,1.8,2.14,2.06
4,2,3,0,2.5,3.4,3,2.5,3.2,2.75,2.4,3.1,2.7,2.55,3.3,2.7,2.5,3.4,3.07,2.5,3.2,2.9,,,,2.6,3.4,2.9,50,2.6,2.45,3.4,3.25,3.07,2.89,48,2.18,2.08,1.79,1.72,27,0,1.81,1.74,2.17,2.09
0,0,0,0,2.1,3.5,3.8,2.1,3.3,3.3,2.1,3.1,3.2,2.05,3.4,3.6,2.15,3.46,3.75,2.15,3.1,3.6,,,,2.15,3.5,3.6,51,2.18,2.09,3.5,3.33,3.8,3.55,50,2.14,1.99,1.89,1.79,28,-0.5,2.15,2.08,1.82,1.77
2,0,1,0,1.85,3.9,4.33,1.85,3.6,3.8,1.85,3.2,3.8,1.85,3.8,3.8,1.88,3.9,4.33,1.83,3.8,4,,,,1.87,3.9,4.3,50,1.92,1.84,3.9,3.68,4.33,4.07,44,1.71,1.64,2.34,2.2,27,-0.5,1.88,1.83,2.09,2
0,0,0,0,3.4,3.6,2.2,3.4,3.4,2.05,3.3,3.2,2,3.3,3.4,2.2,3.44,3.55,2.21,3.4,3.1,2.25,,,,3.5,3.6,2.15,47,3.5,3.33,3.6,3.39,2.28,2.13,44,1.84,1.77,2.12,2.01,23,0.25,2.05,1.99,1.96,1.85
2,1,1,0,1.95,3.6,4.2,1.95,3.4,3.7,1.9,3.2,3.6,1.95,3.5,3.75,1.94,3.66,4.22,1.95,3.4,4,,,,1.95,3.6,4,47,2,1.92,3.66,3.46,4.33,3.9,45,1.83,1.75,2.17,2.04,24,-0.5,1.95,1.91,1.98,1.92
1,0,0,0,4.75,3.6,1.85,4.1,3.4,1.85,4.2,3.3,1.75,4.33,3.6,1.8,4.73,3.53,1.88,4.5,3.4,1.85,,,,4.75,3.6,1.87,47,4.8,4.46,3.6,3.44,1.91,1.81,44,2.22,2.08,1.8,1.72,24,0.5,2.08,2.01,1.89,1.83
2,2,2,1,2.88,3.3,2.7,2.65,3.3,2.5,2.4,3.1,2.7,2.62,3.25,2.62,2.81,3.31,2.72,2.8,3,2.7,,,,2.88,3.3,2.7,47,2.88,2.72,3.35,3.19,2.75,2.6,44,2.21,2.1,1.77,1.7,26,0,2.02,1.94,1.94,1.87
0,1,0,1,3,3.4,2.5,2.85,3.2,2.4,2.8,3.1,2.3,2.87,3.3,2.5,3.05,3.32,2.53,2.9,3.2,2.5,,,,3,3.4,2.5,48,3.05,2.92,3.4,3.25,2.55,2.41,46,2.04,1.94,1.94,1.84,24,0.25,1.81,1.76,2.16,2.09
0,2,0,2,3.5,3.5,2.2,3.2,3.3,2.15,3.2,3.1,2.1,3.25,3.4,2.2,3.5,3.47,2.22,3.4,3.1,2.25,,,,3.4,3.5,2.25,47,3.6,3.34,3.5,3.32,2.25,2.15,45,2.05,1.95,1.99,1.82,23,0.25,2.03,1.97,1.93,1.87
1,1,0,0,2.7,3.3,2.88,2.4,3.2,2.85,2.4,3.1,2.7,2.5,3.2,2.8,2.72,3.27,2.84,2.7,3.1,2.7,,,,2.7,3.3,2.88,47,2.75,2.6,3.3,3.16,2.9,2.74,39,2.38,2.23,1.67,1.62,26,0,1.93,1.85,2.06,1.96
1,2,1,1,2,3.6,4,2,3.3,3.6,1.9,3.2,3.6,2,3.3,3.75,1.97,3.58,4.2,2,3.2,4,,,,1.95,3.6,4.2,48,2.04,1.96,3.6,3.36,4.2,3.84,47,2.1,2,1.88,1.78,25,-0.5,2.02,1.94,1.96,1.89
0,0,0,0,1.8,3.8,4.75,1.7,3.6,4.6,1.7,3.4,4.3,1.72,3.5,4.8,1.78,3.84,4.98,1.8,3.5,4.5,,,,1.8,3.8,5,47,1.83,1.74,3.85,3.57,5.1,4.68,46,2.05,1.98,1.9,1.8,23,-0.75,2.04,1.98,1.9,1.86
0,1,0,0,1.75,3.8,5.25,1.65,3.75,4.75,1.65,3.5,4.5,1.72,3.6,5,1.75,3.85,5.14,1.75,3.5,5,,,,1.75,3.8,5,46,1.78,1.72,3.86,3.63,5.3,4.78,44,1.97,1.9,1.96,1.87,23,-0.75,1.99,1.93,1.96,1.91
2,0,2,0,2.1,3.5,3.8,1.95,3.4,3.7,1.9,3.2,3.6,2,3.3,3.75,2.09,3.45,3.91,2.15,3.2,3.5,,,,2.1,3.5,3.8,47,2.12,2.03,3.5,3.33,4.06,3.68,42,2.28,2.17,1.74,1.66,24,-0.5,2.1,2.02,1.88,1.82
2,3,1,1,2.25,3.4,3.5,2.25,3.2,3.1,2.2,3.1,3,2.2,3.25,3.4,2.17,3.47,3.61,2.25,3.2,3.3,,,,2.2,3.4,3.6,51,2.26,2.18,3.47,3.29,3.65,3.33,49,2.19,2.09,1.8,1.71,27,-0.25,1.9,1.86,2.05,1.97
4,1,2,0,1.55,4.33,6.5,1.53,3.9,6,1.5,3.8,5.5,1.53,4,6.5,1.58,4.35,6.12,1.55,4,6,,,,1.6,4.2,6.25,51,1.61,1.54,4.4,4.01,6.56,6.08,50,1.95,1.83,2.05,1.95,32,-1,2.05,1.92,1.94,1.89
1,1,1,1,2.3,3.5,3.25,2.2,3.3,3.1,2.2,3.1,3,2.25,3.4,3.2,2.39,3.55,3.08,2.38,3.25,3,,,,2.38,3.5,3.12,51,2.42,2.28,3.55,3.36,3.25,3.05,49,1.88,1.79,2.07,1.98,27,-0.25,2.08,1.99,1.91,1.85
0,1,0,0,2.88,3.4,2.63,2.75,3.25,2.45,2.6,3.1,2.5,2.75,3.3,2.6,2.91,3.33,2.62,2.8,3.1,2.62,,,,2.88,3.4,2.62,51,2.91,2.76,3.45,3.26,2.65,2.53,49,2.07,1.96,1.9,1.82,30,0,2.08,2,1.88,1.82
3,1,1,1,1.4,5,9,1.33,4.6,9,1.33,4.2,8,1.36,4.5,9,1.36,5.14,10.46,1.36,4.5,10,,,,1.36,5,11,51,1.4,1.35,5.14,4.69,11,9.06,49,1.95,1.85,2.04,1.93,32,-1.5,2.12,2.05,1.85,1.78
1,3,1,1,2.8,3.5,2.63,2.5,3.25,2.7,2.55,3.1,2.55,2.6,3.25,2.7,2.8,3.47,2.63,2.7,3.1,2.7,,,,2.8,3.5,2.62,51,2.82,2.67,3.5,3.3,2.7,2.58,49,2.04,1.95,1.91,1.83,30,0,2.02,1.95,1.91,1.87
4,0,2,0,1.3,5.75,12,1.28,5,9.75,1.27,4.6,9,1.33,4.6,10,1.28,5.89,12.95,1.29,5.5,9.5,,,,1.3,5.75,12,51,1.33,1.28,6,5.35,13,10.47,41,1.73,1.65,2.31,2.17,33,-1.5,1.9,1.82,2.11,1.99
2,0,1,0,3.1,3.4,2.45,3,3.2,2.3,3,3.1,2.2,3.2,3.25,2.3,3.13,3.36,2.45,3.1,3,2.5,,,,3.1,3.4,2.45,51,3.2,3.02,3.4,3.24,2.5,2.36,49,2.2,2.11,1.8,1.7,27,0.25,1.86,1.81,2.1,2.03
1,1,0,1,2.1,3.5,3.75,2.1,3.2,3.4,2,3.2,3.3,2.05,3.25,3.8,2.1,3.43,3.79,2.1,3.2,3.75,,,,2.05,3.5,3.9,51,2.16,2.06,3.5,3.31,3.9,3.63,48,2.21,2.13,1.77,1.69,28,-0.5,2.12,2.03,1.85,1.8
1,0,0,0,1.95,3.8,4,1.95,3.5,3.5,2,3.2,3.3,1.95,3.6,3.75,1.99,3.93,3.75,2,3.4,3.8,,,,2,3.9,3.8,51,2.02,1.94,3.93,3.61,4,3.7,39,1.72,1.63,2.33,2.2,27,-0.5,2,1.94,1.95,1.89
1,3,0,2,4,3.6,2,3.5,3.3,2.05,3.6,3.2,1.9,3.75,3.3,2,4.05,3.6,2,4,3.4,1.95,,,,4,3.6,2,51,4.05,3.8,3.6,3.39,2.06,1.97,48,2.2,2.12,1.83,1.69,28,0.5,1.93,1.86,2.05,1.97
1,2,1,1,2.2,3.5,3.5,2.05,3.3,3.4,2.1,3.1,3.2,2.2,3.3,3.4,2.21,3.45,3.52,2.2,3.3,3.3,,,,2.15,3.4,3.7,51,2.25,2.15,3.5,3.3,3.7,3.38,49,2.25,2.15,1.75,1.68,27,-0.25,1.93,1.86,2.03,1.97
0,1,0,0,2,3.5,4.2,1.9,3.3,4,2,3.2,3.3,1.91,3.3,4.2,2.01,3.57,4.09,1.95,3.4,4,,,,2,3.5,4.2,50,2.01,1.95,3.57,3.39,4.2,3.93,47,2.16,2.08,1.8,1.72,27,-0.5,2.02,1.95,1.94,1.88
2,1,1,0,1.95,3.5,4.33,1.83,3.5,4.1,1.85,3.2,3.8,1.83,3.5,4.33,1.92,3.72,4.25,1.91,3.5,4,,,,1.95,3.7,4.1,49,1.95,1.89,3.72,3.5,4.45,4.05,48,2,1.89,2.02,1.89,27,-0.5,1.93,1.88,2,1.95
1,2,0,0,8,4.2,1.5,6.25,3.9,1.5,5.5,3.8,1.5,7,4,1.5,7.99,4.24,1.51,7,4,1.5,,,,8.5,4.2,1.5,50,8.5,7.27,4.24,4.02,1.54,1.48,47,2.2,2.09,1.83,1.71,32,1,2.09,2.01,1.94,1.82
3,1,1,1,2.45,3.4,3.1,2.3,3.3,2.9,2.3,3.1,2.8,2.38,3.3,3,2.45,3.46,3.05,2.4,3.1,3.1,,,,2.5,3.4,2.9,50,2.5,2.38,3.46,3.31,3.2,2.94,48,1.94,1.85,2,1.92,26,0,1.8,1.71,2.2,2.13
2,2,2,1,2.2,3.5,3.5,2,3.4,3.5,2.1,3.1,3.2,2.15,3.4,3.5,2.29,3.54,3.28,2.2,3.4,3.2,,,,2.25,3.5,3.4,49,2.29,2.16,3.6,3.4,3.7,3.3,48,1.95,1.86,2.04,1.91,26,-0.25,1.97,1.87,2.03,1.96
1,2,0,0,2.5,3.4,3,2.3,3.3,2.9,2.5,3.1,2.6,2.38,3.3,2.9,2.42,3.5,3.07,2.5,3.1,3,,,,2.55,3.5,2.88,49,2.55,2.42,3.5,3.31,3.1,2.89,47,1.87,1.76,2.14,2.02,27,0,1.8,1.73,2.21,2.1
0,0,0,0,2.6,3.4,2.88,2.35,3.2,2.9,2.4,3.1,2.7,2.38,3.4,2.88,2.74,3.3,2.8,2.5,3.2,2.9,,,,2.75,3.3,2.8,50,2.75,2.55,3.45,3.22,2.9,2.79,48,2.23,2.1,1.83,1.71,29,0,1.94,1.84,2.06,1.97
2,3,0,2,5,3.75,1.8,4.5,3.5,1.75,4,3.2,1.8,5,3.4,1.75,5.24,3.72,1.77,4.75,3.6,1.75,,,,5,3.7,1.8,50,5.24,4.81,3.77,3.56,1.82,1.75,47,2.14,2.05,1.82,1.74,25,0.75,1.94,1.87,2.02,1.96
1,4,0,1,2.6,3.4,2.9,2.55,3.2,2.7,2.4,3.1,2.7,2.5,3.3,2.75,2.55,3.39,2.96,2.5,3,3,,,,2.6,3.4,2.9,50,2.6,2.48,3.4,3.25,3.1,2.85,48,2,1.92,1.93,1.86,29,0,1.85,1.79,2.12,2.04
2,1,0,1,2,3.5,4.2,1.91,3.3,3.9,1.9,3.2,3.6,2,3.2,4,2.03,3.44,4.12,2,3.2,4,,,,2,3.5,4.2,50,2.05,1.98,3.5,3.33,4.33,3.93,45,2.34,2.23,1.7,1.62,27,-0.5,2.03,1.97,1.92,1.86
0,2,0,0,1.8,3.8,4.75,1.75,3.5,4.4,1.75,3.3,4.2,1.75,3.5,5,1.82,3.71,4.85,1.75,3.6,4.8,,,,1.8,3.8,4.8,50,1.83,1.78,3.8,3.55,5,4.62,48,2.13,2.03,1.86,1.76,26,-0.75,2.09,2.01,1.86,1.82
3,0,1,0,2.1,3.4,3.9,1.91,3.4,3.8,1.9,3.2,3.6,2,3.3,3.75,2.1,3.51,3.79,2.1,3.3,3.6,,,,2.1,3.6,3.7,49,2.12,2.04,3.6,3.36,4,3.66,46,2.1,2.01,1.86,1.77,26,-0.5,2.12,2.05,1.84,1.8
4,4,1,0,4.2,3.5,2,3.8,3.3,1.95,3.8,3.2,1.85,3.8,3.4,2,4.19,3.56,1.98,4,3.2,2,,,,4.1,3.5,2,50,4.2,3.91,3.57,3.38,2.03,1.96,47,2.17,2.08,1.84,1.72,28,0.5,1.94,1.88,2.01,1.95
3,4,2,1,3.25,3.6,2.3,3.1,3.3,2.2,3.1,3.2,2.1,2.9,3.4,2.37,3.08,3.6,2.37,3.2,3.2,2.3,,,,3.12,3.6,2.3,50,3.25,3.04,3.6,3.39,2.38,2.27,48,1.86,1.78,2.12,2.01,27,0.25,1.93,1.87,2.04,1.97
1,1,1,0,1.55,4.5,6.5,1.48,4,6.5,1.45,3.9,6,1.53,4,6,1.54,4.64,6.21,1.53,4,6.5,,,,1.55,4.6,6,50,1.57,1.52,4.64,4.22,6.75,6,39,1.71,1.6,2.39,2.25,33,-1,1.98,1.88,1.98,1.93
3,0,1,0,3.6,3.5,2.15,3.4,3.25,2.1,3.1,3.2,2.1,3.6,3.3,2.1,3.58,3.56,2.15,3.4,3.2,2.2,,,,3.6,3.5,2.15,50,3.7,3.4,3.56,3.34,2.2,2.12,48,2.04,1.95,1.92,1.83,27,0.25,2.09,2.02,1.87,1.82
1,2,0,2,3.2,3.5,2.35,2.8,3.3,2.4,2.7,3.1,2.4,2.8,3.3,2.45,3.17,3.5,2.36,3,3.1,2.5,,,,3,3.5,2.45,50,3.2,2.95,3.5,3.33,2.5,2.35,48,1.88,1.8,2.06,1.97,27,0.25,1.87,1.81,2.08,2.03
1,0,1,0,2.25,3.5,3.4,2.1,3.2,3.4,2.1,3.1,3.2,2.25,3.2,3.3,2.24,3.44,3.47,2.25,3.2,3.3,,,,2.25,3.4,3.5,50,2.27,2.17,3.5,3.29,3.56,3.36,46,2.22,2.14,1.8,1.68,27,-0.25,1.98,1.88,2.02,1.95
2,0,1,0,1.75,4,5,1.8,3.4,4.25,1.7,3.4,4.3,1.8,3.6,4.5,1.76,3.95,4.96,1.75,3.6,4.8,,,,1.75,4,5,50,1.82,1.74,4,3.68,5.05,4.59,49,1.92,1.79,2.05,1.99,27,-0.75,2.02,1.95,1.95,1.89
0,0,0,0,2.55,3.25,3.1,2.3,3.1,3.1,2.3,3.1,2.8,2.37,3.1,3.2,2.57,3.23,3.06,2.5,3.1,3,,,,2.55,3.25,3.1,49,2.57,2.45,3.3,3.14,3.25,2.99,37,2.5,2.37,1.63,1.55,28,0,1.8,1.72,2.23,2.13
1,1,0,0,2.7,3.5,2.7,2.5,3.3,2.65,2.5,3.1,2.6,2.7,3.3,2.62,2.77,3.39,2.71,2.75,3.2,2.6,,,,2.8,3.5,2.63,51,2.8,2.68,3.5,3.27,2.75,2.62,49,2.1,2.02,1.85,1.77,30,0,2.01,1.94,1.94,1.87
0,1,0,1,2.05,3.5,4,1.9,3.5,3.75,2,3.2,3.3,2,3.25,4,2.04,3.43,4.09,2,3.4,3.8,,,,2.05,3.5,4,51,2.05,1.99,3.5,3.33,4.17,3.86,48,2.31,2.18,1.75,1.66,28,-0.5,2.04,1.98,1.91,1.85
3,3,1,1,3.8,3.6,2.05,3.6,3.3,2,3.3,3.2,2,3.75,3.3,2.05,3.98,3.53,2.05,3.6,3.4,2.05,,,,3.9,3.5,2.05,51,3.98,3.71,3.6,3.36,2.1,2.02,49,2.09,2.01,1.87,1.77,27,0.5,1.88,1.82,2.07,2.01
1,1,1,0,3.8,3.5,2.1,3.6,3.3,2,3.3,3.2,2,3.5,3.3,2.1,3.74,3.41,2.14,3.8,3.1,2.1,,,,3.8,3.4,2.15,49,3.85,3.64,3.5,3.29,2.15,2.06,42,2.3,2.2,1.75,1.63,26,0.5,1.84,1.78,2.15,2.06
0,3,0,2,1.95,3.4,4.5,1.85,3.3,4.2,1.9,3.2,3.6,1.95,3.3,4.2,2,3.41,4.42,1.91,3.5,4,,,,2,3.4,4.33,51,2,1.93,3.5,3.29,4.5,4.19,39,2.5,2.35,1.65,1.55,28,-0.5,2,1.94,1.93,1.89
1,1,1,1,1.5,4.5,7.5,1.5,4.2,5.75,1.5,3.8,5.5,1.53,4,6.5,1.53,4.37,7.07,1.53,3.75,7,,,,1.5,4.5,7,50,1.54,1.51,4.5,4.12,7.5,6.44,49,1.91,1.82,2.04,1.95,33,-1,1.91,1.85,2.06,1.97
3,1,2,1,3.4,3.6,2.2,3.3,3.25,2.15,3.2,3.1,2.1,3.3,3.4,2.2,3.49,3.48,2.22,3.4,3.1,2.25,,,,3.4,3.6,2.2,50,3.6,3.34,3.6,3.37,2.25,2.14,49,1.86,1.79,2.1,1.98,27,0.25,2.04,1.97,1.91,1.86
4,3,1,1,2.05,3.5,3.9,2,3.3,3.6,2.1,3.1,3.2,2.05,3.3,3.75,1.99,3.55,4.15,2,3.25,4,,,,2,3.5,4.1,50,2.1,1.99,3.55,3.34,4.15,3.84,48,2.28,2.13,1.75,1.69,28,-0.5,2.02,1.97,1.92,1.86
3,2,0,1,1.62,4,6.5,1.62,3.8,5,1.6,3.6,4.8,1.66,3.75,5.5,1.68,3.89,5.76,1.67,3.3,6,,,,1.65,4,6,50,1.69,1.63,4,3.74,6.5,5.45,48,2.16,2.01,1.89,1.77,28,-1,2.29,2.18,1.8,1.68
0,0,0,0,2.1,3.5,3.75,2,3.3,3.6,2,3.2,3.3,2.05,3.5,3.75,2.14,3.55,3.62,2.1,3.1,3.75,,,,2.1,3.5,3.8,50,2.14,2.05,3.55,3.37,3.95,3.6,49,2.03,1.95,1.91,1.82,28,-0.5,2.14,2.04,1.86,1.8
0,1,0,1,2.05,3.5,4,1.91,3.4,3.8,2.1,3.1,3.2,2.05,3.4,3.75,2.07,3.53,3.88,2.15,3.1,3.6,,,,2.1,3.5,3.8,50,2.15,2.03,3.53,3.35,4,3.68,48,2.2,2.1,1.81,1.71,28,-0.5,2.08,2.02,1.86,1.82
0,1,0,1,1.55,4.33,6.5,1.53,3.9,6,1.55,3.7,5,1.55,4,6.5,1.56,4.15,6.96,1.57,3.75,6,,,,1.53,4.33,7,51,1.59,1.54,4.33,4,7,6.15,49,2.13,2.01,1.88,1.77,33,-1,1.99,1.92,1.96,1.9
0,0,0,0,2.5,3.4,3,2.45,3.1,2.85,2.3,3.1,2.8,2.5,3.3,2.87,2.46,3.4,3.09,2.5,3.1,2.9,,,,2.5,3.4,3,50,2.5,2.39,3.45,3.26,3.2,2.96,49,2.15,2.01,1.86,1.77,28,0,1.77,1.72,2.26,2.13
4,1,2,1,2.1,3.6,3.75,2.05,3.5,3.25,2,3.2,3.3,2.1,3.5,3.5,2.08,3.6,3.74,2.15,3.1,3.6,,,,2.15,3.6,3.6,49,2.15,2.06,3.6,3.4,3.85,3.53,47,1.89,1.82,2.05,1.94,28,-0.5,2.13,2.05,1.85,1.79
0,3,0,0,2.6,3.5,2.8,2.5,3.2,2.7,2.55,3.1,2.55,2.5,3.4,2.75,2.68,3.45,2.77,2.7,3.1,2.7,,,,2.62,3.5,2.75,50,2.7,2.59,3.5,3.31,2.88,2.67,49,1.92,1.79,2.1,1.99,30,0,1.97,1.89,1.99,1.92
5,0,2,0,2,3.6,4,1.9,3.4,3.9,1.85,3.2,3.8,2.05,3.4,3.75,2,3.71,3.98,2.05,3.1,4,,,,2,3.6,4,50,2.08,1.96,3.71,3.42,4,3.81,48,2.12,2.03,1.85,1.75,28,-0.5,2.01,1.96,1.92,1.87
1,2,1,0,3.1,3.5,2.38,3.1,3.2,2.25,3,3.1,2.2,2.87,3.4,2.37,3.11,3.56,2.37,3.1,3.2,2.38,,,,3.25,3.3,2.4,48,3.3,3.04,3.56,3.33,2.4,2.3,46,1.91,1.8,2.07,1.97,25,0.25,1.89,1.84,2.06,2
4,0,2,0,1.5,4.6,7,1.42,4.33,6.75,1.45,3.9,6,1.44,4.33,7,1.49,4.56,7.4,1.44,4.33,7.5,,,,1.53,4.6,6.5,48,1.53,1.47,4.6,4.3,7.5,6.6,44,1.75,1.68,2.24,2.13,29,-1,1.87,1.8,2.09,2.03
2,0,1,0,1.95,3.5,4.5,1.91,3.3,3.9,1.9,3.2,3.6,1.95,3.3,4,1.97,3.51,4.28,1.95,3.25,4.2,,,,2,3.5,4.2,48,2,1.91,3.51,3.36,4.5,4.09,41,2.3,2.2,1.72,1.63,26,-0.5,1.97,1.91,1.98,1.92
2,0,2,0,1.53,4.33,7,1.5,4.1,5.75,1.5,3.8,5.5,1.5,4.33,6,1.48,4.56,7.73,1.5,4,7,,,,1.53,4.4,7,48,1.53,1.47,4.56,4.24,8,6.7,45,1.8,1.72,2.21,2.08,30,-1,1.84,1.77,2.15,2.05
3,0,1,0,2.5,3.4,3,2.4,3.3,2.8,2.4,3.1,2.7,2.37,3.3,2.9,2.61,3.4,2.87,2.5,3.2,2.88,,,,2.62,3.4,2.9,48,2.6,2.46,3.45,3.24,3,2.84,46,2.11,2.01,1.85,1.77,28,0,1.85,1.78,2.12,2.04
4,2,1,0,1.83,3.75,4.75,1.8,3.4,4.33,1.85,3.2,3.8,1.72,3.5,5,1.79,3.76,5.03,1.85,3.4,4.5,,,,1.85,3.75,4.6,48,1.85,1.78,3.76,3.52,5.1,4.57,46,2.06,1.98,1.88,1.79,25,-0.75,2.07,2.01,1.88,1.82
1,0,1,0,1.5,4.4,7.5,1.53,4,5.75,1.45,3.9,6,1.53,4,6,1.49,4.47,7.6,1.53,3.8,7,,,,1.55,4.2,7,48,1.55,1.48,4.5,4.15,7.6,6.68,46,1.96,1.87,1.99,1.9,31,-1,1.88,1.82,2.1,1.99
1,3,0,0,2.9,3.2,2.7,2.7,3.1,2.6,2.6,3.1,2.5,2.62,3.1,2.7,2.94,3.18,2.7,2.8,3,2.7,,,,2.9,3.2,2.75,48,2.94,2.78,3.25,3.07,2.8,2.63,39,2.57,2.44,1.61,1.52,28,0,2.04,1.95,1.92,1.85
3,0,1,0,1.7,4,5.25,1.67,3.7,4.75,1.6,3.6,4.8,1.61,3.75,5.5,1.68,4.15,5.24,1.67,3.8,5,,,,1.7,4.1,5.25,48,1.73,1.65,4.17,3.85,5.5,5,42,1.8,1.68,2.27,2.12,26,-1,2.26,2.12,1.83,1.71
0,1,0,1,2.38,3.3,3.3,2.3,3.2,3,2.3,3.1,2.8,2.4,3.25,3,2.32,3.28,3.47,2.38,3.1,3.2,,,,2.4,3.2,3.4,48,2.4,2.28,3.4,3.17,3.47,3.22,38,2.5,2.34,1.66,1.56,24,0,1.7,1.61,2.43,2.29
3,0,3,0,1.8,3.8,4.75,1.75,3.5,4.5,1.8,3.2,4,1.72,3.75,4.5,1.78,3.89,4.84,1.83,3.4,4.5,,,,1.8,3.8,4.75,48,1.85,1.77,3.89,3.61,4.84,4.47,46,1.9,1.8,2.06,1.98,25,-0.75,2.07,2,1.89,1.83
2,1,2,1,3.25,3.5,2.3,3,3.3,2.25,2.8,3.1,2.3,2.9,3.4,2.3,3.23,3.62,2.27,3.1,3.3,2.3,,,,3.3,3.6,2.25,48,3.3,3.08,3.62,3.38,2.38,2.24,45,1.86,1.76,2.11,2.02,25,0.25,1.98,1.9,2.04,1.94
1,0,1,0,3,3.5,2.45,2.75,3.3,2.4,2.8,3.1,2.3,2.87,3.4,2.4,2.99,3.57,2.43,2.75,3.4,2.5,,,,2.9,3.5,2.5,47,3,2.87,3.57,3.37,2.5,2.4,46,1.89,1.8,2.1,1.98,24,0,2.17,2.09,1.81,1.75
1,3,0,1,3.6,3.4,2.2,3.1,3.3,2.2,3,3.1,2.2,3.25,3.25,2.25,3.7,3.34,2.19,3.2,3.3,2.25,,,,3.75,3.3,2.2,47,3.75,3.44,3.4,3.22,2.3,2.17,36,2.54,2.42,1.6,1.53,25,0.25,2.05,1.99,1.95,1.85
1,0,0,0,3,3.3,2.6,2.75,3.1,2.55,2.7,3.1,2.4,2.87,3.3,2.45,3,3.28,2.58,2.7,3.2,2.62,,,,3,3.3,2.55,47,3.03,2.87,3.3,3.2,2.62,2.5,40,2.28,2.16,1.74,1.66,27,0,2.13,2.06,1.83,1.78
0,0,0,0,1.73,4,5,1.7,3.8,4.4,1.65,3.5,4.5,1.72,3.6,5,1.7,4.12,5.09,1.75,3.75,4.5,,,,1.73,4.1,5,47,1.75,1.7,4.12,3.81,5.1,4.73,44,1.81,1.72,2.17,2.09,25,-0.75,1.95,1.9,2,1.94
0,1,0,1,2.7,3.4,2.8,2.6,3.3,2.55,2.6,3.1,2.5,2.62,3.4,2.62,2.67,3.36,2.83,2.6,3.1,2.8,,,,2.7,3.4,2.75,47,2.8,2.62,3.4,3.25,2.85,2.68,45,2.17,2.07,1.83,1.73,27,0,1.97,1.87,2.04,1.94
3,0,1,0,2.75,3.4,2.75,2.45,3.25,2.75,2.5,3.1,2.6,2.6,3.4,2.62,2.8,3.36,2.7,2.8,3.1,2.6,,,,2.8,3.4,2.7,47,2.8,2.69,3.4,3.26,2.8,2.62,46,2.08,2.01,1.87,1.78,27,0,2,1.94,1.94,1.87
2,0,2,0,4.2,3.75,1.91,4,3.4,1.85,3.6,3.2,1.9,3.75,3.5,2,3.85,3.73,2.01,4,3.2,2,,,,4,3.75,1.95,47,4.2,3.84,3.75,3.5,2.01,1.93,46,1.9,1.79,2.12,1.99,26,0.5,1.99,1.9,2.01,1.93
2,3,2,1,3.4,3.4,2.3,2.95,3.3,2.3,3,3.1,2.2,3,3.4,2.3,3.49,3.33,2.28,3.2,3.3,2.25,,,,3.4,3.4,2.3,47,3.49,3.2,3.5,3.31,2.38,2.24,46,2.12,1.99,1.88,1.8,25,0.25,1.97,1.91,1.97,1.93
0,3,0,0,2.3,3.4,3.4,2.2,3.25,3.1,2.2,3.1,3,2.3,3.4,3,2.29,3.5,3.31,2.4,3.3,2.9,,,,2.3,3.5,3.3,47,2.4,2.25,3.51,3.34,3.4,3.15,46,2.02,1.89,2.02,1.88,25,-0.25,2.02,1.94,1.95,1.89
2,1,0,1,2.25,3.5,3.4,2.15,3.4,3.1,2.2,3.1,3,2.25,3.3,3.25,2.22,3.51,3.46,2.25,3.2,3.3,,,,2.2,3.5,3.5,47,2.28,2.18,3.52,3.33,3.55,3.31,44,2.22,2.09,1.83,1.72,25,-0.25,1.95,1.87,2.03,1.97
2,0,0,0,3.75,3.4,2.15,3.25,3.3,2.15,3.2,3.1,2.1,3.5,3.2,2.2,3.93,3.3,2.14,3.4,3.2,2.2,,,,3.75,3.3,2.2,46,3.93,3.51,3.5,3.24,2.25,2.15,36,2.51,2.36,1.65,1.55,25,0.25,2.1,2,1.88,1.84
2,0,1,0,1.83,3.75,4.75,1.78,3.4,4.5,1.8,3.2,4,1.85,3.5,4.33,1.86,3.71,4.59,1.91,3.3,4.2,,,,1.87,3.75,4.5,45,1.91,1.83,3.85,3.56,4.75,4.25,43,1.95,1.85,2.06,1.93,24,-0.5,1.88,1.84,2.09,2
1,1,0,0,2.6,3.3,3,2.5,3.25,2.7,2.3,3.1,2.8,2.45,3.4,2.9,2.62,3.4,2.83,2.6,3.1,2.8,,,,2.62,3.4,2.88,47,2.63,2.51,3.5,3.28,3,2.8,46,2.1,2,1.86,1.78,28,0,1.86,1.81,2.11,2.01
2,1,1,1,1.75,3.9,5,1.7,3.5,4.75,1.8,3.2,4,1.75,3.75,4.75,1.78,3.93,4.83,1.73,3.5,5,,,,1.8,3.9,4.75,47,1.83,1.74,4,3.69,5,4.67,46,1.94,1.86,2.04,1.92,26,-0.75,2.04,1.96,1.92,1.87
4,1,1,1,1.85,3.8,4.5,1.87,3.5,3.9,1.85,3.2,3.8,1.85,3.75,4,1.89,3.74,4.36,1.91,3.6,3.75,,,,1.95,3.8,4,47,2,1.87,3.9,3.61,4.5,4.02,44,1.8,1.72,2.18,2.08,26,-0.5,1.92,1.86,2.04,1.95
2,0,0,0,2.8,3.4,2.7,2.8,3.25,2.4,2.8,3.1,2.3,2.8,3.3,2.5,2.78,3.4,2.69,2.8,3.1,2.62,,,,2.8,3.4,2.7,47,2.94,2.74,3.4,3.25,2.7,2.58,45,2.22,2.09,1.8,1.71,28,0,2.02,1.96,1.92,1.85
2,1,2,1,3.2,3.4,2.38,2.85,3.2,2.4,2.7,3.1,2.4,2.9,3.4,2.37,3.25,3.4,2.36,3,3.4,2.3,,,,3.12,3.5,2.4,47,3.35,3.09,3.5,3.32,2.4,2.3,46,2.08,1.98,1.88,1.79,26,0.25,1.92,1.86,2.03,1.96
3,0,2,0,1.44,4.5,9,1.34,4.6,8.5,1.4,4,6.5,1.44,4.33,7.5,1.44,4.61,8.64,1.44,4.2,8,,,,1.44,4.6,8.5,47,1.45,1.41,4.7,4.34,9,8.2,45,2.06,1.98,1.9,1.8,26,-1.25,2.03,1.96,1.9,1.86
1,3,0,3,2.55,3.3,3,2.5,3.1,2.8,2.4,3.1,2.7,2.5,3.2,2.9,2.56,3.28,3.04,2.5,3.2,2.88,,,,2.6,3.3,3,47,2.6,2.47,3.4,3.2,3.05,2.91,41,2.32,2.19,1.73,1.65,24,-0.25,2.2,2.1,1.8,1.73
1,0,1,0,1.67,4.2,5.25,1.67,3.7,4.75,1.65,3.5,4.5,1.7,3.8,4.75,1.7,4.17,5.03,1.75,3.6,4.6,,,,1.75,4.1,4.8,47,1.77,1.69,4.33,3.91,5.3,4.72,38,1.65,1.56,2.5,2.34,26,-0.75,1.9,1.86,2.06,1.96
1,0,1,0,1.62,4.2,6,1.55,4,5.5,1.55,3.7,5,1.61,4,5.5,1.57,4.3,6.4,1.62,3.6,6,,,,1.62,4.1,6,45,1.63,1.56,4.3,3.95,6.5,5.89,44,1.95,1.87,1.99,1.9,27,-1,2.05,1.96,1.93,1.86
2,1,0,0,3.1,3.4,2.45,2.8,3.2,2.45,2.7,3.1,2.4,2.9,3.3,2.4,3.17,3.35,2.43,3,3.2,2.38,,,,3.12,3.4,2.45,45,3.17,2.96,3.4,3.24,2.5,2.38,42,2.3,2.19,1.71,1.64,24,0.25,1.85,1.8,2.12,2.04
0,1,0,1,1.55,4.2,7,1.55,3.9,5.5,1.5,3.8,5.5,1.57,4,6.5,1.55,4.26,6.9,1.57,3.75,6.5,,,,1.57,4.1,7,44,1.59,1.53,4.26,3.92,7,6.44,42,2.11,2,1.91,1.77,26,-1,2.01,1.94,1.94,1.87
1,2,0,2,2.4,3.3,3.3,2.35,3.3,2.85,2.3,3.1,2.8,2.3,3.25,3.2,2.42,3.32,3.22,2.4,3.2,3,,,,2.5,3.3,3.1,44,2.5,2.35,3.4,3.23,3.3,3.05,41,2.27,2.17,1.75,1.65,24,-0.25,2.1,2.01,1.87,1.82
1,5,0,2,3.9,3.75,2,3.6,3.5,1.95,3.8,3.2,1.85,3.75,3.5,2,4.03,3.81,1.96,3.5,3.6,2,,,,4,3.8,1.95,46,4.05,3.79,3.81,3.55,2.02,1.95,44,1.84,1.78,2.14,2.01,25,0.5,1.96,1.89,1.99,1.93
0,1,0,0,4.33,3.5,1.83,4.33,3.4,1.8,4.2,3.3,1.75,4.2,3.5,1.85,4.59,3.52,1.92,4.2,3.2,1.95,,,,4.5,3.6,1.9,46,4.76,4.36,3.6,3.41,1.95,1.85,44,2.25,2.15,1.77,1.67,25,0.5,2.07,1.96,1.92,1.86
1,2,0,0,1.91,3.5,4.75,1.9,3.3,4,1.9,3.2,3.6,1.9,3.3,4.2,1.9,3.5,4.71,1.85,3.4,4.4,,,,1.91,3.5,4.6,46,1.95,1.88,3.55,3.38,4.75,4.3,42,2.33,2.17,1.75,1.66,25,-0.5,1.91,1.86,2.03,1.96
2,2,1,0,1.62,4.2,6,1.53,3.9,5.75,1.55,3.7,5,1.61,3.75,5.5,1.57,4.18,6.52,1.62,3.6,6,,,,1.6,4.2,6.25,46,1.63,1.58,4.2,3.91,6.43,5.82,45,1.9,1.82,2.08,1.95,28,-1,2.12,1.99,1.88,1.83
0,2,0,1,2.15,3.5,3.6,2,3.3,3.6,2,3.2,3.3,2,3.4,3.6,2.16,3.6,3.51,2.2,3.2,3.4,,,,2.15,3.6,3.6,46,2.2,2.1,3.6,3.38,3.75,3.44,45,1.95,1.85,2.04,1.92,23,-0.25,1.86,1.81,2.08,2.02
1,1,1,1,2.2,3.5,3.5,2.05,3.3,3.5,2,3.2,3.3,2.2,3.3,3.25,2.16,3.57,3.55,2.25,3.2,3.3,,,,2.15,3.5,3.5,46,2.25,2.12,3.57,3.37,3.55,3.39,45,1.98,1.89,1.99,1.88,24,-0.25,1.91,1.83,2.07,2
1,4,0,2,4.75,3.75,1.83,4.4,3.4,1.8,4,3.2,1.8,4.33,3.5,1.83,5.04,3.7,1.78,4,3.75,1.83,,,,5,3.75,1.8,46,5.04,4.53,3.75,3.55,1.85,1.79,44,2.13,2.04,1.83,1.74,24,0.75,1.88,1.82,2.08,2.01
2,1,1,1,3,3.4,2.5,2.8,3.2,2.45,2.8,3.1,2.3,2.7,3.4,2.5,3.03,3.43,2.48,2.75,3.2,2.6,,,,3,3.4,2.5,46,3.05,2.9,3.43,3.29,2.6,2.42,45,2.08,1.98,1.89,1.79,24,0.25,1.83,1.77,2.18,2.07
0,1,0,0,2.1,3.3,4,2.15,3.1,3.4,2.1,3.1,3.2,2.15,3.25,3.5,2.09,3.36,4.02,2.15,3.2,3.5,,,,2.1,3.3,4,45,2.2,2.07,3.36,3.24,4.02,3.71,37,2.41,2.3,1.67,1.58,25,-0.5,2.14,2.05,1.84,1.78
2,2,1,1,2.63,3.4,2.88,2.5,3.2,2.75,2.3,3.1,2.8,2.4,3.4,2.8,2.67,3.4,2.81,2.62,3.1,2.8,,,,2.62,3.4,2.8,46,2.67,2.55,3.5,3.29,2.88,2.73,44,1.96,1.86,2.02,1.91,27,0,1.92,1.85,2.03,1.96
2,1,1,0,2.5,3.3,3.1,2.3,3.2,3,2.3,3.1,2.8,2.38,3.25,3,2.59,3.29,2.98,2.5,3.1,3,,,,2.55,3.3,3,43,2.59,2.45,3.4,3.18,3.1,2.92,33,2.42,2.26,1.67,1.6,23,0,1.83,1.76,2.15,2.06
1,0,0,0,1.95,3.6,4.33,1.91,3.3,3.9,1.9,3.2,3.6,1.91,3.4,4,1.93,3.65,4.29,1.95,3.4,4,,,,1.95,3.6,4.3,44,2,1.9,3.65,3.45,4.35,3.99,42,2.05,1.92,1.92,1.85,24,-0.5,1.93,1.88,2,1.93
1,1,1,1,2.2,3.6,3.4,2.2,3.2,3.2,2,3.2,3.3,2.1,3.4,3.5,2.2,3.55,3.47,2.2,3.3,3.3,,,,2.25,3.6,3.3,47,2.25,2.13,3.6,3.4,3.5,3.35,45,1.96,1.88,1.97,1.89,24,-0.25,1.94,1.86,2.03,1.97
2,0,2,0,2.1,3.6,3.75,1.95,3.4,3.7,1.9,3.2,3.6,2,3.4,3.75,2.05,3.58,3.88,2.1,3.3,3.6,,,,2.1,3.6,3.75,47,2.1,2.01,3.61,3.45,3.9,3.66,45,2.07,1.98,1.9,1.8,25,-0.5,2.05,2,1.88,1.83
4,0,3,0,1.22,7,15,1.2,6,12,1.17,5.7,12,1.25,6,12,1.22,7.15,15.5,1.22,5.5,15,,,,1.22,7,15,45,1.25,1.2,7.15,6.49,16.5,13.87,35,1.53,1.49,2.72,2.53,25,-2,2.05,1.94,1.98,1.89
1,2,1,0,1.85,3.8,4.5,1.85,3.5,4,1.8,3.2,4,1.8,3.5,4.5,1.82,3.75,4.77,1.8,3.6,4.4,,,,1.87,3.75,4.5,47,1.91,1.82,3.8,3.56,4.77,4.34,45,2,1.89,1.98,1.88,24,-0.5,1.85,1.8,2.11,2.04
1,1,0,0,2.3,3.4,3.4,2.2,3.2,3.2,2.1,3.1,3.2,2.3,3.3,3.2,2.32,3.35,3.39,2.3,3.2,3.2,,,,2.38,3.3,3.3,47,2.38,2.24,3.41,3.26,3.5,3.25,45,2.28,2.14,1.77,1.68,24,-0.25,1.99,1.94,1.95,1.89
1,3,0,2,3,3.4,2.5,2.7,3.2,2.5,2.7,3.1,2.4,2.62,3.3,2.62,2.95,3.43,2.54,2.8,3.1,2.62,,,,2.9,3.4,2.6,47,3,2.83,3.43,3.24,2.7,2.5,45,2.12,2.02,1.86,1.77,27,0,2.12,2.03,1.84,1.8
0,0,0,0,2.9,3.4,2.6,2.7,3.2,2.5,2.55,3,2.45,2.62,3.4,2.62,2.91,3.37,2.6,2.8,3.1,2.62,,,,2.88,3.4,2.62,47,3,2.8,3.41,3.24,2.65,2.53,45,2.04,1.97,1.9,1.8,27,0,2.09,2.01,1.85,1.81
4,1,2,1,1.91,3.6,4.5,1.83,3.4,4.25,1.8,3.2,4,1.9,3.4,4.2,1.93,3.56,4.45,1.91,3.2,4.5,,,,1.95,3.6,4.3,47,1.95,1.88,3.6,3.43,4.6,4.21,45,2.2,2.07,1.8,1.73,26,-0.5,1.94,1.88,2,1.94
1,1,1,0,2.1,3.6,3.75,2.05,3.3,3.4,2,3.2,3.3,2.15,3.5,3.3,2.05,3.62,3.82,2.1,3.3,3.6,,,,2.1,3.6,3.7,47,2.15,2.05,3.62,3.41,3.82,3.56,45,1.99,1.89,1.99,1.89,24,-0.25,1.83,1.78,2.16,2.06
1,2,1,2,2.6,3.4,2.9,2.45,3.2,2.8,2.3,3.1,2.8,2.37,3.3,3,2.6,3.26,2.99,2.62,3.1,2.8,,,,2.62,3.2,3,47,2.63,2.5,3.4,3.19,3,2.86,42,2.39,2.25,1.73,1.61,26,0,1.83,1.77,2.16,2.06
1,1,0,0,2,3.5,4.2,1.91,3.3,3.9,1.85,3.2,3.8,2,3.4,3.8,1.99,3.52,4.2,2,3.2,4,,,,2.05,3.5,4,47,2.05,1.95,3.6,3.36,4.2,3.94,44,2.2,2.09,1.79,1.72,25,-0.5,2.01,1.95,1.92,1.87
4,1,2,0,1.73,4,5,1.6,3.75,5.25,1.75,3.3,4.2,1.66,3.8,5,1.64,4.31,5.43,1.7,3.75,5,,,,1.65,4.3,5.5,47,1.75,1.65,4.31,3.91,5.5,4.98,42,1.74,1.67,2.34,2.16,24,-0.75,1.87,1.82,2.11,2.01
2,3,2,1,2.35,3.6,3.1,2.35,3.25,2.9,2.1,3.1,3.2,2.25,3.4,3.1,2.35,3.64,3.08,2.25,3.4,3.1,,,,2.4,3.6,3,47,2.44,2.31,3.64,3.42,3.2,2.98,44,1.81,1.73,2.17,2.07,26,0,1.76,1.69,2.26,2.15
0,3,0,1,3.75,3.5,2.1,3.5,3.25,2.05,3.6,3.2,1.9,3.75,3.4,2,3.74,3.4,2.16,3.6,3.3,2.1,,,,3.75,3.4,2.15,47,4,3.6,3.5,3.3,2.2,2.08,43,2.38,2.23,1.73,1.63,25,0.5,1.79,1.76,2.14,2.08
1,1,0,1,4.2,3.75,1.91,3.6,3.4,1.95,3.6,3.2,1.9,3.75,3.6,1.95,4.27,3.8,1.9,4,3.5,1.91,,,,4.3,3.8,1.9,47,4.3,3.99,3.8,3.59,1.96,1.88,44,1.87,1.79,2.1,1.99,26,0.5,2.04,1.96,1.95,1.86
0,1,0,0,2.5,3.4,3,2.55,3.25,2.95,2.2,3.1,3,2.3,3.3,3.1,2.53,3.32,3.04,2.38,3.25,3,,,,2.5,3.4,3,47,2.53,2.42,3.4,3.22,3.1,2.95,44,2.24,2.12,1.77,1.69,27,0,1.8,1.75,2.15,2.08
2,2,0,0,4,3.6,2,3.75,3.4,1.91,3.3,3.2,2,3.75,3.4,2,4.18,3.68,1.94,3.75,3.4,2,,,,4.1,3.6,2,47,4.2,3.88,3.75,3.48,2.03,1.94,45,1.95,1.88,1.99,1.9,26,0.5,1.98,1.91,1.98,1.91
1,0,0,0,1.75,3.9,5,1.75,3.5,4.5,1.7,3.4,4.3,1.75,3.6,4.75,1.72,3.81,5.5,1.75,3.6,4.75,,,,1.7,3.9,5.5,47,1.77,1.7,3.9,3.66,5.51,5.04,45,2.06,1.97,1.9,1.81,25,-0.75,1.93,1.87,2.04,1.95
0,0,0,0,3.5,3.4,2.25,3.2,3.2,2.2,3,3.1,2.2,3.1,3.3,2.3,3.66,3.36,2.2,3.25,3.25,2.25,,,,3.6,3.4,2.2,47,3.66,3.36,3.4,3.26,2.3,2.19,44,2.34,2.22,1.69,1.63,25,0.25,2.04,1.95,1.97,1.87
0,2,0,0,3.25,3.4,2.38,3,3.25,2.3,3.2,3.1,2.1,3.2,3.4,2.2,3.27,3.4,2.35,3.2,3.3,2.25,,,,3.25,3.4,2.38,47,3.4,3.15,3.43,3.29,2.38,2.28,44,2.13,2.04,1.84,1.74,24,0.25,1.92,1.87,2.02,1.95
3,0,1,0,2.05,3.5,4,2,3.3,3.6,2,3.2,3.3,2,3.3,3.8,2.1,3.43,3.9,2.05,3.4,3.6,,,,2.1,3.4,3.9,47,2.1,2.03,3.5,3.3,4.2,3.76,44,2.33,2.21,1.72,1.64,26,-0.5,2.1,2.03,1.86,1.8
0,3,0,1,2.25,3.5,3.4,2.25,3.2,3.1,2.2,3.1,3,2.3,3.3,3.1,2.3,3.47,3.31,2.25,3.3,3.2,,,,2.3,3.5,3.3,46,2.34,2.23,3.5,3.3,3.5,3.21,44,2.1,2,1.85,1.78,24,0,1.68,1.62,2.39,2.27
2,0,2,0,1.8,3.8,4.75,1.75,3.5,4.5,1.65,3.5,4.5,1.75,3.4,5,1.81,3.83,4.71,1.75,3.6,4.75,,,,1.8,3.9,4.6,45,1.83,1.76,4,3.64,5,4.56,43,1.92,1.84,2.02,1.94,24,-0.5,1.82,1.76,2.2,2.06
2,0,0,0,2.6,3.4,2.88,2.6,3.2,2.6,2.5,3.1,2.6,2.5,3.4,2.8,2.59,3.39,2.91,2.5,3.2,2.87,,,,2.55,3.4,3,48,2.63,2.52,3.4,3.26,2.94,2.81,46,2.11,2.01,1.86,1.77,28,0,1.87,1.82,2.09,2.02
0,1,0,1,2.15,3.3,3.4,2.3,3.2,3,2.2,3.1,3,2.15,3.3,3.4,2.24,3.41,3.5,2.25,3.2,3.3,,,,2.25,3.4,3.5,44,2.3,2.2,3.41,3.27,3.5,3.3,40,2.25,2.14,1.78,1.67,24,-0.25,1.95,1.89,1.99,1.93
1,1,1,0,3.9,3.4,1.95,3.5,3.4,2,3.3,3.2,2,3.75,3.4,2,4.12,3.46,2.03,4,3.25,2,,,,4.2,3.5,2,44,4.25,3.85,3.5,3.35,2.06,1.98,41,2.27,2.14,1.77,1.67,24,0.5,1.89,1.84,2.06,1.98
3,0,1,0,2.1,3.5,3.3,2.1,3.3,3.3,2.2,3.1,3,2.2,3.4,3.2,2.11,3.54,3.74,2.15,3.3,3.4,,,,2.15,3.5,3.6,44,2.2,2.11,3.58,3.37,3.75,3.43,43,2.06,1.97,1.92,1.81,24,-0.25,1.89,1.81,2.12,2.02
2,2,0,1,1.62,4,5.25,1.62,3.8,5,1.65,3.5,4.5,1.61,3.75,5.5,1.59,4.28,6.11,1.65,4,5,,,,1.62,4.2,5.75,44,1.67,1.59,4.28,3.96,6.11,5.52,43,1.85,1.76,2.14,2.02,27,-1,2.12,1.99,1.9,1.83
2,0,0,0,2.2,3.3,3.25,2.15,3.2,3.3,2.2,3.1,3,2.1,3.4,3.4,2.2,3.48,3.55,2.25,3.25,3.25,,,,2.25,3.4,3.5,44,2.3,2.19,3.5,3.31,3.5,3.27,42,2.15,2.03,1.84,1.75,24,-0.25,1.95,1.89,1.99,1.93
3,2,0,1,2.8,3.3,2.5,2.6,3.25,2.6,2.5,3.1,2.6,2.62,3.4,2.6,2.91,3.27,2.66,2.88,3.2,2.5,,,,2.88,3.4,2.62,44,3,2.79,3.5,3.23,2.72,2.53,41,2.25,2.14,1.85,1.67,25,0,2.11,2.03,1.84,1.8
0,2,0,1,2.1,3.6,3.2,2.15,3.3,3.2,2.1,3.1,3.2,2.2,3.5,3.1,2.22,3.58,3.39,2.2,3.4,3.2,,,,2.2,3.6,3.4,44,2.26,2.16,3.6,3.43,3.45,3.23,43,1.89,1.79,2.08,1.98,24,-0.25,1.94,1.88,2.03,1.95
3,1,1,0,1.62,3.8,5.5,1.62,3.75,5,1.6,3.6,4.8,1.65,3.9,5,1.68,4.06,5.45,1.65,4,5,,,,1.67,4,5.5,44,1.71,1.64,4.1,3.85,5.59,5.22,43,1.85,1.76,2.11,2.01,24,-0.75,1.87,1.81,2.1,2.03
2,3,0,0,2.5,3.4,2.7,2.6,3.2,2.6,2.55,3.1,2.55,2.62,3.3,2.62,2.66,3.26,2.92,2.5,3.2,2.88,,,,2.62,3.4,2.88,44,2.66,2.55,3.4,3.22,2.94,2.77,38,2.37,2.22,1.71,1.62,25,0,1.91,1.84,2.05,1.98
0,1,0,0,2.1,3.4,3.4,2.05,3.25,3.5,2,3.2,3.3,2,3.5,3.6,2.15,3.6,3.55,2.05,3.5,3.5,,,,2.1,3.5,3.75,44,2.24,2.1,3.75,3.42,3.75,3.38,43,1.89,1.81,2.06,1.96,22,-0.25,1.93,1.85,2.04,1.96
1,1,0,0,2.1,3.4,3.4,2.1,3.2,3.4,2.1,3.1,3.2,2.15,3.3,3.4,2.2,3.38,3.65,2.15,3.2,3.6,,,,2.2,3.4,3.6,44,2.21,2.14,3.4,3.24,3.75,3.5,38,2.38,2.27,1.71,1.6,24,-0.25,1.91,1.85,2.05,1.98
2,1,2,0,2.25,3.4,3.5,2.15,3.3,3.2,2.1,3.1,3.2,2.15,3.3,3.5,2.31,3.47,3.3,2.3,3.3,3.1,,,,2.3,3.4,3.3,49,2.31,2.23,3.47,3.29,3.5,3.23,47,2.15,2.06,1.83,1.74,28,-0.25,2.01,1.93,1.97,1.9
0,1,0,0,3.5,3.4,2.25,3.3,3.25,2.15,3.2,3.1,2.1,3.4,3.4,2.15,3.6,3.36,2.22,3.3,3.2,2.25,,,,3.5,3.4,2.25,49,3.61,3.37,3.4,3.26,2.27,2.18,46,2.25,2.16,1.75,1.67,28,0.5,1.75,1.7,2.25,2.17
2,2,1,1,2.1,3.6,3.75,2.05,3.3,3.5,2.1,3.1,3.2,2.1,3.5,3.5,2.09,3.64,3.71,2.05,3.4,3.6,,,,2.15,3.6,3.5,48,2.15,2.06,3.64,3.44,3.75,3.52,47,1.94,1.86,2.03,1.92,28,-0.5,2.1,2.04,1.86,1.79
1,4,0,1,3.1,3.6,2.38,2.9,3.3,2.3,2.8,3.1,2.3,3,3.4,2.3,3.24,3.62,2.27,3.2,3.2,2.3,,,,3.1,3.6,2.38,49,3.25,3.09,3.63,3.41,2.4,2.25,47,1.82,1.75,2.14,2.05,28,0.25,1.98,1.91,2.02,1.92
1,1,1,0,3,3.4,2.5,2.95,3.2,2.35,3,3.1,2.2,2.8,3.4,2.5,3.08,3.42,2.45,2.9,3.2,2.5,,,,3,3.4,2.5,49,3.15,2.97,3.42,3.26,2.5,2.39,48,2.14,2.03,1.88,1.77,28,0.25,1.86,1.8,2.1,2.05
1,0,1,0,1.6,4,6.5,1.5,3.9,6.25,1.45,3.9,6,1.53,4,6.5,1.59,4.04,6.7,1.6,3.6,6.5,,,,1.62,3.9,6.5,49,1.62,1.57,4.04,3.76,7,6.43,45,2.34,2.22,1.75,1.64,32,-1,2.13,2.03,1.89,1.8
2,1,0,0,2.5,3.4,3,2.4,3.2,2.85,2.3,3.1,2.8,2.6,3.3,2.7,2.5,3.47,2.96,2.5,3.2,2.88,,,,2.6,3.4,2.9,49,2.63,2.48,3.48,3.24,3,2.86,47,2.25,2.14,1.79,1.68,30,0,1.84,1.78,2.15,2.05
1,2,0,0,2.3,3.4,3.4,2.2,3.3,3.1,2.3,3.1,2.8,2.3,3.4,3.1,2.26,3.49,3.37,2.2,3.3,3.3,,,,2.3,3.4,3.4,49,2.4,2.24,3.5,3.31,3.4,3.22,48,2.09,2,1.9,1.78,28,0,1.7,1.61,2.43,2.3
1,1,0,1,1.57,4,7,1.53,3.7,6.5,1.5,3.8,5.5,1.6,3.8,6,1.58,4.15,6.69,1.6,3.5,6.5,,,,1.6,4.1,6.5,48,1.62,1.55,4.2,3.88,7.2,6.36,46,2.15,2.07,1.84,1.73,31,-1,2.03,1.97,1.93,1.85
0,3,0,0,2.88,3.4,2.63,2.6,3.2,2.6,2.55,3.1,2.55,2.62,3.3,2.62,2.82,3.37,2.68,2.7,3.1,2.7,,,,2.88,3.4,2.63,48,2.9,2.73,3.4,3.23,2.7,2.59,47,2.11,2.04,1.85,1.76,29,0,2.04,1.96,1.92,1.85
1,1,1,0,2.15,3.4,3.75,2.05,3.3,3.4,2,3.2,3.3,2.2,3.3,3.3,2.13,3.45,3.78,2.15,3.25,3.5,,,,2.2,3.4,3.6,48,2.22,2.11,3.45,3.32,3.8,3.51,46,2.2,2.12,1.77,1.7,28,-0.5,2.15,2.08,1.81,1.76
1,1,0,0,2.2,3.4,3.6,2.1,3.3,3.3,2,3.2,3.3,2.05,3.4,3.6,2.19,3.44,3.61,2.1,3.3,3.6,,,,2.25,3.4,3.5,46,2.25,2.12,3.5,3.32,3.7,3.45,44,2.11,2.04,1.84,1.75,27,-0.25,1.89,1.82,2.1,2.02
4,2,2,2,1.44,4.75,8.5,1.35,4.6,8.25,1.4,4,6.5,1.44,4.33,7,1.37,5.09,9.4,1.4,4.75,7.5,,,,1.4,5,9,47,1.44,1.39,5.1,4.69,9.5,8.06,37,1.75,1.65,2.3,2.17,27,-1.25,1.94,1.85,2.06,1.98
2,2,0,0,2,3.75,3.8,1.91,3.4,3.8,1.9,3.2,3.6,2.05,3.5,3.4,1.94,3.83,4,1.95,3.75,3.6,,,,1.95,3.8,3.9,47,2.05,1.93,3.83,3.63,4.15,3.75,37,1.75,1.65,2.33,2.17,27,-0.5,2.02,1.91,1.99,1.92
0,3,0,0,2.2,3.5,3.5,2.1,3.2,3.4,2.1,3.1,3.2,2.1,3.4,3.4,2.13,3.46,3.75,2.15,3.3,3.4,,,,2.1,3.5,3.75,47,2.2,2.1,3.6,3.36,3.75,3.47,44,2.11,2.03,1.84,1.76,27,-0.25,1.88,1.81,2.13,2.04
2,1,2,0,3,3.4,2.5,2.75,3.3,2.4,2.7,3.1,2.4,2.8,3.4,2.4,3,3.43,2.5,2.8,3.3,2.5,,,,3,3.5,2.45,47,3.1,2.91,3.5,3.29,2.5,2.42,46,2.04,1.96,1.92,1.82,25,0.25,1.82,1.78,2.16,2.07
2,0,2,0,1.53,4.33,7,1.5,3.8,6.5,1.5,3.8,5.5,1.53,4.2,5.5,1.49,4.45,7.71,1.5,4.33,6,,,,1.5,4.4,7.5,47,1.56,1.49,4.45,4.19,7.72,6.66,45,1.98,1.9,1.98,1.89,30,-1,1.92,1.82,2.09,2.01
1,0,1,0,2.88,3.4,2.63,2.6,3.2,2.6,2.55,3.1,2.55,2.6,3.3,2.62,2.82,3.3,2.72,2.88,3.2,2.5,,,,2.8,3.4,2.7,47,2.88,2.73,3.4,3.22,2.75,2.61,41,2.23,2.14,1.77,1.68,28,0,2.02,1.95,1.93,1.87
2,0,1,0,2.5,3.4,3,2.35,3.2,2.95,2.3,3.1,2.8,2.3,3.4,3,2.48,3.41,3.04,2.5,3.3,2.8,,,,2.45,3.5,3,47,2.52,2.4,3.5,3.3,3.1,2.92,45,2.04,1.97,1.91,1.82,27,-0.25,2.15,2.07,1.82,1.78
0,2,0,0,3.5,3.5,2.2,3.3,3.2,2.15,3.2,3.1,2.1,3.2,3.3,2.2,3.53,3.34,2.26,3.3,3.2,2.25,,,,3.5,3.4,2.25,48,3.53,3.32,3.5,3.26,2.3,2.21,40,2.3,2.21,1.72,1.63,27,0.25,1.98,1.92,1.97,1.91
4,3,2,1,1.67,3.8,6,1.67,3.6,5,1.65,3.5,4.5,1.7,3.6,5,1.66,3.94,5.95,1.67,3.6,5.5,,,,1.67,3.9,5.75,48,1.72,1.65,4,3.74,6,5.31,46,2.04,1.96,1.9,1.82,28,-0.75,1.89,1.84,2.07,2
1,1,1,0,4.33,3.5,1.83,4.5,3.2,1.85,3.8,3.2,1.85,3.75,3.5,1.95,4.68,3.53,1.89,4.33,3.5,1.83,,,,4.75,3.6,1.87,46,4.75,4.29,3.65,3.43,1.95,1.86,42,2.24,2.1,1.91,1.71,26,0.5,2.06,1.98,1.94,1.85
1,1,1,1,2.38,3.25,3,2.3,3.25,3,2.2,3.1,3,2.25,3.4,3.1,2.5,3.45,2.99,2.38,3.4,2.9,,,,2.45,3.5,3,45,2.5,2.36,3.5,3.32,3.3,2.96,43,1.93,1.87,2,1.9,26,-0.25,2.15,2.06,1.83,1.78
0,2,0,0,5,3.75,1.8,4.75,3.7,1.67,4,3.2,1.8,4.5,3.5,1.83,5.01,3.83,1.79,4.6,3.5,1.8,,,,4.8,3.8,1.8,48,5.01,4.63,3.83,3.58,1.85,1.77,47,2.05,1.97,1.92,1.81,28,0.75,1.9,1.84,2.04,1.99
2,2,2,1,2.3,3.5,3.3,2.05,3.4,3.3,2.2,3.1,3,2.2,3.4,3.2,2.33,3.48,3.27,2.2,3.3,3.3,,,,2.3,3.5,3.3,49,2.38,2.26,3.5,3.32,3.4,3.18,48,2.06,1.99,1.89,1.79,28,-0.25,2.01,1.94,1.95,1.88
2,1,1,1,3.5,3.4,2.25,3.4,3.25,2.1,3,3.1,2.2,3.2,3.4,2.25,3.4,3.4,2.26,3.2,3.2,2.3,,,,3.3,3.4,2.3,49,3.5,3.26,3.4,3.29,2.3,2.22,48,2.06,1.99,1.89,1.8,29,0.25,1.96,1.91,1.98,1.92
1,2,1,1,4.75,3.75,1.83,4.5,3.5,1.75,4,3.2,1.8,4.2,3.5,1.85,4.88,3.73,1.8,4.5,3.4,1.85,,,,4.8,3.8,1.8,49,5,4.55,3.8,3.57,1.85,1.79,47,2.06,1.99,1.9,1.79,29,0.75,1.88,1.81,2.07,2.02
1,1,0,1,2.05,3.6,3.8,1.95,3.4,3.6,2,3.2,3.3,2.05,3.5,3.6,2.05,3.78,3.67,2.05,3.5,3.5,,,,2.05,3.75,3.6,49,2.09,2.01,3.78,3.53,4,3.58,46,1.78,1.69,2.28,2.14,30,-0.5,2.05,1.99,1.9,1.84
3,2,2,1,1.29,6,13,1.25,5.5,10,1.3,4.4,8.5,1.3,5,11,1.27,6.02,14.55,1.3,4.5,13,,,,1.3,5.75,12,50,1.33,1.26,6.08,5.55,15,12.09,47,1.8,1.72,2.17,2.07,32,-1.5,1.81,1.76,2.21,2.09
1,2,1,1,2.7,3.4,2.75,2.45,3.2,2.75,2.4,3.1,2.7,2.5,3.3,2.75,2.62,3.25,2.95,2.7,3.1,2.7,,,,2.7,3.3,2.88,49,2.7,2.59,3.4,3.19,2.96,2.78,46,2.38,2.21,1.73,1.65,30,0,1.9,1.85,2.05,1.97
2,0,0,0,1.5,4.5,7.5,1.4,4.75,6.5,1.4,4,6.5,1.5,4.2,6.5,1.51,4.49,7.26,1.5,4,7,,,,1.5,4.6,7.5,48,1.5,1.46,4.75,4.34,8,6.86,48,1.93,1.87,1.99,1.91,30,-1,1.85,1.78,2.15,2.06
0,2,0,1,4.33,3.6,1.95,4,3.5,1.83,3.8,3.2,1.85,4.2,3.5,1.85,3.93,3.78,1.96,4,3.4,1.95,,,,4.1,3.75,1.95,49,4.5,3.94,3.78,3.58,1.96,1.89,48,1.91,1.81,2.07,1.97,30,0.5,2,1.93,1.96,1.9
0,1,0,1,2.05,3.6,3.8,1.91,3.4,3.75,1.9,3.2,3.6,1.95,3.5,3.8,2.07,3.61,3.75,2.05,3.5,3.5,,,,2.05,3.6,3.9,49,2.09,2.02,3.6,3.47,4,3.62,46,1.75,1.69,2.25,2.13,30,-0.5,2.07,2.01,1.88,1.82
0,0,0,0,2.5,3.4,3,2.4,3.25,2.8,2.4,3.1,2.7,2.5,3.4,2.7,2.5,3.35,3.01,2.5,3.2,2.9,,,,2.5,3.4,3,49,2.57,2.44,3.4,3.24,3.1,2.91,47,2.11,2.03,1.84,1.76,29,0,1.8,1.75,2.17,2.08
1,1,1,0,1.91,3.6,4.5,1.95,3.2,3.9,1.9,3.2,3.6,2,3.3,3.8,1.88,3.54,4.77,1.95,3.4,4,,,,1.95,3.5,4.4,48,2.05,1.89,3.6,3.38,4.77,4.27,44,2.35,2.22,1.75,1.64,29,-0.5,2,1.86,2.06,1.96
2,2,0,1,2.88,3.4,2.63,2.5,3.3,2.65,2.6,3.1,2.5,2.6,3.4,2.7,2.86,3.43,2.62,2.7,3.1,2.7,,,,2.88,3.4,2.6,49,2.88,2.73,3.43,3.27,2.7,2.58,48,2.06,1.98,1.88,1.8,29,0,2.05,1.96,1.92,1.86
1,1,0,1,2.1,3.5,3.8,2.05,3.3,3.5,2,3.2,3.3,2.15,3.4,3.4,2.11,3.58,3.69,2.15,3.2,3.5,,,,2.15,3.5,3.6,49,2.17,2.08,3.58,3.37,3.8,3.52,48,2.01,1.93,1.94,1.84,29,-0.5,2.13,2.06,1.83,1.77
0,0,0,0,2.1,3.5,3.75,2,3.4,3.5,2,3.2,3.3,2.1,3.4,3.5,2.12,3.47,3.78,2.1,3.3,3.6,,,,2.15,3.5,3.7,49,2.15,2.06,3.5,3.35,3.86,3.6,48,2.12,2.01,1.85,1.78,29,-0.5,2.12,2.06,1.82,1.78
4,0,3,0,1.22,7,15,1.2,6,12,1.2,5.2,11,1.22,6.5,13,1.22,7.2,15.77,1.22,5.5,15,,,,1.22,7,16,50,1.23,1.2,7.2,6.5,17,13.73,40,1.57,1.51,2.63,2.45,31,-2,2.1,2.01,1.88,1.81
3,1,2,1,1.75,3.75,5.25,1.67,3.5,5,1.65,3.5,4.5,1.75,3.5,5,1.72,3.83,5.46,1.73,3.5,5,,,,1.73,3.8,5.4,49,1.76,1.7,3.83,3.61,5.5,5.1,46,2.17,2.09,1.81,1.71,28,-0.75,1.99,1.93,1.96,1.9
0,2,0,0,7.5,4.2,1.53,6.25,3.75,1.53,4.8,3.6,1.6,6.5,4,1.55,7.19,4.26,1.53,7,4,1.5,,,,7,4.2,1.55,49,7.67,6.61,4.33,3.96,1.6,1.52,48,2.03,1.95,1.91,1.82,31,1,2.05,1.94,1.97,1.87
2,1,2,0,1.85,3.6,4.75,1.83,3.4,4.2,1.9,3.2,3.6,1.91,3.4,4.2,1.83,3.63,4.89,1.91,3.3,4.33,,,,1.91,3.5,4.6,49,1.91,1.85,3.63,3.43,4.95,4.41,47,2.2,2.11,1.81,1.7,29,-0.5,1.92,1.83,2.09,2
2,0,0,0,2.9,3.4,2.6,2.8,3.25,2.4,2.7,3.1,2.4,2.7,3.3,2.62,2.85,3.34,2.67,2.75,3.2,2.62,,,,2.8,3.4,2.7,50,3,2.79,3.4,3.24,2.74,2.53,47,2.16,2.06,1.83,1.73,29,0,2.08,2,1.88,1.82
0,1,0,1,6.5,4.33,1.55,5.5,4.1,1.53,5,3.7,1.55,6,4,1.57,6.77,4.36,1.54,6,4,1.55,,,,6.5,4.33,1.55,49,7,6.14,4.4,4.01,1.58,1.54,48,1.92,1.85,2.03,1.93,32,1,1.98,1.91,1.97,1.91
1,0,0,0,3.6,3.5,2.15,3.2,3.2,2.2,2.8,3.1,2.3,3.1,3.4,2.25,3.61,3.5,2.16,3.3,3.3,2.2,,,,3.6,3.5,2.15,49,3.65,3.34,3.55,3.37,2.3,2.15,48,2.05,1.96,1.91,1.82,28,0.25,2.06,1.99,1.9,1.84
1,1,0,1,2.15,3.5,3.6,2.05,3.4,3.4,2,3.2,3.3,2.1,3.4,3.4,2.19,3.58,3.45,2.1,3.4,3.5,,,,2.15,3.6,3.5,47,2.2,2.1,3.6,3.43,3.65,3.38,46,1.88,1.81,2.06,1.97,26,-0.25,1.88,1.82,2.07,2
1,3,0,2,3.2,3.6,2.3,3.2,3.3,2.15,3.2,3.1,2.1,3,3.4,2.3,3.19,3.66,2.29,3.2,3.2,2.3,,,,3.13,3.6,2.3,47,3.3,3.1,3.66,3.43,2.3,2.22,39,1.75,1.66,2.25,2.15,27,0.25,1.94,1.89,2,1.94
0,1,0,1,1.95,3.5,4.33,1.95,3.2,3.9,2,3.2,3.3,2,3.4,4,1.99,3.51,4.3,2,3.4,3.8,,,,1.95,3.5,4.33,48,2,1.95,3.57,3.36,4.43,4.02,44,2.28,2.16,1.77,1.67,30,-0.5,2,1.93,1.96,1.89
3,3,2,2,2.05,3.6,3.8,2.05,3.25,3.5,2.1,3.1,3.2,2.05,3.6,3.5,2.08,3.72,3.62,2.05,3.5,3.5,,,,2.1,3.7,3.6,49,2.11,2.01,3.72,3.54,3.8,3.55,42,1.76,1.68,2.3,2.15,31,-0.5,2.1,2,1.89,1.83
0,1,0,1,4,3.8,1.95,3.9,3.5,1.85,4.2,3.3,1.75,4,3.75,1.83,4,3.76,1.97,4,3.5,1.91,,,,4,3.8,1.95,49,4.25,3.92,3.8,3.61,1.97,1.89,45,1.78,1.72,2.18,2.09,31,0.5,2.02,1.94,1.97,1.89
2,2,0,1,1.36,5.25,10,1.3,5,9,1.3,4.4,8.5,1.33,4.75,10,1.37,5.05,10.28,1.36,4.5,10,,,,1.36,5,10.5,48,1.37,1.33,5.5,4.89,11,9.72,45,1.92,1.81,2.1,1.97,30,-1.5,2.06,1.97,1.95,1.85
2,2,2,1,1.53,4.5,6.5,1.5,4.1,5.75,1.55,3.7,5,1.53,4.2,6,1.55,4.44,6.47,1.53,4.2,6,,,,1.55,4.5,6.25,49,1.57,1.52,4.5,4.25,6.6,6.04,37,1.7,1.63,2.33,2.22,32,-1,1.94,1.84,2.08,1.99
0,0,0,0,2.1,3.5,3.8,2,3.25,3.7,1.9,3.2,3.6,2.05,3.4,3.5,2.14,3.43,3.75,2.1,3.2,3.75,,,,2.1,3.5,3.8,49,2.15,2.06,3.5,3.31,4,3.67,46,2.19,2.05,1.83,1.75,31,-0.5,2.14,2.05,1.85,1.79
2,1,0,1,2,3.6,4,1.95,3.25,3.9,2,3.2,3.3,2,3.4,3.6,1.99,3.56,4.15,2,3.4,3.8,,,,2.05,3.5,4,49,2.05,1.98,3.6,3.4,4.15,3.81,43,2.25,2.12,1.79,1.7,31,-0.5,2.03,1.97,1.92,1.85
4,4,3,1,3.8,3.75,2,3.8,3.4,1.91,3.6,3.2,1.9,3.75,3.4,2,3.84,3.71,2.03,3.8,3.4,2,,,,3.75,3.7,2.05,49,4.05,3.73,3.75,3.53,2.05,1.96,47,1.91,1.83,2.05,1.96,31,0.5,1.94,1.87,2.02,1.95
1,0,0,0,1.4,5.25,8,1.4,4.5,7,1.4,4,6.5,1.4,4.5,8,1.42,5.1,8.01,1.4,4.5,8,,,,1.44,5,8,49,1.44,1.39,5.25,4.75,8.5,7.53,37,1.67,1.58,2.5,2.32,30,-1.25,1.95,1.88,2,1.95
2,1,1,0,2.6,3.4,2.9,2.45,3.3,2.7,2.55,3.1,2.55,2.5,3.3,2.8,2.53,3.29,3.08,2.6,3.2,2.75,,,,2.6,3.25,3,49,2.6,2.5,3.4,3.2,3.09,2.86,41,2.38,2.25,1.71,1.62,31,0,1.8,1.77,2.17,2.07
1,1,0,1,2.4,3.5,3.1,2.3,3.25,2.95,2.3,3.1,2.8,2.4,3.4,3,2.38,3.53,3.11,2.4,3.1,3.1,,,,2.45,3.5,3,49,2.45,2.35,3.53,3.33,3.2,2.99,47,2,1.92,1.94,1.87,30,0,1.75,1.7,2.26,2.15
2,0,0,0,2.05,3.6,3.8,1.91,3.5,3.7,2,3.2,3.3,2.05,3.5,3.6,2.08,3.54,3.9,2,3.4,3.75,,,,2.1,3.6,3.7,45,2.11,2.04,3.6,3.4,3.9,3.63,43,1.97,1.88,1.98,1.89,27,-0.5,2.13,2.04,1.85,1.79
0,1,0,0,2.05,3.6,3.8,1.95,3.3,3.75,2,3.2,3.3,2.05,3.5,3.6,2.01,3.57,3.96,2,3.3,3.5,,,,2.05,3.6,3.9,44,2.05,1.99,3.6,3.39,4.05,3.73,42,2.08,1.99,1.88,1.79,26,-0.5,2.05,1.98,1.9,1.84
1,0,0,0,2.25,3.4,3.5,2.2,3.25,3.1,2.3,3.1,2.8,2.25,3.4,3.1,2.21,3.49,3.49,2.3,3.2,3.2,,,,2.3,3.4,3.4,47,2.31,2.21,3.5,3.32,3.5,3.26,45,2.2,2.07,1.84,1.73,28,-0.25,1.98,1.91,2,1.92
0,2,0,1,4.33,3.7,1.91,4.25,3.6,1.75,4,3.2,1.8,4.5,3.75,1.8,3.99,3.79,1.96,4.2,3.6,1.83,,,,4.2,3.8,1.87,46,4.6,4.13,3.8,3.57,1.96,1.87,46,1.96,1.87,1.99,1.91,29,0.5,2.04,1.95,1.96,1.88
3,2,2,0,1.53,4.33,7,1.45,4.1,6.75,1.4,4,6.5,1.53,4,6,1.55,4.17,6.93,1.57,4,5.5,,,,1.53,4.33,7,47,1.57,1.52,4.33,4.04,7.5,6.51,46,2.02,1.92,2,1.86,30,-1,1.99,1.91,2,1.92
4,3,1,0,5.25,3.8,1.75,4.75,3.7,1.67,4.5,3.5,1.65,5,3.6,1.73,5.28,3.84,1.74,4.33,3.75,1.75,,,,5.4,3.8,1.73,47,5.5,4.93,3.85,3.69,1.75,1.7,47,2.03,1.94,1.96,1.84,28,0.75,1.99,1.93,1.98,1.9
2,2,1,2,2.4,3.5,3.1,2.25,3.3,3,2.3,3.1,2.8,2.38,3.4,2.88,2.28,3.69,3.12,2.4,3.2,3,,,,2.3,3.6,3.13,47,2.42,2.3,3.69,3.42,3.2,2.99,44,1.82,1.73,2.19,2.08,28,0,1.72,1.67,2.32,2.2
2,1,1,0,1.62,4.2,6,1.57,3.9,5.25,1.55,3.7,5,1.62,4,5.5,1.62,4.18,5.66,1.67,3.5,5.5,,,,1.67,4.2,5.4,48,1.67,1.62,4.2,3.9,6,5.35,47,1.85,1.74,2.19,2.06,27,-0.75,1.85,1.79,2.11,2.05
3,3,2,1,4.75,3.8,1.8,4.25,3.5,1.8,4,3.2,1.8,3.8,3.6,1.85,4.4,3.67,1.9,4.33,3.5,1.83,,,,4.5,3.8,1.85,47,4.75,4.35,3.8,3.56,1.9,1.82,47,2.04,1.95,1.94,1.83,29,0.5,2.07,2.01,1.9,1.83
0,2,0,1,3.75,3.75,2.05,3.5,3.4,2,3.3,3.2,2,3.4,3.6,2,3.58,3.71,2.1,3.4,3.4,2.1,,,,3.7,3.5,2.15,47,3.82,3.5,3.75,3.52,2.15,2.04,45,1.79,1.72,2.19,2.09,29,0.5,1.85,1.79,2.13,2.05
1,1,0,0,6.25,4,1.62,5.25,3.9,1.57,5,3.7,1.55,6,4,1.53,5.89,4.06,1.64,5.5,3.75,1.62,,,,6,4.2,1.62,47,6.25,5.65,4.2,3.87,1.65,1.6,46,2,1.94,1.93,1.85,29,1,1.87,1.77,2.18,2.08
1,2,1,0,1.75,3.75,5.25,1.72,3.5,4.6,1.7,3.4,4.3,1.73,3.6,5,1.76,3.71,5.34,1.8,3.6,4.33,,,,1.75,3.75,5.25,47,1.8,1.73,3.75,3.59,5.5,4.9,45,2.22,2.12,1.8,1.7,28,-0.75,2.01,1.96,1.93,1.87
0,1,0,1,3.1,3.5,2.4,2.95,3.25,2.3,2.8,3.1,2.3,3.1,3.3,2.3,3.08,3.44,2.44,3,3.2,2.4,,,,3.13,3.5,2.4,47,3.13,3.01,3.5,3.3,2.44,2.34,45,2.2,2.1,1.8,1.71,28,0.25,1.86,1.82,2.1,2.02
3,0,2,0,1.29,6,12,1.28,5.25,9.5,1.25,4.8,9.5,1.29,5.5,9.5,1.28,6.25,12.29,1.3,5,11,,,,1.29,6.25,12,43,1.3,1.27,6.25,5.62,13,10.61,36,1.62,1.54,2.55,2.39,27,-1.5,1.84,1.79,2.15,2.04
2,1,0,0,1.91,3.6,4.5,1.87,3.5,3.8,1.9,3.2,3.6,1.91,3.5,4,1.86,3.66,4.64,1.91,3.5,4,,,,1.9,3.6,4.6,46,1.95,1.86,3.66,3.49,4.8,4.24,44,2.11,2.03,1.85,1.77,29,-0.5,1.91,1.85,2.06,1.98
3,2,2,1,3.3,3.5,2.3,3.2,3.3,2.15,3.2,3.1,2.1,3.25,3.3,2.25,3.2,3.48,2.36,3.25,3,2.38,,,,3.1,3.5,2.4,47,3.35,3.14,3.5,3.32,2.4,2.27,45,1.92,1.84,2.04,1.94,28,0.25,1.92,1.87,2.05,1.97
0,0,0,0,4.5,3.8,1.85,4.1,3.5,1.83,4,3.2,1.8,4,3.75,1.85,4.28,3.91,1.86,4.2,3.5,1.85,,,,4.33,3.9,1.85,47,4.6,4.17,3.91,3.71,1.87,1.81,40,1.74,1.67,2.27,2.14,28,0.75,1.85,1.8,2.12,2.05
0,1,0,1,2.3,3.5,3.3,2.15,3.4,3.1,2.1,3.1,3.2,2.2,3.4,3.2,2.28,3.68,3.13,2.3,3.2,3.2,,,,2.3,3.6,3.13,47,2.32,2.23,3.69,3.43,3.3,3.12,44,1.8,1.71,2.24,2.11,28,-0.25,2.01,1.95,1.93,1.89
3,0,1,0,1.36,5.25,9.5,1.36,5,7,1.35,4.2,7.5,1.36,5,8,1.36,5.39,9.62,1.4,4.5,8,,,,1.4,5,9,47,1.4,1.35,5.39,4.96,9.62,8.43,35,1.68,1.62,2.38,2.22,30,-1.5,2.14,2,1.92,1.84
0,3,0,2,7,4.75,1.5,5.75,4.25,1.48,5.5,3.8,1.5,6.5,4.2,1.5,7.6,4.59,1.48,6,4.2,1.5,,,,7,4.4,1.53,47,7.6,6.72,4.75,4.32,1.53,1.47,40,1.79,1.7,2.23,2.11,26,1,2.19,2.09,1.82,1.77
0,3,0,1,1.36,5.5,9,1.3,5,8.75,1.3,4.4,8.5,1.36,5,8,1.39,5.2,8.76,1.36,4.8,8.5,,,,1.4,5.2,8.5,47,1.4,1.35,5.5,4.94,9.5,8.39,36,1.7,1.62,2.33,2.22,31,-1.5,2.09,2.02,1.91,1.82
0,0,0,0,2.4,3.4,3.2,2.25,3.3,3,2.1,3.1,3.2,2.25,3.4,3.1,2.44,3.56,3,2.4,3.1,3.1,,,,2.45,3.5,2.9,47,2.45,2.35,3.56,3.35,3.2,2.96,45,1.92,1.78,2.13,2.02,28,-0.25,2.12,2.04,1.85,1.8
0,0,0,0,1.6,4,6.5,1.55,3.9,5.5,1.45,3.9,6,1.57,3.8,6,1.63,3.99,6.29,1.62,3.6,6,,,,1.62,4.1,6,46,1.67,1.59,4.1,3.82,6.5,5.85,46,2.07,2,1.9,1.79,27,-0.75,1.83,1.78,2.15,2.07
4,2,2,0,1.45,4.5,8.5,1.44,4.4,6.25,1.45,3.9,6,1.45,4.5,7,1.45,4.82,7.91,1.44,4.2,8,,,,1.45,4.8,7.5,47,1.5,1.44,4.82,4.43,8.5,7.22,36,1.68,1.64,2.35,2.2,28,-1.25,2.05,1.98,1.91,1.86
1,2,0,2,2,3.8,3.8,1.9,3.5,3.7,1.9,3.2,3.6,2,3.6,3.6,2,3.85,3.77,2,3.4,3.8,,,,2,3.8,3.8,47,2.02,1.95,3.85,3.58,3.98,3.72,40,1.75,1.67,2.3,2.15,29,-0.5,2,1.94,1.96,1.9
1,1,1,0,1.36,5.25,10,1.35,4.6,8.25,1.35,4.2,7.5,1.4,4.5,8,1.41,5.16,8.32,1.4,4.5,8,,,,1.4,5.25,9,47,1.41,1.37,5.25,4.81,10,8.08,35,1.68,1.63,2.35,2.21,27,-1.5,2.16,2.09,1.82,1.76
4,2,1,0,1.4,5,9,1.36,4.75,7.25,1.35,4.2,7.5,1.4,4.75,8,1.39,4.93,9.22,1.4,4.5,8,,,,1.4,5,9,47,1.4,1.37,5.25,4.76,9.5,8.22,38,1.76,1.69,2.23,2.11,27,-1.5,2.16,2.08,1.83,1.77
