FTHG,FTAG,HTHG,HTAG,B365H,B365D,B365A,BWH,BWD,BWA,GBH,GBD,GBA,IWH,IWD,IWA,LBH,LBD,LBA,SBH,SBD,SBA,WHH,WHD,WHA,SJH,SJD,SJA,VCH,VCD,VCA,BSH,BSD,BSA,Bb1X2,BbMxH,BbAvH,BbMxD,BbAvD,BbMxA,BbAvA,BbOU,BbMx>2.5,BbAv>2.5,BbMx<2.5,BbAv<2.5,BbAH,BbAHh,BbMxAHH,BbAvAHH,BbMxAHA,BbAvAHA
1,1,1,0,3.3,3.25,2.2,3.2,3,2.25,3.4,3.1,2.15,3.1,3.1,2.3,2.88,3,2.25,3.1,3.1,2.2,3,3.1,2.15,3.5,3,2.25,3.25,3.2,2.1,3.1,3.2,2.2,35,3.73,3.26,3.32,3.13,2.35,2.22,30,2.2,2.03,1.78,1.72,19,0,2.57,2.38,1.6,1.54
1,2,1,1,3.75,3.25,2.05,4.15,3.15,1.85,3.75,3.2,2,3.7,3.2,2,3.75,3,1.91,3.8,3.2,1.9,3.75,3,1.91,4,3.2,2,3.5,3.2,2,4,3.2,1.91,35,4.4,3.9,3.38,3.19,2.05,1.97,30,2.18,2.04,1.8,1.73,19,0.5,1.91,1.85,2.08,2.02
1,2,1,1,2.5,3.2,2.88,2.4,3,2.85,2.5,3.1,2.8,2.35,3.05,3.05,2.38,3.2,2.6,2.4,3.1,2.75,2.5,2.9,2.62,2.5,3,3,2.4,3.2,2.7,2.6,3,2.7,34,2.68,2.5,3.25,3.08,3.05,2.84,29,2.31,2.12,1.7,1.66,17,0,1.83,1.76,2.12,2.04
3,2,0,0,2.4,3.2,3,2.5,3,2.7,2.4,3.2,2.9,2.5,3.1,2.8,2.5,3,2.6,2.45,3.1,2.7,2.3,3,2.8,2.4,3.2,3,2.25,3.2,2.9,2.5,3.1,2.75,34,2.5,2.42,3.27,3.11,3.26,2.92,28,2.01,1.94,1.94,1.8,17,0,1.75,1.67,2.3,2.13
1,1,0,0,1.2,6,15,1.2,5.5,12,1.22,5.75,12,1.2,5.5,14,1.2,5,11,1.2,5.5,12,1.2,5,11,1.22,6,13,1.2,5.5,12,1.25,5.5,10,34,1.25,1.22,6.38,5.65,21.5,13.25,29,1.85,1.75,2.15,2,17,-1.5,1.84,1.79,2.15,2.05
1,0,1,0,1.29,5.25,11,1.3,4.55,8.75,1.3,5,9,1.25,5,12,1.3,4.2,9,1.25,5,10,1.25,4.5,10,1.29,5,11,1.25,5,10,1.25,5,11,34,1.32,1.28,5.59,4.9,14,10.72,28,1.88,1.81,2.06,1.95,18,-1.5,2.03,1.96,1.92,1.88
1,0,1,0,1.83,3.4,4.5,1.8,3.2,4.3,1.8,3.3,4.5,1.75,3.4,4.8,1.83,3,4,1.8,3.25,4.2,1.8,3.1,4,1.91,3.2,4.33,1.75,3.3,4.5,1.8,3.25,4.33,34,1.91,1.81,3.48,3.27,5.04,4.49,28,2.1,1.99,1.86,1.78,17,0,1.33,1.3,3.53,3.22
0,0,0,0,2.38,3.1,3.2,2.25,2.9,3.2,2.3,3.1,3.1,2.4,3,3.05,2.2,3,3,2.3,3,3,2.25,3,2.88,2.4,3.1,3.1,2.25,3.2,3,2.3,3.1,3,35,2.48,2.34,3.25,3.08,3.31,3.05,29,2.22,2.1,1.79,1.68,17,0,1.75,1.65,2.28,2.14
2,1,1,0,2.15,3.25,3.5,2.15,3,3.3,2.1,3.2,3.5,2,3.2,3.8,2.2,3.2,2.8,2.2,3.1,3.1,2.1,3.1,3.1,2.25,3.2,3.25,2,3.1,3.5,2.25,3.2,3,35,2.3,2.17,3.38,3.16,3.71,3.31,29,2.14,2.03,1.86,1.73,17,0,1.6,1.54,2.56,2.35
2,2,1,1,1.8,3.4,4.75,1.7,3.3,4.7,1.8,3.3,4.5,1.75,3.4,4.8,1.73,3.2,4.33,1.8,3.25,4.2,1.73,3.2,4.33,1.8,3.4,4.75,1.7,3.4,4.5,1.83,3.25,4.2,34,1.83,1.78,3.53,3.31,5.5,4.71,28,2.14,2.01,1.84,1.76,17,0,1.36,1.28,3.92,3.39
0,0,0,0,2.2,3.1,3.5,2.15,3,3.3,2.15,3,3.6,2.25,3.1,3.15,2.2,3,3,2.1,3,3.4,2.1,3,3.2,2.25,3,3.5,2.1,3,3.4,2.1,3,3.6,33,2.29,2.18,3.24,3.04,3.72,3.43,28,2.39,2.19,1.68,1.62,20,0,1.6,1.53,2.52,2.4
0,4,0,3,3,3,2.5,2.7,3,2.5,2.9,3,2.5,2.7,3,2.6,2.62,2.88,2.5,2.8,3.2,2.3,2.7,3,2.38,2.88,3,2.6,2.7,3,2.4,2.75,3.1,2.5,35,3.24,2.87,3.28,3.05,2.62,2.5,29,2.05,1.97,1.88,1.8,22,0,2.25,2.08,1.8,1.72
0,1,0,1,2.4,3,3.2,2.4,3,2.85,2.45,3,3,2.5,3.1,2.8,2.25,3,2.88,2.4,3,2.85,2.3,2.9,2.9,2.38,3,3.2,2.3,3,3,2.4,3.1,2.8,34,2.55,2.42,3.31,3.05,3.25,2.97,29,2.28,2.1,1.75,1.68,19,0,1.79,1.7,2.23,2.08
1,3,0,0,2,3.2,4,1.85,3.1,4.15,2,3,4.1,1.9,3.2,4.1,1.8,3.2,4,1.9,3.1,4,1.91,3.1,3.6,2.05,3,4.1,1.9,3.1,4,2,3.1,3.75,34,2.06,1.96,3.3,3.15,4.55,4.01,29,2.53,2.3,1.65,1.57,19,0,1.44,1.38,3.23,2.82
1,2,1,1,3,3,2.5,2.85,3,2.4,3,3,2.45,2.8,3.1,2.5,2.75,3,2.38,2.85,3,2.4,2.62,2.9,2.5,3,3,2.5,2.75,3,2.5,2.8,3,2.5,34,3.02,2.86,3.27,3.04,2.65,2.5,29,2.28,2.09,1.75,1.69,20,0,2.09,2.01,1.86,1.78
1,0,1,0,1.8,3.4,4.75,1.75,3.2,4.6,1.85,3.2,4.5,1.8,3.3,4.4,1.73,3.2,4.33,1.8,3.1,4.5,1.8,3.1,4,1.91,3.2,4.33,1.8,3.25,4.33,1.8,3.2,4.5,34,1.91,1.83,3.55,3.28,4.9,4.42,29,2.07,1.96,1.87,1.8,20,0,1.35,1.32,3.3,3.14
3,1,2,0,1.5,4,7.5,1.55,3.45,6,1.57,3.6,6,1.5,3.8,6.7,1.57,3.25,5.5,1.45,3.75,7,1.44,3.6,6.5,1.57,3.6,6.5,1.5,3.6,6,1.44,4,7,34,1.57,1.52,4.21,3.72,7.7,6.66,29,2.07,1.98,1.9,1.78,20,0,1.15,1.14,5.5,5.03
2,1,1,1,1.95,3.2,4.2,2,3.1,3.55,1.95,3.1,4.1,1.9,3.2,4.1,1.83,3,4,1.9,3.1,4,1.83,3,4,2,3.1,4.2,1.9,3.1,3.8,1.91,3.1,4,35,2.03,1.95,3.43,3.15,4.52,4.05,30,2.31,2.13,1.73,1.66,20,0,1.41,1.36,3.04,2.91
1,3,1,1,3.1,3.1,2.38,2.7,3,2.5,2.8,3.2,2.45,2.8,3.1,2.5,2.5,2.88,2.62,2.65,3,2.55,2.62,2.9,2.5,2.8,3.1,2.6,2.9,3,2.38,2.75,3.1,2.5,34,3.1,2.79,3.3,3.07,2.65,2.55,29,1.91,1.85,2.02,1.91,19,0,2.13,2.01,1.84,1.78
3,1,2,0,2.1,3.2,3.6,2.05,3.1,3.4,2.1,3.1,3.6,2.1,3.15,3.5,2,3.2,3.2,2.1,3.1,3.3,2,3.1,3.3,2.05,3.25,3.75,2,3.1,3.6,2,3.2,3.5,35,2.15,2.07,3.39,3.16,4.01,3.58,30,1.99,1.89,2,1.86,21,0,1.54,1.46,2.73,2.55
0,2,0,0,4,3.2,2,3.75,3.1,1.95,3.75,3.2,2,3.6,3.3,2,3.2,3.2,2,3.75,3,2,3.6,3.1,1.91,4,3.2,2,3.4,3.2,2,3.5,3.2,2.05,38,4.42,3.82,3.4,3.22,2.05,1.99,29,2.1,1.96,1.86,1.79,20,0,3.1,2.74,1.47,1.41
0,0,0,0,4.75,3.3,1.83,4.75,3.3,1.7,4.5,3.3,1.8,4.7,3.4,1.75,4.33,3.2,1.73,4.5,3.25,1.75,4.33,3.2,1.73,5,3.5,1.73,4.5,3.25,1.8,4.5,3.4,1.75,39,5.35,4.66,3.61,3.35,1.85,1.79,31,2.02,1.93,1.91,1.83,20,0,3.62,3.34,1.35,1.3
0,1,0,0,2.38,3.1,3.1,2.4,3,2.85,2.5,3.1,2.8,2.4,3.1,2.95,2.38,3,2.75,2.45,3,2.8,2.3,3.1,2.75,2.3,3.1,3.25,2.3,3.2,2.75,2.5,3.1,2.75,39,2.55,2.42,3.31,3.09,3.25,2.97,30,2.05,1.95,1.88,1.8,19,0,1.74,1.69,2.28,2.12
0,2,0,2,2.4,3,3.2,2.1,3,3.4,2.25,3.1,3.25,2.2,3.1,3.3,2.1,3.2,3,2.2,3,3.2,2.25,3,2.88,2.38,3,3.25,2.25,3.2,2.9,2.3,3.1,3,39,2.43,2.3,3.27,3.06,3.65,3.21,31,2.35,2.19,1.67,1.63,19,0,1.73,1.62,2.45,2.23
1,0,0,0,1.6,3.6,6.25,1.55,3.45,6,1.6,3.6,5.75,1.55,3.7,6,1.57,3.25,5.5,1.57,3.4,6,1.53,3.5,5.5,1.57,3.6,6.5,1.57,3.5,5.5,1.57,3.5,6,39,1.64,1.57,4.02,3.6,7,6.18,30,2.05,1.97,1.88,1.79,19,0,1.19,1.17,4.8,4.43
4,1,1,1,2.05,3.2,3.8,1.9,3.15,3.85,2.05,3.2,3.6,2,3.2,3.7,2,3.2,3.2,2,3.1,3.6,1.95,3.2,3.4,2.1,3.2,3.6,2,3.1,3.6,2.1,3.2,3.3,37,2.15,2.04,3.35,3.2,4.15,3.67,28,2.13,2.02,1.9,1.76,19,0,1.53,1.46,2.72,2.54
2,0,0,0,1.3,5,11,1.3,4.5,9,1.28,5,10,1.25,5,12,1.3,4.2,9,1.25,5,10,1.25,4.5,10,1.29,5,11,1.25,5,10,1.29,4.75,10,38,1.32,1.28,5.5,5.05,13,10.56,29,1.8,1.7,2.25,2.06,18,0,1.06,1.05,10,8.55
1,1,0,1,1.62,3.6,6,1.65,3.38,4.95,1.67,3.4,5.5,1.6,3.6,5.6,1.62,3.25,5,1.62,3.5,5,1.57,3.3,5.5,1.62,3.6,6,1.6,3.4,5.5,1.67,3.3,5.4,37,1.7,1.63,3.95,3.5,6.45,5.65,28,2.02,1.93,1.93,1.82,19,0,1.22,1.19,5.05,4.14
1,2,1,0,4,3.2,2,3.65,3,2,3.5,3.2,2.1,3.4,3.25,2.1,3,3.2,2.1,3.3,3.2,2.05,3.2,3.2,2,3.5,3.2,2.15,3.3,3.1,2.1,3.4,3.1,2.1,39,4.01,3.6,3.44,3.21,2.15,2.06,30,1.91,1.8,2.04,1.94,19,0,2.64,2.51,1.53,1.47
4,2,1,2,1.67,3.5,5.5,1.65,3.2,5.45,1.67,3.4,5.5,1.7,3.5,4.9,1.62,3.25,5,1.6,3.4,5.5,1.57,3.3,5.5,1.67,3.5,5.5,1.67,3.3,5,1.67,3.4,5,39,1.7,1.64,3.91,3.49,6.4,5.59,31,1.98,1.88,1.97,1.87,19,0,1.25,1.21,4.33,4.01
2,0,2,0,1.3,5,11,1.25,5,10,1.25,5.25,12,1.22,5.3,13,1.2,5,11,1.22,5.25,11,1.22,4.8,10,1.25,5.5,13,1.22,5.25,11,1.2,5.5,13,32,1.32,1.26,5.52,5.17,14,12.01,26,1.85,1.76,2.11,2.01,17,0,1.08,1.04,12,9.61
0,0,0,0,2,3.3,3.75,2,3.2,3.45,2,3.25,3.7,2,3.3,3.6,2,3,3.5,1.9,3.4,3.6,1.91,3.1,3.6,1.95,3.3,4,2,3.2,3.5,2,3.2,3.6,33,2.04,1.98,3.53,3.25,4.23,3.83,27,1.83,1.77,2.11,2,18,0,1.45,1.41,2.87,2.71
4,1,3,0,2.5,3.1,2.9,2.3,3,3,2.3,3.1,3.1,2.3,3,3.2,2.1,3.2,3,2.4,3,2.85,2.3,3,2.8,2.38,3,3.25,2.38,3.1,2.75,2.2,3.1,3.1,33,2.62,2.39,3.3,3.07,3.25,3.02,26,2.32,2.16,1.7,1.64,16,0,1.82,1.7,2.12,2.07
1,2,1,0,6,3.6,1.62,5.25,3.5,1.6,5.5,3.6,1.62,6.5,3.5,1.55,5.5,3.2,1.6,5.5,3.75,1.53,5,3.5,1.57,5.5,3.6,1.67,5,3.4,1.67,5.5,3.6,1.57,33,6.6,5.78,3.79,3.56,1.65,1.6,26,2.12,1.96,1.85,1.79,17,0,4.5,4.25,1.22,1.18
1,1,1,0,2.9,3.1,2.5,2.5,3.15,2.6,2.8,3.1,2.5,2.8,3.1,2.5,2.75,3,2.38,2.7,3,2.5,2.7,3,2.38,2.8,3.1,2.63,2.7,3.2,2.4,2.7,3.1,2.5,33,2.97,2.78,3.2,3.09,2.73,2.56,26,2.12,1.99,1.83,1.76,16,0,2.05,1.97,1.92,1.82
3,1,2,0,2.9,3.1,2.5,2.75,3.1,2.4,2.8,3.1,2.5,2.8,3.1,2.5,2.6,3.1,2.4,2.7,3,2.5,2.7,3,2.38,3,3,2.5,2.6,3.1,2.5,2.7,3.1,2.5,32,3.19,2.89,3.23,3.08,2.65,2.48,25,2.26,2.12,1.75,1.67,17,0,2.19,2.04,1.8,1.76
1,0,0,0,1.33,4.75,10,1.3,5,8,1.33,4.5,9.5,1.33,4.6,9,1.33,3.75,9,1.28,4.6,9.5,1.33,4,8,1.33,4.5,11,1.3,4.33,9.5,1.3,4.33,11,33,1.37,1.33,5.07,4.51,12,9.82,26,1.91,1.82,2.02,1.93,16,0,1.09,1.06,9,7.74
1,0,1,0,2.38,3.1,3.1,2.25,3.15,2.95,2.35,3.1,3,2.4,3.1,2.95,2.25,3,2.88,2.3,3,3,2.3,3,2.8,2.5,3,3,2.3,3.1,2.8,2.4,3.1,2.8,33,2.5,2.37,3.31,3.09,3.25,3.05,26,2.07,1.97,1.88,1.78,17,0,1.76,1.68,2.24,2.1
3,1,3,0,1.95,3.4,3.8,1.9,3.3,3.65,2,3.2,3.75,1.85,3.4,4,1.9,3,3.75,2,3.2,3.5,1.91,3.1,3.6,1.91,3.4,4.1,1.9,3.25,3.75,1.91,3.25,3.8,33,2.12,1.99,3.6,3.25,4,3.76,26,1.86,1.74,2.08,2.01,17,0,1.49,1.43,2.75,2.62
4,1,2,0,1.67,3.4,6,1.6,3.35,5.55,1.62,3.6,5.5,1.65,3.4,5.4,1.57,3.25,5.5,1.6,3.3,5.75,1.57,3.5,5,1.67,3.4,6,1.67,3.3,5,1.57,3.4,6,31,1.67,1.61,3.75,3.45,6.6,5.83,24,2.05,1.97,1.89,1.77,16,0,1.22,1.18,4.7,4.26
0,0,0,0,1.8,3.4,4.75,1.8,3.2,4.25,1.75,3.4,4.75,1.85,3.4,4,1.83,3.3,4.5,1.8,3.1,4.5,1.8,3.3,4.8,1.73,3.5,5,1.75,3.3,4.33,1.8,3.25,4.33,34,1.85,1.79,3.58,3.3,5.28,4.71,28,2.11,2.02,1.83,1.74,19,0,1.33,1.29,3.65,3.29
0,1,0,0,2.1,3.1,3.75,2.05,3.1,3.45,2.1,3.2,3.5,2,3.2,3.7,2.1,3.1,3.75,2,3.1,3.6,2.1,3.1,3.75,2.2,3,3.6,2,3.1,3.6,2,3.1,3.75,35,2.2,2.09,3.34,3.14,3.83,3.62,28,2.2,2.1,1.77,1.69,19,0,1.55,1.47,2.65,2.51
2,0,1,0,2.15,3.1,3.6,2.05,3.1,3.45,2.1,3.1,3.6,2,3.2,3.7,2.1,3.1,3.75,2,3,3.75,2.2,3.1,3.5,2.1,3.1,3.75,2,3.2,3.4,2.1,3.1,3.4,36,2.21,2.09,3.4,3.14,3.95,3.61,28,2.23,2.12,1.74,1.68,20,0,1.5,1.45,2.7,2.57
2,0,1,0,2.1,3.1,3.75,2.05,3.05,3.5,2.1,3.1,3.6,2.1,3.25,3.4,2,3.2,4,2,3,3.75,2.2,3.1,3.5,2.1,3.1,3.75,2,3.1,3.6,2,3.1,3.75,34,2.16,2.07,3.36,3.14,4,3.69,28,2.07,1.96,1.88,1.8,19,0,1.5,1.43,2.9,2.63
3,1,3,1,1.4,4.2,8.5,1.35,4.05,8.75,1.4,4.2,7.75,1.35,4.7,8,1.4,4.33,8,1.4,3.8,8,1.44,3.75,9,1.4,4.33,8.5,1.4,3.8,7.5,1.4,4.2,7.5,34,1.45,1.4,4.68,4.16,9.28,8.23,28,1.81,1.74,2.14,2.02,17,0,1.12,1.11,6.63,5.96
1,2,1,2,1.91,3.2,4.33,1.85,3.15,4.05,1.91,3.25,4,1.85,3.4,4,1.91,3.2,4.33,1.85,3.1,4.2,2,3,4.33,1.91,3.2,4.5,1.85,3.25,3.8,1.83,3.2,4.2,35,2,1.89,3.47,3.23,4.72,4.25,28,2.18,2.07,1.77,1.7,20,0,1.41,1.34,3.3,3
3,3,2,2,2.8,3.25,2.55,2.7,3.1,2.45,2.75,3.1,2.55,2.7,3.2,2.5,2.8,3.25,2.5,2.65,3.1,2.5,2.88,3.2,2.5,3,3.25,2.38,2.6,3.2,2.5,2.5,3.25,2.6,35,3,2.78,3.38,3.17,2.63,2.51,28,1.78,1.71,2.2,2.07,17,0,2.1,1.97,1.86,1.81
0,0,0,0,2.4,3.1,3.1,2.3,3.15,2.85,2.35,3.1,3,2.1,3.25,3.4,2.38,3.1,3.1,2.3,3.1,2.9,2.4,3.1,3.1,2.25,3.1,3.4,2.25,3,3.1,2.3,3.2,2.88,36,2.45,2.34,3.26,3.12,3.4,3.07,29,2.25,2.12,1.75,1.66,20,0,1.7,1.65,2.32,2.15
1,0,1,0,3.25,3.1,2.3,3.1,3.1,2.2,3.1,3.1,2.3,3.1,3.1,2.3,3.2,3.2,2.25,3,3.1,2.25,3.3,3.1,2.3,3.4,3.2,2.2,3,3.2,2.2,3.1,3.1,2.25,35,3.4,3.18,3.37,3.13,2.4,2.28,28,1.93,1.86,2,1.88,18,0,2.37,2.2,1.7,1.62
2,2,1,1,3.4,3.2,2.2,3.5,3.05,2.05,3.3,3.1,2.2,3.4,3.25,2.1,3.5,3.2,2.1,3.2,3.2,2.1,3.3,3.2,2.25,3.2,3,2.4,3.2,3.2,2.1,3.4,3.1,2.1,32,3.8,3.34,3.34,3.13,2.4,2.2,27,2.09,1.98,1.91,1.79,17,0,2.39,2.31,1.68,1.57
0,1,0,0,3.75,3.1,2.1,3.45,3.1,2.05,3.6,3.2,2.05,3.7,3.2,2,3,3,2.2,3.3,3.1,2.1,3.6,3.1,1.91,3.75,3.2,2.1,3,3.2,2.2,3.1,3.1,2.25,32,4,3.58,3.26,3.12,2.25,2.11,25,2.3,2.18,1.7,1.64,17,0,2.64,2.51,1.53,1.48
1,0,0,0,3.8,3.3,2,3.95,3.25,1.85,4,3.3,1.9,3.6,3.3,2,4,3.2,1.8,3.8,3.2,1.9,4.2,3.3,1.73,4,3.2,2,3.6,3.25,1.9,3.75,3.2,2,32,4.35,4,3.4,3.22,2.1,1.95,25,2.01,1.9,1.92,1.84,16,0,3.05,2.77,1.45,1.4
1,1,1,0,4.33,3.25,1.91,3.9,3.2,1.87,4,3.3,1.9,3.6,3.3,2,3.75,3.2,1.83,4,3.2,1.85,4.2,3.25,1.73,4,3.4,1.91,4,3.1,1.85,4,3.3,1.83,32,4.65,4.11,3.47,3.27,2,1.9,24,1.8,1.72,2.16,2.04,15,0,3,2.83,1.42,1.38
1,1,0,0,2.2,3.2,3.4,2.05,3,3.55,2.1,3.2,3.5,2.1,3.25,3.4,1.91,3.2,3.5,2.1,3.1,3.3,1.91,3.1,3.6,2.2,3,3.6,1.9,3.25,3.6,2.1,3.2,3.3,32,2.2,2.1,3.25,3.12,3.94,3.59,24,2.36,2.2,1.68,1.62,15,0,1.56,1.5,2.72,2.47
1,1,1,0,1.22,6,13,1.25,5,10,1.25,5.5,10,1.25,5,12,1.22,5,10,1.2,5.6,11,1.17,5.5,12,1.25,5.5,13,1.2,5.5,11,1.25,5,12,32,1.3,1.24,6.5,5.38,15,11.99,25,1.85,1.75,2.1,2,14,-1.75,2.37,2.27,1.73,1.68
1,1,0,0,2.1,3.2,3.6,2.05,3,3.55,2.1,3.1,3.6,2.1,3.3,3.35,1.83,3.2,3.75,2.05,3.2,3.3,1.83,3.2,3.75,2.1,3.2,3.6,2.1,3.1,3.3,2,3.25,3.6,32,2.26,2.09,3.3,3.14,4.15,3.61,24,1.93,1.85,2,1.9,15,0,1.55,1.5,2.61,2.44
0,0,0,0,1.33,4.5,11,1.3,4.25,10,1.33,4.6,9,1.3,4.8,9.5,1.3,4.33,8,1.28,4.5,10,1.29,4.5,8,1.33,4.6,10,1.33,4.33,8,1.33,4.2,10,32,1.36,1.32,5.14,4.59,11.02,9.88,25,1.91,1.84,2.02,1.91,14,-1.5,2.22,2.11,1.82,1.76
2,1,0,0,1.67,3.4,6,1.65,3.25,5.25,1.67,3.6,5,1.7,3.5,4.9,1.67,3.2,5,1.65,3.25,5.25,1.62,3.3,5,1.67,3.4,6,1.67,3.3,5,1.67,3.4,5,32,1.68,1.63,3.92,3.49,6.55,5.71,24,2.1,1.97,1.85,1.78,15,0,1.22,1.2,4.2,3.99
0,2,0,1,1.91,3.2,4.33,1.9,3.05,4.05,1.9,3.3,4,1.75,3.4,4.7,1.83,3.2,3.75,1.85,3.25,4,1.8,3.1,4,1.91,3.2,4.33,1.8,3.2,4,1.91,3.25,3.8,32,1.96,1.89,3.44,3.22,4.65,4.2,24,2.1,2,1.86,1.76,15,0,1.4,1.36,3.1,2.89
2,0,0,0,2.25,3.2,3.3,2.25,3.1,3,2.15,3.2,3.3,2.1,3.25,3.4,2.2,3.1,2.9,2.2,3.2,3,2.1,3.1,3.1,2.2,3.1,3.5,2.2,3.2,3,2.2,3.2,3.1,31,2.3,2.22,3.4,3.19,3.46,3.22,23,1.92,1.82,2,1.93,16,0,1.63,1.58,2.43,2.28
0,0,0,0,2.05,3.2,3.8,1.95,3.1,3.75,2,3.1,4,2.05,3.1,3.7,1.83,3,4,2,3.1,3.6,1.95,3.1,3.5,2,3.2,4,2,3,3.75,1.91,3.1,4,33,2.07,2,3.45,3.15,4.13,3.88,27,2.3,2.18,1.7,1.64,17,0,1.47,1.43,2.8,2.61
2,1,1,1,1.44,4.2,7.5,1.4,3.7,8.5,1.45,4,7.25,1.45,4,7,1.4,3.75,7,1.4,4,7.5,1.36,4,7,1.5,4,7,1.44,3.75,7,1.4,4.2,7,34,1.5,1.44,4.39,4.07,8.5,7.4,28,1.75,1.68,2.25,2.1,17,0,1.16,1.13,6,5.19
1,1,1,0,3.5,3,2.25,3.15,3.15,2.15,3.1,3.1,2.25,3.4,3.25,2.1,3.2,3.2,2,3.4,3,2.1,3.2,3.2,2,3.4,3.1,2.25,3.5,3.2,2,3.5,3.1,2.1,33,3.6,3.38,3.26,3.09,2.35,2.2,27,2.09,2.01,1.83,1.76,17,0,2.45,2.32,1.64,1.54
1,3,0,2,3,3.2,2.4,2.85,3.05,2.35,3,3.1,2.35,2.95,3.1,2.4,2.6,3,2.5,2.7,3.2,2.4,2.62,3.2,2.3,3.2,3,2.38,3,3,2.3,2.88,3.1,2.38,32,3.2,2.98,3.25,3.09,2.57,2.41,26,2.12,2,1.85,1.78,17,0,2.18,2.08,1.79,1.71
1,2,1,1,2.1,3.1,3.75,2.15,3.05,3.25,2.15,3.1,3.45,2.1,3.1,3.6,2,3,3.5,2.1,3.1,3.3,2,3.2,3.2,2.1,3.1,3.75,2.1,3,3.4,2.1,3.1,3.4,33,2.23,2.13,3.23,3.1,3.8,3.51,27,2.3,2.18,1.68,1.64,17,0,1.55,1.51,2.67,2.45
0,0,0,0,1.85,3.3,4.5,1.8,3.1,4.45,1.8,3.25,4.6,1.8,3.4,4.3,1.67,3.3,4.5,1.8,3.25,4.2,1.73,3.25,4.2,1.88,3.4,4.33,1.8,3.3,4,1.8,3.25,4.33,33,1.9,1.81,3.64,3.32,4.9,4.51,27,2.08,1.98,1.86,1.79,18,0,1.38,1.32,3.35,3.12
2,0,2,0,3.8,3.3,2,3.95,3.1,1.9,3.75,3.2,2,3.6,3.3,2,3.5,3.2,1.91,3.8,3.2,1.9,3.4,3.25,1.91,3.75,3.1,2.1,3.5,3.1,2,3.6,3.2,2,33,4,3.78,3.51,3.21,2.1,2,27,1.92,1.85,2,1.9,17,0,2.8,2.57,1.55,1.45
2,1,1,1,1.7,3.4,5.5,1.7,3.3,4.7,1.72,3.4,5,1.7,3.5,4.9,1.67,3.2,5,1.65,3.4,5,1.62,3.4,4.8,1.8,3.25,5,1.7,3.3,4.5,1.75,3.3,4.5,32,1.76,1.7,3.83,3.4,5.81,5.16,26,1.68,1.62,2.39,2.21,17,0,1.32,1.25,3.85,3.52
1,1,1,1,1.65,3.6,5.5,1.65,3.4,4.9,1.67,3.4,5.5,1.65,3.5,5.3,1.62,3.25,5,1.6,3.4,5.5,1.57,3.5,5,1.67,3.5,5.5,1.57,3.4,5.5,1.62,3.5,5.4,33,1.68,1.63,3.8,3.49,6.56,5.66,27,1.94,1.85,2,1.9,17,0,1.22,1.2,4.33,3.94
0,0,0,0,2,3.2,4,2,3.05,3.65,2,3.1,4,2,3.1,3.8,2,3.2,3.2,2,3,3.75,1.91,3.2,3.5,2,3.2,4,1.9,3.1,4,1.95,3.1,3.8,32,2.08,2.01,3.32,3.1,4.3,3.92,27,2.35,2.17,1.67,1.64,17,0,1.5,1.41,2.9,2.67
0,5,0,3,3.25,3.2,2.25,3.25,3.1,2.2,3.1,3.1,2.3,3.2,3.2,2.2,3.2,3,2.1,3,3.1,2.25,2.88,3.1,2.2,3.25,3.2,2.25,3.1,3.2,2.1,3.2,3.2,2.2,31,3.25,3.09,3.25,3.13,2.5,2.31,26,2,1.88,1.93,1.86,16,0,2.25,2.17,1.75,1.64
1,1,1,1,1.73,3.4,5.25,1.7,3.4,5,1.73,3.3,5,1.7,3.5,4.9,1.67,3.2,5,1.65,3.4,5,1.67,3.3,4.5,1.73,3.4,5.25,1.7,3.25,5,1.7,3.3,5.25,32,1.82,1.74,3.5,3.34,5.86,5.07,26,2.02,1.94,1.92,1.81,16,0,1.29,1.25,3.9,3.57
2,1,1,1,2.4,3.1,3.1,2.45,3.1,2.85,2.4,3.1,3,2.2,3.2,3.2,2.38,3,2.75,2.4,3,2.85,2.38,2.88,2.8,2.38,3,3.25,2.38,3,2.9,2.3,3,3.1,31,2.55,2.4,3.25,3.05,3.25,3,26,2.28,2.12,1.72,1.66,16,0,1.75,1.68,2.23,2.12
1,2,0,1,2,3.1,4.1,2.05,3,3.8,2,3,4,2.1,3.15,3.5,2,3,3.5,2,3,3.75,1.91,3,3.75,2.1,3,4,2,3,3.75,2,3,4,31,2.1,2.01,3.22,3.05,4.36,3.95,26,2.47,2.25,1.67,1.59,15,0,1.45,1.4,2.9,2.74
1,1,1,1,2.4,3.1,3.1,2.3,3.25,2.95,2.3,3.2,3,2.35,3.2,2.9,2.25,3,2.88,2.3,3.1,2.9,2.25,3.1,2.8,2.38,3,3.25,2.38,3.1,2.8,2.38,3.1,2.88,31,2.4,2.31,3.25,3.12,3.48,3.09,27,2.02,1.9,1.91,1.84,15,0,1.67,1.64,2.37,2.17
1,2,0,0,3.1,3.1,2.4,3,3.05,2.4,3.1,3.1,2.3,3,3.2,2.3,2.75,3,2.38,2.85,3,2.4,2.8,3,2.3,3.2,3,2.38,3,3.1,2.25,2.88,3.1,2.38,31,3.3,3.01,3.16,3.04,2.51,2.4,26,2.2,2.1,1.74,1.67,16,0,2.22,2.11,1.75,1.67
2,1,0,1,2.1,3.3,3.5,2.15,3.1,3.4,2.1,3.2,3.5,2,3.3,3.6,2,3,3.5,2.05,3.15,3.4,2,3.2,3.2,2.15,3.2,3.5,2.1,3.1,3.3,2.1,3.2,3.4,31,2.2,2.11,3.46,3.18,3.71,3.44,27,1.77,1.71,2.22,2.04,16,0,1.54,1.49,2.66,2.5
2,1,0,1,1.55,3.75,6.5,1.57,3.5,6.25,1.57,3.6,6,1.6,3.5,5.8,1.57,3.25,5.5,1.5,3.6,6.5,1.5,3.4,6,1.5,3.75,7.5,1.5,3.5,6,1.57,3.5,6,31,1.6,1.56,3.8,3.55,7.65,6.47,26,2.04,1.92,1.9,1.82,16,0,1.17,1.15,5,4.59
1,0,1,0,1.95,3.2,4.2,1.9,3.2,4.1,1.9,3.3,4,1.85,3.4,4,1.83,3,4,1.85,3.2,4,1.83,3.2,3.75,2,3.2,4,1.9,3.1,3.8,1.91,3.2,4,31,2.02,1.92,3.31,3.18,4.54,4.08,26,2.25,2.06,1.76,1.7,15,0,1.39,1.37,3.04,2.88
1,3,1,1,1.67,3.5,5.5,1.65,3.4,5.45,1.7,3.45,5,1.6,3.5,5.7,1.67,3.2,5,1.65,3.4,5,1.67,3.3,4.5,1.73,3.5,5,1.6,3.4,5,1.73,3.4,4.75,31,1.74,1.68,3.68,3.41,5.75,5.28,26,1.95,1.87,1.97,1.86,16,0,1.29,1.23,4.1,3.68
2,1,2,0,1.22,5.5,15,1.25,5.75,13,1.23,5.5,12,1.22,5.3,13,1.25,4.5,10,1.18,5.5,13,1.2,5,11,1.22,5.5,15,1.2,5,12,1.22,5.5,12,34,1.27,1.23,6.15,5.37,16.26,12.65,31,1.83,1.74,2.09,2.01,19,-1.5,1.9,1.86,2.05,1.98
4,1,4,0,1.53,3.75,7,1.55,3.5,6.5,1.57,3.5,6.5,1.6,3.5,5.8,1.57,3.25,5.5,1.5,3.6,6.25,1.5,3.4,6,1.57,3.75,6,1.44,3.6,7,1.57,3.5,6,34,1.6,1.55,4.03,3.59,7.4,6.55,30,2.05,1.97,1.88,1.79,19,-1,2.1,2.04,1.86,1.81
3,1,1,0,2.1,3.1,3.75,2.1,3.15,3.5,2.05,3.2,3.6,2.1,3.25,3.4,2,3,3.5,2,3.1,3.6,1.95,3.1,3.5,2.05,3,4.2,2,3.2,3.4,2,3.1,3.75,34,2.15,2.07,3.3,3.13,4.15,3.65,30,2.15,2.04,1.8,1.72,20,0,1.48,1.44,2.82,2.62
2,0,1,0,2.63,3,2.88,2.55,3,2.8,2.55,3.1,2.75,2.5,3.1,2.8,2.38,2.8,2.88,2.5,3.2,2.6,2.5,2.9,2.62,2.75,3,2.75,2.5,3.1,2.62,2.6,3,2.7,34,2.74,2.56,3.2,3.03,2.98,2.78,30,2.25,2.11,1.73,1.66,20,0,1.86,1.82,2.08,1.96
3,2,0,1,2.75,3,2.75,2.6,3.2,2.6,2.6,3.1,2.7,2.6,3.2,2.6,2.38,3,2.75,2.62,3.1,2.5,2.5,2.9,2.62,2.5,3,3,2.5,3.1,2.6,2.62,3.1,2.62,32,2.75,2.6,3.2,3.07,3.01,2.72,28,2.13,1.99,1.83,1.77,19,0,1.9,1.84,2.05,1.94
1,2,1,0,4,3.1,2,4,3.2,2.05,3.6,3.2,2.05,3.6,3.3,2,3.5,3.2,1.91,3.3,3.2,2.05,3.4,3.2,1.95,3.75,3.2,2.1,3.5,3.2,2,3.75,3.25,2,34,4.16,3.71,3.33,3.15,2.12,2.02,31,2.22,2.07,1.76,1.69,20,0,2.9,2.62,1.5,1.43
0,1,0,0,1.75,3.4,5,1.7,3.35,5.05,1.75,3.4,4.75,1.8,3.4,4.3,1.67,3.2,5,1.75,3.25,4.5,1.7,3.3,4.33,1.83,3.25,4.75,1.8,3.25,4.33,1.75,3.3,4.75,34,1.85,1.75,3.62,3.35,5.25,4.76,30,2.09,2,1.86,1.75,20,-0.75,2.11,2.07,1.83,1.8
1,0,0,0,2.1,3.1,3.75,2.05,3.2,3.55,2.05,3.25,3.5,2,3.3,3.6,1.91,3.2,3.5,2.05,3.25,3.25,2,3.2,3.2,2.1,3.2,3.75,2,3.2,3.4,2,3.25,3.6,34,2.17,2.07,3.4,3.21,3.79,3.5,30,1.87,1.79,2.11,1.96,20,0,1.56,1.49,2.66,2.49
0,1,0,1,1.33,4.75,10,1.35,4.25,9.5,1.36,4.25,9,1.35,4.7,8,1.33,3.75,9,1.33,4.5,8,1.3,4.33,8,1.36,4.5,9,1.36,4,8,1.3,4.5,11,34,1.38,1.34,5.05,4.48,11,9.35,30,1.68,1.63,2.37,2.17,19,-1.25,1.88,1.85,2.08,2.02
0,1,0,0,7,3.5,1.57,6.25,3.5,1.65,6,3.5,1.6,5.5,3.4,1.65,5.5,3.25,1.57,5.5,3.4,1.6,5.5,3.5,1.53,6,3.6,1.62,5.5,3.4,1.6,6,3.4,1.62,34,7.3,6.09,3.96,3.55,1.65,1.58,30,2.17,2.04,1.8,1.72,20,1,1.93,1.87,2.05,1.98
2,1,1,0,2.3,3.1,3.3,2.2,3.15,3.2,2.25,3,3.35,2.2,3.1,3.3,2,3,3.5,2.2,3,3.2,2.25,3.1,3.4,2.4,3,3.2,2.25,3.1,3,2.2,3.1,3.2,37,2.4,2.24,3.2,3.06,3.5,3.26,31,2.33,2.17,1.67,1.62,19,0,1.65,1.58,2.43,2.26
1,2,1,1,2.25,3.1,3.4,2.25,3,3.3,2.25,3,3.35,2.1,3.25,3.4,2.2,3,3,2.15,2.9,3.4,2.25,3.1,3.4,2.25,3,3.5,2.25,3,3.1,2.25,3.1,3.1,37,2.36,2.23,3.2,3.05,3.57,3.28,31,2.33,2.17,1.69,1.62,19,0,1.65,1.58,2.41,2.28
2,1,1,0,2.4,3.2,3,2.35,3.2,2.9,2.4,3.15,2.9,2.5,3.1,2.8,2.3,3,2.8,2.3,3.1,2.9,2.5,3.1,2.9,2.5,3,3,2.25,3.1,3,2.4,3.2,2.8,36,2.59,2.41,3.2,3.09,3.16,2.91,30,2.05,1.95,1.87,1.8,19,0,1.75,1.7,2.23,2.07
5,1,2,0,1.75,3.4,5,1.75,3.4,4.65,1.75,3.3,5,1.75,3.4,4.8,1.62,3.3,5,1.7,3.4,4.5,1.73,3.4,5.25,1.73,3.5,5,1.67,3.3,5,1.73,3.3,5,37,1.87,1.74,3.5,3.35,5.35,4.87,31,2.08,1.96,1.85,1.78,19,0,1.29,1.26,3.8,3.49
0,1,0,0,1.8,3.4,4.75,1.75,3.25,4.9,1.8,3.25,4.6,1.85,3.3,4.2,1.73,3.2,4.33,1.73,3.3,4.5,1.75,3.4,5,1.83,3.4,4.5,1.75,3.3,4.5,1.8,3.3,4.33,37,1.88,1.78,3.5,3.3,5.1,4.62,31,2.09,1.98,1.83,1.76,18,0,1.33,1.3,3.52,3.26
1,0,0,0,2.4,3.1,3.1,2.35,3.05,3.05,2.4,3,3,2.4,3.2,2.85,2.25,3,2.88,2.35,2.95,2.95,2.37,3.1,3.1,2.38,3,3.2,2.25,3.1,3,2.5,3.1,2.75,37,2.6,2.41,3.23,3.04,3.13,2.96,31,2.28,2.15,1.71,1.64,19,0,1.8,1.7,2.16,2.07
2,2,0,2,2.88,3.2,2.5,2.8,3.15,2.45,2.8,3,2.6,2.85,3.2,2.4,2.75,3,2.38,2.7,3,2.5,2.9,3.1,2.5,2.75,3,2.75,2.62,3.2,2.4,2.8,3.1,2.5,37,2.95,2.82,3.3,3.1,2.66,2.49,32,2.12,2,1.8,1.73,18,0,2.1,2,1.88,1.78
2,0,0,0,2.1,3.2,3.6,2.05,3.05,3.75,2.1,3.1,3.6,2.1,3.2,3.45,1.91,2.88,4,2.05,2.95,3.6,2.05,3.2,3.75,2.1,3.1,3.75,1.9,3.1,3.75,2.1,3.1,3.5,37,2.15,2.05,3.25,3.11,4.1,3.7,31,2.25,2.13,1.74,1.65,18,0,1.5,1.45,2.9,2.59
2,1,1,1,2.5,3.2,2.88,2.35,3.2,2.9,2.4,3.1,2.95,2.5,3.2,2.7,2.5,3.2,2.5,2.4,3.1,2.75,2.5,3.1,2.9,2.38,3.25,3,2.3,3.2,2.75,2.5,3.3,2.6,37,2.5,2.4,3.3,3.14,3.3,2.9,31,1.73,1.68,2.23,2.08,18,0,1.78,1.71,2.31,2.07
5,3,4,0,1.44,4,8,1.45,3.7,8,1.45,3.75,8,1.45,4,7,1.36,3.75,8,1.4,4,7.5,1.44,4,8,1.44,4,8,1.36,4,8,1.5,3.5,8,37,1.52,1.46,4.13,3.83,9,7.69,32,1.8,1.72,2.16,2.02,16,0,1.14,1.11,6,5.58
2,3,1,0,1.53,3.75,7,1.52,3.65,6.55,1.55,3.6,6.5,1.57,3.6,6,1.5,3.5,6,1.45,3.75,6.75,1.5,3.4,6,1.53,3.5,8,1.5,3.5,6.5,1.53,3.5,6.5,38,1.58,1.53,3.95,3.64,7.9,6.87,33,1.91,1.81,2.05,1.94,20,-1,2.02,1.98,1.93,1.88
2,0,1,0,1.53,3.8,6.5,1.52,3.85,6,1.55,3.6,6.5,1.5,3.8,6.7,1.44,3.6,6.5,1.45,3.75,6.75,1.4,3.75,7,1.53,3.75,7,1.5,3.5,6.5,1.44,3.75,7.5,38,1.61,1.53,3.98,3.69,7,6.61,34,2,1.91,1.95,1.84,19,0,1.18,1.16,5.25,4.61
3,0,3,0,2.1,3.1,3.8,2.1,3.1,3.55,2.1,3.1,3.6,2.1,3.25,3.4,2.1,3,3.2,2,3,3.75,2.05,3.2,3.1,2.05,3.1,4,2,3.2,3.4,2.1,3.1,3.4,36,2.15,2.08,3.37,3.14,3.95,3.64,31,2.15,2.05,1.79,1.72,20,0,1.5,1.46,2.66,2.54
1,1,0,1,2.5,3.1,2.9,2.4,3.1,2.9,2.5,3.1,2.8,2.4,3.2,2.85,2.38,3,2.75,2.45,2.9,2.9,2.38,3.1,2.62,2.38,3.2,3,2.3,3.2,2.8,2.3,3.2,2.88,36,2.65,2.49,3.26,3.11,3.04,2.84,31,2.1,1.98,1.9,1.78,21,0,1.88,1.79,2.08,2
3,1,1,0,1.44,4,8,1.48,3.7,7.35,1.45,4,7.25,1.45,4,7,1.44,3.5,7,1.45,3.6,7.5,1.44,3.6,6.5,1.44,4,8,1.4,3.75,8,1.44,3.75,7.5,36,1.47,1.44,4.58,3.94,8.65,7.74,31,2,1.87,1.95,1.88,20,0,1.14,1.12,5.9,5.45
0,2,0,0,6,3.8,1.57,5.65,3.55,1.6,5.75,3.6,1.6,6,3.7,1.55,5.5,3.5,1.53,6.25,3.4,1.55,6,3.75,1.44,5.5,3.5,1.67,5.5,3.4,1.6,6,3.6,1.53,35,6.5,5.89,3.8,3.56,1.67,1.59,32,2.22,2.05,1.8,1.72,20,0,4.65,4.15,1.23,1.19
0,0,0,0,2.05,3.1,4,2.12,3.2,3.35,2.1,3.2,3.5,1.9,3.35,3.8,2,3,3.5,2.1,3.2,3.2,2.05,3.2,3.1,2.1,3.2,3.6,2,3.2,3.4,2.05,3.2,3.4,35,2.2,2.07,3.3,3.17,4,3.57,31,1.93,1.84,2,1.91,20,0,1.57,1.48,2.66,2.52
2,1,1,1,1.67,3.5,5.5,1.6,3.45,5.9,1.67,3.5,5.25,1.6,3.6,5.6,1.5,3.5,6,1.6,3.5,5.2,1.5,3.4,6,1.75,3.4,5,1.67,3.5,4.5,1.57,3.5,5.5,36,1.71,1.62,3.65,3.52,6.65,5.76,31,1.78,1.71,2.18,2.06,19,0,1.25,1.19,4.5,4.12
0,0,0,0,1.67,3.5,5.5,1.65,3.4,5.45,1.62,3.5,5.75,1.6,3.6,5.6,1.62,3.3,5,1.65,3.4,5,1.53,3.5,5.5,1.62,3.4,6.5,1.67,3.5,4.5,1.62,3.4,5.5,36,1.7,1.63,3.69,3.46,6.5,5.82,31,2.02,1.92,1.9,1.83,20,0,1.22,1.19,4.7,4.19
1,1,1,1,2.75,3.1,2.63,2.6,3.1,2.65,2.75,3,2.65,2.5,3.15,2.75,2.6,3,2.5,2.5,3,2.7,2.5,2.9,2.62,2.6,3,2.88,2.6,3,2.6,2.62,3.1,2.6,35,2.92,2.72,3.19,3.05,2.8,2.63,30,2.28,2.12,1.71,1.67,20,0,2.02,1.92,1.95,1.86
2,5,0,2,4.33,3.4,1.85,4.55,3.25,1.8,4.25,3.3,1.85,4.3,3.4,1.8,4,3.2,1.8,4.2,3.25,1.8,4.2,3.25,1.73,4.33,3.25,1.91,4.33,3.25,1.8,4.2,3.25,1.83,38,5.2,4.47,3.4,3.26,1.91,1.83,32,2.11,2,1.83,1.74,22,0,3.32,3.15,1.36,1.32
0,0,0,0,3.4,3.1,2.25,3.22,3.2,2.17,3.2,3.2,2.2,3,3.2,2.3,2.8,3.1,2.25,3,3.2,2.2,3.1,3.1,2.1,3.25,3.1,2.3,3.25,3.1,2.1,3.25,3.1,2.25,38,3.61,3.3,3.33,3.14,2.3,2.2,31,2,1.92,1.93,1.82,22,0,2.52,2.33,1.64,1.56
1,0,1,0,1.85,3.3,4.5,1.85,3.1,4.55,1.9,3.2,4.2,1.85,3.3,4.2,1.8,3,4.33,1.85,3.2,4,1.8,3.1,4,2,3.2,4,1.8,3.25,4.33,1.83,3.1,4.33,38,2,1.88,3.3,3.14,4.78,4.38,31,2.33,2.19,1.68,1.62,21,0,1.4,1.34,3.3,3.02
3,1,1,1,2.7,3.1,2.7,2.65,3,2.7,2.75,3,2.6,2.6,3.1,2.65,2.4,3.1,2.62,2.5,3.2,2.6,2.5,2.9,2.62,2.8,3,2.7,2.6,3.1,2.6,2.6,3,2.7,38,2.95,2.68,3.21,3.05,2.8,2.65,31,2.12,2,1.86,1.76,21,0,2.05,1.91,1.9,1.86
2,0,0,0,2.4,3.1,3.1,2.35,3.15,2.95,2.45,3.1,2.9,2.4,3.2,2.85,2.25,3,2.88,2.4,3.1,2.8,2.3,3,2.8,2.38,3,3.2,2.3,3.1,2.9,2.4,3.1,2.88,38,2.52,2.4,3.27,3.09,3.2,2.96,31,2.06,1.96,1.9,1.79,22,0,1.75,1.68,2.22,2.1
4,2,3,0,1.65,3.6,5.5,1.65,3.4,5.45,1.67,3.5,5.25,1.65,3.4,5.5,1.62,3.25,5,1.6,3.5,5.25,1.61,3.3,5,1.73,3.5,5,1.67,3.4,4.5,1.62,3.5,5.5,37,1.73,1.66,3.81,3.47,5.75,5.27,30,2,1.91,1.98,1.84,21,0,1.28,1.23,4.1,3.75
1,1,0,1,1.62,3.75,5.5,1.6,3.5,5.75,1.6,3.75,5.5,1.6,3.5,5.8,1.57,3.5,5,1.55,3.6,5.5,1.53,3.5,5.5,1.67,3.6,5.5,1.6,3.5,5,1.62,3.6,5.4,38,1.67,1.6,4.03,3.62,6.5,5.68,32,1.73,1.66,2.3,2.12,23,0,1.23,1.2,4.85,4.1
1,2,0,2,3.6,3.25,2.1,3.4,3.1,2.15,3.2,3.2,2.2,3.2,3.2,2.2,3,3,2.2,3.1,3.1,2.2,3.1,3.1,2.1,3.4,3.1,2.25,3.2,3.2,2.1,3.4,3.1,2.1,38,3.85,3.39,3.35,3.14,2.25,2.15,32,2.18,2.02,1.8,1.73,23,0,2.54,2.36,1.62,1.54
2,0,1,0,2.05,3.2,3.8,2,3.15,3.8,2.1,3,3.75,2,3.2,3.7,1.91,3.2,3.5,2,3.1,3.6,2,3.1,3.3,2.15,3.1,3.6,2,3.1,3.5,2.05,3.1,3.6,38,2.2,2.07,3.28,3.15,3.96,3.63,31,2.28,2.1,1.73,1.67,22,0,1.53,1.47,2.77,2.54
0,1,0,0,2.45,3.2,2.9,2.45,3.05,2.9,2.45,3.1,2.9,2.5,3.2,2.7,2.38,3,2.75,2.4,3.1,2.8,2.37,2.87,2.8,2.5,3,3,2.3,3.1,2.9,2.4,3.1,2.88,38,2.51,2.42,3.3,3.09,3.21,2.94,31,2.1,1.99,1.85,1.75,21,0,1.75,1.7,2.27,2.09
1,3,1,2,5.5,3.5,1.67,5.5,3.55,1.7,5.5,3.25,1.7,4.7,3.4,1.75,4.5,3.3,1.67,4.5,3.4,1.7,5,3.4,1.67,5.5,3.5,1.67,5,3.4,1.7,5,3.4,1.73,38,5.92,5.19,3.61,3.41,1.75,1.69,31,2.09,1.97,1.88,1.77,22,0,4.15,3.66,1.3,1.24
2,3,1,1,1.7,3.4,5.5,1.72,3.4,5.75,1.67,3.35,5.5,1.75,3.4,4.7,1.62,3.25,5,1.65,3.4,5,1.67,3.4,5,1.73,3.5,5,1.67,3.3,5.5,1.67,3.3,5.5,38,1.76,1.67,3.56,3.4,5.95,5.36,31,2.28,2.06,1.75,1.7,21,0,1.25,1.22,4.35,3.85
1,0,0,0,1.44,4,8,1.5,3.9,7.75,1.45,4.2,6.75,1.5,3.8,6.7,1.44,3.6,6.5,1.45,3.75,7,1.4,4.2,7.5,1.4,4.33,8.5,1.44,4,6.75,1.5,3.8,7,37,1.47,1.44,4.56,4.04,9.5,7.63,30,1.8,1.7,2.19,2.05,22,0,1.13,1.11,6.5,5.69
2,1,1,0,3.2,3,2.4,3.05,3.05,2.35,3.1,3,2.35,2.8,3.1,2.5,2.75,3,2.38,2.9,3.1,2.3,3,3,2.3,3,3.2,2.4,2.9,3.25,2.38,3,3.2,2.3,36,3.3,3.02,3.2,3.09,2.5,2.37,29,2.22,2.09,1.73,1.68,21,0,2.3,2.14,1.73,1.66
4,3,3,2,1.5,3.75,7.5,1.45,3.95,7.05,1.5,3.75,7,1.45,3.8,7.5,1.44,3.6,6.5,1.5,3.75,6,1.44,3.75,7.5,1.44,4,8,1.44,3.75,8,1.53,3.6,6.5,37,1.55,1.48,4.14,3.79,8.5,7.19,30,2,1.87,1.97,1.87,20,0,1.15,1.13,6,5.14
0,0,0,0,1.83,3.3,4.75,1.85,3.3,4.15,1.85,3.2,4.5,1.8,3.4,4.3,1.8,3.2,4,1.8,3.25,4.2,1.83,3.3,4.2,1.83,3.3,4.6,1.85,3.25,4.33,1.8,3.25,4.5,37,1.91,1.83,3.5,3.27,4.99,4.46,30,2.11,1.99,1.83,1.75,21,0,1.35,1.32,3.35,3.18
1,1,1,0,1.73,3.4,5.25,1.65,3.5,5.2,1.7,3.25,5.5,1.7,3.4,5,1.62,3.25,5,1.7,3.4,4.5,1.67,3.4,5.2,1.73,3.3,5.5,1.7,3.4,5,1.7,3.25,5.5,37,1.75,1.69,3.7,3.38,6.13,5.28,30,2.05,1.94,1.88,1.8,20,0,1.29,1.23,4.1,3.76
3,1,3,0,1.67,3.5,5.5,1.65,3.4,5.45,1.7,3.25,5.5,1.7,3.4,5,1.62,3.25,5,1.65,3.4,5,1.61,3.5,5.5,1.62,3.6,6,1.67,3.5,5,1.67,3.4,5.5,37,1.75,1.67,3.87,3.46,6.04,5.35,30,1.86,1.76,2.1,1.97,21,0,1.25,1.22,4.33,3.92
2,1,1,0,1.73,3.4,5.25,1.75,3.3,4.8,1.77,3.3,4.75,1.75,3.4,4.7,1.7,3,5,1.7,3.4,4.5,1.7,3.3,5,1.73,3.5,5,1.7,3.4,5,1.8,3.4,4.5,37,1.81,1.75,3.51,3.34,5.49,4.89,30,2.1,1.97,1.86,1.78,20,0,1.33,1.28,3.6,3.41
0,2,0,0,2.4,3,3.2,2.35,3.05,3.05,2.35,3,3.1,2.4,3.1,2.95,2.25,3,2.88,2.3,3,3,2.3,2.87,3.25,2.2,3.1,3.5,2.25,3.1,3.2,2.3,3.1,3.1,37,2.5,2.34,3.2,3.04,3.5,3.14,30,2.35,2.18,1.67,1.62,21,0,1.68,1.62,2.39,2.21
3,0,1,0,2.3,3.2,3.2,2.4,3.1,2.9,2.35,3.1,3,2.4,3.05,3,2.25,3,2.88,2.3,3.1,2.9,2.25,3.15,3,2.38,3,3.2,2.25,3.1,3.2,2.4,3.1,2.88,36,2.5,2.36,3.2,3.09,3.31,3.05,30,2.02,1.92,1.93,1.84,22,0,1.71,1.66,2.29,2.18
2,0,2,0,1.65,3.6,5.5,1.68,3.4,5.2,1.7,3.4,5,1.7,3.4,5.1,1.67,3.2,5,1.65,3.4,5,1.7,3.3,5,1.62,3.6,6,1.7,3.3,5.25,1.67,3.5,5,37,1.75,1.69,3.68,3.42,6.15,5.28,31,2.09,1.98,1.84,1.77,23,-0.75,1.94,1.91,2.01,1.95
1,2,1,1,3.4,3.25,2.15,3.1,3.25,2.2,3.1,3.2,2.25,3.2,3.2,2.2,3,3.2,2.1,3,3.2,2.2,3,3.25,2.2,3.2,3.25,2.25,3.25,3.1,2.2,3,3.25,2.25,37,3.44,3.17,3.41,3.23,2.33,2.22,31,1.84,1.78,2.11,1.97,22,0,2.4,2.26,1.65,1.59
2,1,0,1,1.75,3.3,5,1.8,3.25,4.55,1.75,3.4,4.6,1.8,3.3,4.5,1.73,3.1,4.5,1.7,3.4,4.5,1.73,3.3,4.75,1.91,3.2,4.33,1.75,3.25,5,1.8,3.3,4.33,37,1.86,1.78,3.47,3.32,5.3,4.68,31,2.35,2.21,1.69,1.62,23,0,1.33,1.3,3.75,3.3
2,0,1,0,4,3.4,1.91,3.95,3.3,1.9,4,3.3,1.9,3.9,3.3,1.9,4,3.2,1.8,3.75,3.4,1.85,3.75,3.25,1.91,4,3.2,2,3.75,3.2,1.91,3.8,3.3,1.91,37,4.3,3.94,3.4,3.26,2.1,1.94,31,2.01,1.91,1.92,1.84,22,0,3.15,2.78,1.46,1.4
0,2,0,0,4.33,3.4,1.85,4.45,3.3,1.8,4.5,3.3,1.8,4.3,3.4,1.8,4.33,3.2,1.73,4.2,3.4,1.75,4.33,3.25,1.8,4.33,3.2,1.91,4.5,3.3,1.8,4.5,3.4,1.75,37,4.72,4.32,3.46,3.3,1.97,1.85,32,2.14,2.04,1.78,1.72,23,0,3.32,3.05,1.38,1.34
1,0,0,0,2.3,3.2,3.2,2.4,3.05,2.95,2.35,3.1,3,2.3,3.2,3,2.25,3,2.88,2.3,3.1,2.9,2.3,3.1,3,2.38,3,3.25,2.25,3.1,3.2,2.3,3.2,3,37,2.47,2.36,3.21,3.09,3.37,3.03,31,2.15,2.05,1.83,1.73,22,0,1.72,1.66,2.27,2.17
1,0,0,0,1.57,3.75,6,1.55,3.5,6.5,1.55,3.75,6,1.55,3.6,6.2,1.53,3.5,5.5,1.5,3.75,6,1.5,3.6,6.5,1.62,3.6,6,1.57,3.6,6,1.57,3.6,6,37,1.64,1.58,3.85,3.63,6.9,6.06,32,2.02,1.91,1.91,1.84,23,0,1.22,1.19,4.65,4.3
0,0,0,0,1.67,3.6,5.25,1.68,3.35,5.25,1.65,3.5,5.25,1.75,3.4,4.8,1.73,3.1,4.5,1.65,3.5,4.75,1.67,3.4,5,1.67,3.5,5.75,1.73,3.3,5,1.7,3.4,5,37,1.73,1.68,3.75,3.46,6.01,5.23,31,2.2,2.03,1.76,1.73,22,0,1.26,1.23,4.35,3.82
1,1,0,1,2.4,3.2,3,2.35,3.2,2.9,2.35,3.1,3,2.3,3.2,3,2.1,3,3.2,2.35,3.15,2.8,2.25,3.15,3,2.4,3.1,3.1,2.25,3.1,3.2,2.3,3.2,3,37,2.5,2.35,3.2,3.11,3.38,3.05,30,2.11,2,1.86,1.76,21,0,1.68,1.64,2.34,2.18
2,1,1,1,2.65,3.1,2.75,2.6,3.1,2.65,2.6,3.1,2.7,2.5,3.1,2.8,2.5,3,2.6,2.55,3,2.65,2.6,3,2.7,2.63,3,2.88,2.4,3,2.75,2.5,3.1,2.75,37,2.8,2.61,3.25,3.07,2.92,2.75,32,2.18,2.04,1.77,1.72,22,0,1.91,1.83,2.03,1.95
3,0,3,0,1.57,3.7,6.25,1.6,3.45,5.9,1.6,3.5,6,1.6,3.6,5.6,1.57,3.5,5,1.57,3.5,5.5,1.57,3.4,6,1.5,4,7,1.57,3.5,5.5,1.62,3.5,5.5,37,1.65,1.58,3.94,3.59,7.6,6.16,32,1.99,1.89,1.93,1.84,22,0,1.22,1.19,4.65,4.21
2,1,1,1,2.5,3.2,2.88,2.55,3.1,2.72,2.5,3.1,2.8,2.6,3.1,2.65,2.38,3,2.75,2.5,3,2.7,2.5,3,2.8,2.5,3,3,2.25,3.1,2.9,2.5,3.2,2.7,37,2.74,2.54,3.2,3.08,2.99,2.81,32,2.16,2.04,1.8,1.73,19,0,1.91,1.82,2.05,1.98
2,0,1,0,1.55,3.6,7,1.52,3.55,6.9,1.55,3.6,6.5,1.55,3.7,6,1.44,3.6,6.5,1.5,3.6,6.25,1.53,3.5,6.5,1.62,3.4,6.5,1.57,3.5,5.5,1.53,3.6,6.5,37,1.61,1.55,3.96,3.6,7.45,6.62,32,2.16,2.03,1.81,1.73,21,-1,2.06,2.01,1.88,1.83
2,2,1,1,1.91,3.2,4.33,1.9,3.25,4,1.9,3.3,4,1.85,3.3,4.2,1.83,3.2,3.75,1.85,3.2,4,1.85,3.2,4.2,1.95,3.25,4.1,1.9,3.2,3.75,1.91,3.2,4,36,1.97,1.89,3.47,3.26,4.67,4.23,32,1.97,1.88,1.95,1.86,21,0,1.41,1.36,3.32,2.95
0,2,0,1,2.4,3.1,3.1,2.4,3.05,2.95,2.4,3,3,2.4,3.1,2.95,2.25,3,2.88,2.3,3,3,2.4,3,2.9,2.38,3,3.2,2.3,3,3,2.3,3.1,3,37,2.5,2.38,3.2,3.04,3.41,3.06,32,2.44,2.26,1.65,1.6,20,0,1.71,1.66,2.28,2.16
3,2,0,0,1.8,3.5,4.5,1.75,3.3,4.8,1.8,3.25,4.6,1.8,3.3,4.5,1.8,3.2,4,1.75,3.25,4.5,1.8,3.2,4.5,1.8,3.25,5,1.8,3.1,4.33,1.75,3.3,4.75,37,1.85,1.79,3.6,3.3,5.32,4.73,32,2.17,2.07,1.76,1.7,21,0,1.32,1.29,3.6,3.34
2,1,0,1,2.1,3.1,3.75,2.1,3.1,3.5,2.1,3.1,3.6,2.1,3.2,3.45,2,3.2,3.2,2.05,3.2,3.3,2.1,3.1,3.4,2.2,3,3.6,2,3.2,3.4,2.05,3.2,3.5,37,2.22,2.12,3.29,3.14,3.87,3.51,32,2.14,2.04,1.79,1.72,21,0,1.57,1.5,2.6,2.47
1,0,0,0,1.83,3.25,4.75,1.85,3.25,4.25,1.8,3.2,4.75,1.85,3.3,4.2,1.8,3.2,4,1.85,3.2,4,1.83,3.1,4.5,1.75,3.5,4.75,1.75,3.1,4.33,1.83,3.2,4.33,37,1.91,1.84,3.56,3.29,4.9,4.42,33,2.08,1.94,1.92,1.81,22,0,1.36,1.33,3.52,3.14
3,2,0,1,2.2,3.1,3.5,2.2,3.05,3.35,2.15,3.1,3.45,2.3,3.1,3.1,2.2,3.2,2.8,2.1,3.1,3.3,2.15,3.1,3.3,2.2,2.88,3.75,2.1,3.1,3.3,2,3.2,3.6,37,2.28,2.18,3.3,3.1,3.64,3.41,32,2.41,2.24,1.65,1.6,21,0,1.61,1.54,2.5,2.4
3,1,2,1,4.33,3.25,1.91,4,3.3,2,4.2,3.3,1.87,3.9,3.3,1.9,4,3,1.83,4,3.2,1.85,3.75,3.2,1.95,4.2,3.4,1.91,4.33,3.25,1.83,4.2,3.3,1.83,39,4.55,4.18,3.44,3.27,1.98,1.89,36,2.22,2.1,1.81,1.69,25,0.5,2,1.95,1.96,1.92
3,3,0,1,2.38,3,3.25,2.3,3.05,3.15,2.3,3.1,3.1,2.2,3.2,3.2,2.25,3,2.88,2.3,3.1,2.9,2.25,3.1,3.05,2.25,3,3.5,2.25,3,3.25,2.3,3.1,3,39,2.44,2.33,3.2,3.07,3.5,3.14,35,2.13,2.01,1.84,1.75,25,0,1.7,1.63,2.4,2.22
1,1,0,1,6,3.5,1.65,5.75,3.65,1.65,5.5,3.5,1.65,5.3,3.5,1.65,5,3.25,1.62,5.25,3.5,1.6,5.5,3.4,1.61,5.5,3.5,1.67,6,3.6,1.57,5,3.5,1.67,40,6.55,5.69,3.83,3.52,1.67,1.63,35,2.05,1.97,1.91,1.79,24,0.75,2.06,2.02,1.9,1.85
0,1,0,0,1.91,3.2,4.33,1.95,3.2,3.9,1.95,3.2,4,1.9,3.3,3.9,1.83,3,4,1.9,3.1,4,1.83,3.25,4.2,1.8,3.3,4.8,1.83,3.25,4.5,1.91,3.2,4,40,1.93,1.89,3.36,3.22,4.87,4.27,35,2.48,2.29,1.61,1.57,24,-0.5,1.93,1.88,2.05,1.99
2,1,2,1,3,3,2.5,2.85,3,2.5,2.8,3.1,2.5,2.95,3.1,2.4,2.6,3,2.5,2.85,3,2.4,3,3,2.2,3,3,2.5,3,3,2.38,2.7,3.1,2.5,40,3.25,2.95,3.16,3.06,2.56,2.44,35,2.42,2.19,1.68,1.62,23,0,2.22,2.11,1.77,1.72
1,0,1,0,2.25,3.1,3.4,2.3,3.2,3.3,2.25,3.1,3.2,2.3,3.2,3,2.2,3,3,2.2,3.1,3.1,2.3,3,3,2.2,3,3.6,2.2,3,3.4,2.25,3.2,3,39,2.37,2.26,3.3,3.11,3.6,3.23,34,2.15,2.02,1.82,1.74,24,0,1.67,1.59,2.5,2.29
0,2,0,0,1.44,4.2,7.5,1.45,3.85,7.4,1.47,4,7,1.45,4,7,1.36,3.75,8,1.45,4,6.25,1.5,3.6,6.8,1.5,4,7,1.44,4,7.5,1.44,3.8,7.5,40,1.55,1.48,4.2,3.89,8.19,7.13,35,1.92,1.85,2.02,1.9,25,-1,1.93,1.87,2.04,1.99
2,1,0,1,1.8,3.4,4.75,1.77,3.2,4.9,1.77,3.3,4.75,1.85,3.3,4.1,1.73,3.2,4.33,1.7,3.4,4.5,1.73,3.3,4.75,1.8,3.2,5,1.73,3.4,4.75,1.7,3.4,4.75,40,1.88,1.79,3.54,3.33,5.16,4.62,35,2.13,2.02,1.8,1.73,25,0,1.3,1.28,3.52,3.34
0,0,0,0,2.5,3.2,2.88,2.55,3.3,2.8,2.5,3.1,2.8,2.6,3.2,2.6,2.5,3.2,2.5,2.4,3.1,2.75,2.5,3,2.75,2.38,3.2,3,2.5,3,2.88,2.5,3.2,2.7,40,2.65,2.53,3.36,3.14,3,2.78,35,1.88,1.82,2.1,1.93,22,0,1.88,1.8,2.11,1.99
2,1,0,0,2.63,3,2.88,2.65,3,2.7,2.65,3,2.7,2.55,3.1,2.7,2.5,3.2,2.5,2.6,3,2.6,2.5,3,2.75,2.5,3,3,2.5,3,2.88,2.5,3.1,2.75,40,2.75,2.58,3.2,3.04,3,2.8,35,2.35,2.17,1.7,1.64,21,0,1.88,1.81,2.09,1.99
1,0,1,0,1.4,4.33,8.5,1.4,4.4,9,1.4,4.2,8,1.4,4.3,7.5,1.4,3.75,7,1.36,4,8.5,1.33,4.33,8.5,1.44,4,8.5,1.4,4,9,1.4,4.2,8.5,39,1.45,1.4,4.7,4.18,9.95,8.26,34,2.01,1.88,1.92,1.86,26,0,1.12,1.1,7.5,6.35
1,2,0,1,1.33,4.75,10,1.32,5.15,10,1.32,4.75,9,1.3,4.8,9.5,1.3,4,9,1.25,5,10,1.3,4.5,10,1.33,4.75,10,1.3,4.75,10,1.29,5,11,39,1.36,1.32,5.3,4.78,11.02,9.44,34,1.91,1.8,2.02,1.95,27,-1.25,1.88,1.86,2.08,2.03
3,1,1,1,2.88,3,2.63,2.75,3.05,2.55,2.8,3.1,2.5,2.65,3.1,2.6,2.5,3,2.6,2.8,3,2.45,2.7,3,2.55,2.88,3,2.6,2.88,3,2.5,2.7,3.1,2.62,39,3.03,2.8,3.15,3.04,2.7,2.58,33,2.31,2.16,1.7,1.64,23,0,2.09,1.99,1.86,1.81
2,0,1,0,1.91,3.25,4.33,1.8,3.2,4.65,1.85,3.25,4.33,1.8,3.4,4.3,1.73,3.2,4.33,1.8,3.25,4.2,1.85,3.25,4,1.91,3.25,4.33,1.83,3.25,4.5,1.8,3.3,4.5,39,1.91,1.85,3.45,3.26,5,4.42,34,2.1,2,1.86,1.76,26,-0.5,1.92,1.87,2.05,2
1,0,1,0,1.62,3.6,6,1.6,3.45,5.9,1.62,3.5,5.75,1.7,3.5,4.9,1.5,3.5,6,1.6,3.5,5.25,1.6,3.4,5.7,1.62,3.6,6,1.57,3.6,6,1.62,3.5,5.5,39,1.7,1.63,3.73,3.53,6.54,5.65,34,2.03,1.95,1.9,1.8,27,-0.75,1.9,1.86,2.06,2.01
2,0,0,0,1.73,3.6,4.75,1.7,3.4,4.95,1.7,3.5,5,1.7,3.5,4.9,1.57,3.5,5,1.7,3.4,4.5,1.67,3.4,5,1.73,3.4,5.5,1.67,3.6,5,1.67,3.6,5,39,1.75,1.7,3.84,3.51,5.5,5.01,34,1.82,1.73,2.15,2.03,27,-0.75,1.95,1.91,2,1.96
0,2,0,1,2.63,3,2.88,2.55,3.15,2.7,2.6,3.1,2.7,2.65,3.1,2.65,2.62,2.88,2.5,2.55,3,2.65,2.62,3.1,2.75,2.63,3,2.88,2.62,3.2,2.62,2.5,3.2,2.7,38,2.71,2.61,3.26,3.08,2.93,2.76,32,2.16,2.02,1.8,1.75,23,0,1.91,1.84,2.04,1.94
2,0,1,0,2.2,3.1,3.5,2.2,3.2,3.15,2.2,3.1,3.3,2.1,3.25,3.4,2,3,3.5,2.2,3.1,3.1,2.2,3.2,3.4,2.25,3.2,3.25,2.1,3.2,3.5,2.25,3.1,3.2,38,2.3,2.18,3.35,3.15,3.66,3.38,32,2.41,2.19,1.72,1.63,24,0,1.58,1.54,2.56,2.4
2,2,0,0,3,3.2,2.4,2.8,3.25,2.4,2.9,3.2,2.4,3,3.2,2.3,2.88,3,2.25,2.8,3.2,2.3,3,3.2,2.4,3,3.25,2.38,3,3.2,2.3,3,3.25,2.3,38,3.22,2.97,3.38,3.19,2.5,2.37,31,1.93,1.85,2.04,1.89,23,0,2.25,2.13,1.76,1.69
1,0,0,0,2,3.2,4,1.95,3.25,3.8,2,3.2,3.75,2,3.3,3.6,2,3.2,3.2,2,3.15,3.5,1.95,3.25,4.1,1.91,3.25,4.33,1.91,3.2,4,2,3.25,3.6,38,2.05,1.98,3.34,3.21,4.55,3.91,32,2.31,2.17,1.69,1.64,25,0,1.46,1.41,3,2.74
0,1,0,1,4.5,3.4,1.83,4.55,3.35,1.77,4.75,3.2,1.8,3.9,3.3,1.9,4.33,3.2,1.73,4.5,3.25,1.75,4.5,3.3,1.85,4.75,3.25,1.83,4.5,3.25,1.83,4.33,3.4,1.83,38,5.04,4.53,3.4,3.29,1.91,1.83,33,2.22,2.04,1.8,1.72,25,0.5,2.05,2,1.9,1.86
4,1,0,1,1.67,3.5,5.5,1.7,3.35,5.15,1.67,3.4,5.5,1.75,3.5,4.6,1.73,3.2,4.33,1.7,3.25,4.8,1.7,3.4,5.5,1.67,3.4,6,1.67,3.4,5.5,1.75,3.4,4.5,38,1.75,1.69,3.64,3.4,6.3,5.36,32,2.43,2.26,1.65,1.6,25,-0.75,1.93,1.87,2.05,2
5,2,2,1,1.57,3.75,6,1.55,3.7,5.9,1.57,3.6,6.25,1.55,3.7,6,1.5,3.5,6,1.53,3.6,5.75,1.57,3.75,6,1.57,3.75,6.5,1.53,3.75,6.5,1.53,3.75,6.5,36,1.62,1.57,4.02,3.7,6.98,6.1,31,1.87,1.8,2.06,1.96,24,-1,2.19,2.04,1.88,1.83
1,2,1,2,3.1,3.1,2.4,3.35,3.25,2.1,2.9,3.1,2.45,2.95,3.1,2.4,2.75,3,2.38,2.75,3.1,2.4,3.1,3.1,2.38,3,3,2.4,3,3,2.38,3.1,3.2,2.25,38,3.34,3.05,3.22,3.11,2.45,2.36,33,2.16,2,1.85,1.76,25,0,2.37,2.17,1.75,1.66
1,1,1,1,2.2,3.2,3.4,2.12,3.25,3.3,2.15,3.1,3.4,2.2,3.2,3.2,2.1,3,3.2,2.1,3.1,3.3,2.2,3.2,3.4,2.2,3,3.6,2.1,3.2,3.5,2.15,3.25,3.3,37,2.28,2.19,3.31,3.13,3.6,3.36,31,2.1,2,1.82,1.75,23,0,1.63,1.55,2.5,2.38
1,5,0,3,3.4,3.2,2.2,3.7,3.2,2,3.25,3.2,2.2,3.2,3.2,2.2,3.2,3,2.1,3.3,3.1,2.1,3.5,3.1,2.2,3.6,3.2,2.1,3.25,3.2,2.2,3.3,3.2,2.15,38,3.8,3.43,3.23,3.13,2.25,2.17,32,2.34,2.17,1.7,1.64,25,0,2.56,2.41,1.6,1.53
4,3,2,2,1.2,6,15,1.2,6.25,11,1.2,6,13,1.22,5.3,13,1.17,5.5,12,1.17,5.75,15,1.2,5.5,12,1.2,6,15,1.22,5,17,1.2,6,12,35,1.25,1.21,6.7,5.9,18,13.33,31,1.77,1.69,2.19,2.08,21,-1.75,2.15,2.09,1.82,1.78
1,0,1,0,1.57,3.6,6.5,1.55,3.8,5.75,1.55,3.75,6,1.6,3.6,5.6,1.5,3.5,6,1.5,3.75,6,1.53,3.6,6,1.57,3.6,6.5,1.57,3.6,6,1.53,3.75,6,36,1.61,1.56,3.94,3.69,6.55,6.14,30,1.86,1.79,2.05,1.95,22,-1,2.14,2.08,1.83,1.79
0,1,0,0,2.35,3.2,3.1,2.4,3.2,2.85,2.35,3,3.1,2.3,3.2,3,2.25,3,2.88,2.35,3,2.9,2.37,3,2.9,2.38,3.2,3,2.38,3,3,2.4,3.2,2.8,35,2.55,2.4,3.25,3.09,3.17,2.98,30,2.18,2.07,1.77,1.7,21,0,1.76,1.68,2.2,2.11
2,1,1,1,1.65,3.5,6,1.7,3.45,4.85,1.67,3.4,5.25,1.65,3.4,5.5,1.67,3.1,5,1.7,3.3,4.75,1.73,3.3,4.8,1.67,3.5,5.5,1.62,3.6,5.5,1.67,3.3,5.5,36,1.73,1.68,3.82,3.44,6.09,5.24,31,2.2,2.05,1.8,1.72,23,0,1.27,1.23,4.2,3.75
2,0,1,0,1.65,3.5,6,1.6,3.5,5.75,1.65,3.4,5.5,1.7,3.4,5.1,1.67,3.1,5,1.6,3.4,5.5,1.6,3.5,5.5,1.67,3.4,6,1.67,3.4,5.5,1.67,3.4,5.25,33,1.75,1.67,3.68,3.42,6,5.4,28,1.92,1.83,2,1.92,23,0,1.3,1.23,4.1,3.75
0,3,0,1,2.5,3.2,2.9,2.35,3.15,2.95,2.35,3.1,3,2.3,3.2,3,2.25,3,2.88,2.35,3,2.9,2.3,3.1,3,2.4,3.2,3,2.38,3,3,2.38,3.2,3,34,2.58,2.4,3.25,3.11,3.2,2.99,30,2.14,2,1.85,1.75,22,0,1.81,1.71,2.25,2.1
2,1,1,0,2.75,3.1,2.63,2.6,3.1,2.65,2.7,3,2.65,2.5,3.1,2.8,2.4,3,2.7,2.65,2.9,2.65,2.6,3,2.62,2.7,3.1,2.7,2.75,3,2.62,2.6,3.1,2.62,35,2.79,2.66,3.28,3.06,2.82,2.68,29,2.25,2.13,1.72,1.66,20,0,1.94,1.88,2,1.9
1,0,0,0,1.91,3.3,4.2,1.8,3.25,4.6,1.91,3.25,4,1.75,3.5,4.6,1.8,3.2,4,1.85,3.1,4.2,1.8,3.5,4,1.83,3.3,4.75,1.83,3.25,4.5,1.91,3.25,4,35,1.92,1.87,3.54,3.29,4.81,4.25,30,2.12,1.98,1.82,1.77,24,0,1.4,1.35,3.32,2.98
1,0,0,0,1.7,3.5,5.5,1.65,3.5,5.25,1.7,3.4,5,1.75,3.5,4.6,1.67,3.3,4.5,1.75,3.25,4.5,1.73,3.4,4.5,1.67,3.6,5.5,1.73,3.4,5,1.75,3.4,4.5,35,1.78,1.71,3.68,3.44,5.63,4.95,30,2.2,2.06,1.78,1.71,23,0,1.3,1.25,4.1,3.58
1,1,1,1,2.2,3.25,3.3,2.2,3.25,3.1,2.25,3.1,3.2,2.1,3.25,3.4,2.1,3,3.2,2.2,3,3.2,2.15,3.2,3.2,2.2,3.25,3.3,2.2,3,3.4,2.2,3.2,3.1,36,2.35,2.22,3.3,3.13,3.54,3.28,30,2.23,2.09,1.77,1.69,23,0,1.61,1.57,2.49,2.31
2,2,0,0,4.33,3.25,1.91,3.95,3.3,1.9,4,3.3,1.9,3.9,3.3,1.9,3.75,3.2,1.83,3.8,3.2,1.9,3.75,3.25,1.91,4.2,3.25,1.91,4,3.2,1.91,3.8,3.25,1.91,39,4.46,4.1,3.43,3.26,2.01,1.91,33,2.25,2.11,1.71,1.67,24,0.5,1.94,1.9,2.02,1.97
3,0,1,0,1.83,3,5.5,1.8,3.1,4.85,1.75,3.3,5,1.8,3.3,4.5,1.73,3.2,4.33,1.75,3.25,4.5,1.75,3.25,4.6,1.75,3.4,5,1.73,3.25,5,1.73,3.4,4.5,39,1.83,1.76,3.5,3.28,5.83,4.96,32,2.36,2.18,1.69,1.63,23,0,1.33,1.28,3.75,3.42
3,0,3,0,2.5,3.1,2.9,2.58,3,2.75,2.5,3.1,2.8,2.5,3,2.9,2.5,3,2.6,2.5,3,2.7,2.5,3,2.8,2.6,3.15,2.75,2.5,3,2.88,2.5,3.2,2.62,39,2.68,2.56,3.25,3.06,3.01,2.79,33,2.47,2.26,1.65,1.59,22,0,1.88,1.81,2.08,1.99
1,0,1,0,3.5,3.25,2.1,3.6,3.15,2.05,3.6,3.1,2.1,3.2,3.2,2.2,3,3,2.2,3.5,3.2,2,3.25,3.1,2.15,3.5,3.1,2.2,3.6,3,2.1,3.1,3.1,2.25,39,3.86,3.5,3.3,3.12,2.25,2.12,33,2.28,2.11,1.73,1.68,23,0,2.6,2.46,1.58,1.51
1,2,0,2,1.5,3.75,7.5,1.45,3.8,7.6,1.5,3.75,7,1.5,3.9,6.5,1.4,3.75,7,1.45,3.75,7,1.44,3.75,7.5,1.44,4,8,1.44,3.75,8,1.44,3.8,7,39,1.52,1.48,4.1,3.79,8.49,7.42,33,2.12,2.01,1.82,1.74,23,-1,1.89,1.86,2.07,2.01
4,0,2,0,1.25,5.25,13,1.22,5.5,12,1.25,5.25,11,1.2,5.5,14,1.22,5,10,1.2,5.5,12,1.22,5,13,1.22,5.6,14,1.2,5.5,15,1.25,5,11,39,1.28,1.25,5.98,5.3,15.8,12.08,34,1.75,1.7,2.27,2.07,23,-1.5,1.9,1.83,2.08,2.02
0,0,0,0,2.1,3.25,3.5,2.05,3.25,3.5,2.1,3.2,3.5,1.9,3.3,3.9,1.91,3.2,3.5,2.1,3.2,3.2,2.05,3.2,3.4,2,3.3,3.8,2.05,3.25,3.6,1.91,3.3,3.8,39,2.15,2.06,3.42,3.21,3.89,3.58,34,2.2,2.06,1.77,1.71,22,0,1.56,1.48,2.75,2.54
0,0,0,0,2.1,3.2,3.6,2,3.15,3.75,2.05,3.1,3.75,2,3.2,3.7,1.83,3.2,3.75,2,3.2,3.5,2.05,3.2,3.4,2.2,3,3.6,2.05,3.2,3.6,2.1,3.25,3.2,39,2.21,2.08,3.34,3.16,3.82,3.59,33,2.33,2.15,1.72,1.65,24,0,1.56,1.49,2.61,2.51
3,0,2,0,1.7,3.6,5,1.65,3.4,5.5,1.67,3.6,5,1.65,3.4,5.5,1.57,3.5,5,1.6,3.5,5.25,1.67,3.5,4.8,1.67,3.5,5.5,1.62,3.6,5.5,1.7,3.4,4.75,38,1.71,1.68,3.85,3.52,6,5.16,32,1.8,1.73,2.19,2.04,22,-0.75,1.9,1.86,2.05,2.01
1,1,1,1,1.8,3.4,4.6,1.75,3.35,4.7,1.75,3.4,4.75,1.8,3.4,4.3,1.73,3.2,4.33,1.7,3.4,4.5,1.73,3.3,4.8,1.73,3.5,5,1.73,3.5,4.75,1.73,3.4,4.5,39,1.83,1.75,3.72,3.39,5.4,4.83,33,2.15,2.02,1.82,1.74,23,0,1.33,1.28,3.75,3.42
2,2,2,1,2.3,3.1,3.2,2.25,3.15,3.15,2.3,3.1,3.1,2.1,3.25,3.4,2,3.2,3.2,2.2,3,3.2,2.4,3,3.2,2.25,3.2,3.25,2.3,3,3.2,2.3,3,3.2,38,2.41,2.3,3.25,3.08,3.41,3.15,31,2.35,2.2,1.67,1.63,23,0,1.7,1.63,2.4,2.21
1,1,0,1,2.1,3.1,3.8,2,3.15,3.75,2,3.2,3.75,1.9,3.3,3.9,1.91,3.2,3.5,1.9,3.2,3.8,2.15,3.1,3.6,2.1,3.25,3.5,2,3.2,3.75,2.05,3.1,3.6,37,2.15,2.01,3.36,3.18,4.26,3.83,30,2.01,1.95,1.95,1.81,24,0,1.5,1.45,2.8,2.62
3,0,1,0,2.2,3.2,3.4,2.25,3.05,3.2,2.2,3.1,3.3,2.2,3.2,3.2,2.2,3.2,2.8,2.05,3.1,3.4,2.2,3.1,3.2,2.25,3.2,3.25,2.1,3.2,3.4,2.3,3.1,3.1,37,2.3,2.21,3.27,3.14,3.75,3.33,31,2.28,2.14,1.73,1.66,22,0,1.62,1.56,2.54,2.36
1,2,0,0,2.5,3.1,2.9,2.5,3.15,2.75,2.5,3.1,2.8,2.4,3.2,2.85,2.38,3,2.75,2.4,3.1,2.75,2.5,3.1,2.7,2.6,3.1,2.8,2.5,3,2.88,2.38,3.2,2.88,37,2.6,2.46,3.28,3.13,3.17,2.88,32,1.92,1.84,2.02,1.9,22,0,1.79,1.73,2.22,2.08
2,1,0,1,2.4,3.2,3,2.45,3.05,2.9,2.45,3.1,2.9,2.4,3.1,2.95,2.3,3,2.8,2.4,3,2.85,2.4,3.1,2.8,2.5,3,3,2.38,3.2,2.88,2.5,3,2.88,37,2.6,2.45,3.28,3.11,3.05,2.89,30,2.28,2.14,1.72,1.66,20,0,1.84,1.73,2.16,2.07
2,0,2,0,1.83,3.4,4.5,1.78,3.3,4.55,1.85,3.25,4.33,1.8,3.4,4.3,1.73,3.2,4.33,1.7,3.4,4.5,1.75,3.3,4.5,1.83,3.4,4.5,1.83,3.2,4.5,1.83,3.25,4.33,37,1.96,1.83,3.46,3.3,5,4.47,30,2.05,1.97,1.87,1.78,22,-0.5,1.98,1.92,1.98,1.95
2,0,1,0,2.5,3.1,2.9,2.55,3.15,2.7,2.5,3.1,2.8,2.6,3.2,2.6,2.38,3,2.75,2.5,3.1,2.65,2.5,3,2.75,2.6,3,2.88,2.5,3,2.88,2.5,3.2,2.75,37,2.63,2.5,3.26,3.11,3.08,2.85,31,2.04,1.94,1.88,1.81,22,0,1.81,1.75,2.16,2.03
1,1,1,0,1.95,3.2,4.2,1.9,3.2,4.1,1.95,3.2,4,1.9,3.3,3.9,1.91,3.2,3.5,1.9,3.2,3.8,2,3.1,3.75,2,3.2,4,2,3,4,1.91,3.2,4,37,2.15,2,3.25,3.15,4.33,3.93,30,2.4,2.22,1.67,1.62,23,-0.5,2.17,2.09,1.83,1.79
0,2,0,1,3.1,3.1,2.4,2.85,3.1,2.45,2.9,3.1,2.45,2.8,3.1,2.5,2.5,3,2.6,2.75,3.1,2.4,2.8,3.1,2.4,2.88,3,2.6,3,3,2.38,3.1,3.1,2.3,37,3.19,2.93,3.19,3.07,2.6,2.46,30,2.36,2.19,1.7,1.63,19,0,2.2,2.07,1.77,1.71
3,0,2,0,2.4,3.2,3,2.45,3.1,2.85,2.4,3,3,2.4,3.2,2.85,2.3,3,2.8,2.4,3,2.85,2.38,3.1,2.88,2.5,3.1,2.9,2.38,3,3,2.4,3.2,2.8,37,2.5,2.41,3.29,3.12,3.25,2.97,31,2.22,2.1,1.76,1.68,22,0,1.75,1.7,2.25,2.09
1,1,0,0,2.9,3,2.6,2.8,3,2.55,2.8,3.1,2.5,2.6,3.2,2.6,2.6,3,2.5,2.7,3,2.5,2.75,3,2.5,2.88,3,2.63,2.88,3,2.5,2.62,3.1,2.6,37,3.01,2.8,3.26,3.08,2.7,2.55,30,2.19,2.06,1.77,1.71,20,0,2.09,1.98,1.88,1.83
2,3,2,1,2.1,3.2,3.6,2.05,3.15,3.6,2,3.2,3.75,2.1,3.25,3.4,2,3,3.5,2.05,3.1,3.4,1.95,3.2,3.75,2.05,3.25,3.8,2,3.2,3.75,2.15,3.25,3.25,37,2.1,2.04,3.33,3.2,4.28,3.7,30,2.25,2.13,1.74,1.67,21,0,1.5,1.45,2.95,2.62
4,2,2,1,2.5,2.9,3.1,2.5,3.15,2.75,2.5,3.1,2.8,2.4,3.1,2.95,2.3,3,2.8,2.4,3,2.85,2.5,3,2.75,2.5,3,3,2.38,3,3,2.5,3.1,2.75,37,2.6,2.46,3.25,3.05,3.25,2.95,33,2.31,2.16,1.7,1.65,23,0,1.76,1.71,2.25,2.1
0,0,0,0,1.95,3.25,4.2,1.9,3.25,4,1.9,3.25,4.1,1.85,3.4,4,1.73,3.2,4.33,1.85,3.2,4,1.91,3.3,3.75,1.95,3.33,4,1.83,3.25,4.33,1.91,3.25,4.2,36,1.97,1.91,3.51,3.26,4.5,4.16,33,2.02,1.93,1.88,1.82,25,0,1.4,1.37,3.2,2.88
2,2,1,1,2.38,3,3.2,2.45,3.1,2.85,2.4,3,3,2.3,3.2,3,2.25,3,2.88,2.4,3,2.85,2.4,3.1,2.8,2.5,3,3,2.3,3,3.2,2.5,3.1,2.75,37,2.5,2.42,3.3,3.07,3.4,2.99,33,2.18,2.03,1.83,1.73,22,0,1.75,1.7,2.28,2.1
1,1,0,1,2.2,3,3.6,2.2,3.05,3.35,2.15,3.1,3.4,2.1,3.25,3.4,2,3.2,3.2,2.2,3.1,3.1,2.2,3.1,3.2,2.3,3,3.4,2.2,3,3.4,2.2,3.1,3.2,37,2.33,2.21,3.26,3.09,3.65,3.35,32,2.36,2.2,1.68,1.62,23,0,1.65,1.55,2.5,2.37
1,1,0,1,2,3.1,4.2,1.95,3.2,3.9,2,3.1,3.9,2,3.1,3.9,1.83,3.2,3.75,2,3.1,3.6,2.05,3.1,3.5,2,3.2,4,2,3,4,2,3.1,3.8,37,2.15,2.01,3.25,3.12,4.31,3.93,33,2.38,2.21,1.67,1.61,24,0,1.5,1.41,3,2.74
1,1,0,0,1.7,3.4,5.5,1.7,3.3,5.2,1.7,3.25,5.5,1.75,3.4,4.8,1.67,3.3,4.5,1.6,3.4,5.5,1.67,3.3,5.25,1.73,3.5,5,1.67,3.4,5.5,1.67,3.4,5.5,37,1.83,1.71,3.55,3.38,5.78,5.14,34,2.1,2.01,1.83,1.75,25,0,1.29,1.25,3.8,3.59
1,1,1,0,1.29,5,12,1.28,4.7,11,1.25,5.25,11,1.25,5,12,1.22,5,10,1.2,5.5,12,1.25,5,10.5,1.29,5,11,1.25,4.75,15,1.25,5,12,37,1.3,1.26,5.5,5.12,14.5,11.68,33,1.77,1.71,2.19,2.05,24,-1.5,1.98,1.94,1.97,1.91
2,1,1,1,1.29,4.75,13,1.27,5,10.5,1.25,5.25,11,1.3,5,9,1.22,5,10,1.22,5.25,11,1.25,5,10.5,1.3,4.5,13,1.2,5.5,15,1.29,4.75,10,36,1.3,1.26,5.75,5.12,15.1,11.97,32,1.72,1.66,2.28,2.13,24,-1.5,1.98,1.93,1.97,1.92
2,0,2,0,1.91,3.25,4.33,1.9,3.2,4.1,1.9,3.3,4,1.8,3.3,4.5,1.8,3.2,4,1.8,3.2,4.3,1.85,3.3,4,1.91,3.25,4.33,1.83,3.2,4.33,1.8,3.3,4.33,37,1.96,1.88,3.44,3.24,4.62,4.27,32,2.25,2.08,1.75,1.69,24,0,1.4,1.35,3.2,2.97
1,1,1,1,4,3.2,2,3.75,3.2,2,3.6,3.2,2.05,4.1,3.2,1.9,3.2,3,2.1,3.5,3.2,2,3.6,3.2,2,4,3.2,2,3.75,3.2,2,4,3.2,1.95,38,4.24,3.81,3.32,3.17,2.11,2.03,34,2.17,2.06,1.77,1.71,25,0.5,1.85,1.8,2.1,2.05
2,1,0,0,1.8,3.25,5,1.75,3.25,4.95,1.75,3.3,5,1.75,3.2,5,1.73,3.1,4.5,1.75,3.25,4.5,1.75,3.2,4.8,1.8,3.4,4.75,1.67,3.4,5.5,1.75,3.3,4.75,38,1.81,1.76,3.6,3.3,5.68,4.94,33,2.05,1.96,1.87,1.79,24,0,1.33,1.27,4,3.45
1,0,0,0,2.3,3,3.4,2.3,3.15,3.05,2.25,3.1,3.2,2.2,3.1,3.3,2.38,3,2.75,2.3,3,3,2.2,3,3.25,2.2,3,3.6,2.2,3,3.5,2.2,3.1,3.25,38,2.35,2.25,3.21,3.09,3.75,3.29,33,2.35,2.16,1.69,1.65,25,0,1.64,1.56,2.49,2.35
0,0,0,0,5,3.25,1.8,4.55,3.5,1.82,4.5,3.3,1.8,4.8,3.3,1.75,3.75,3.2,1.83,4.5,3.25,1.75,4.6,3.25,1.75,4.75,3.4,1.8,4.75,3.4,1.73,4.5,3.4,1.75,38,5.08,4.71,3.63,3.32,1.85,1.79,34,2.01,1.92,1.9,1.83,26,0,3.5,3.28,1.35,1.3
0,1,0,0,2.5,3.2,2.88,2.5,3.2,2.95,2.5,3.1,2.8,2.5,3.1,2.8,2.38,3,2.75,2.5,3,2.7,2.4,3.1,2.8,2.6,3,2.88,2.5,3,2.88,2.4,3.1,2.88,38,2.6,2.47,3.3,3.1,3.11,2.9,34,2,1.87,1.95,1.87,23,0,1.8,1.73,2.2,2.06
1,0,0,0,1.9,3.25,4.33,1.9,3.2,4.1,1.9,3.25,4.1,1.85,3.2,4.4,1.8,3.2,4,1.85,3.25,4,1.83,3.2,4.2,1.83,3.4,4.5,1.83,3.25,4.5,1.91,3.2,4,37,1.93,1.88,3.47,3.25,4.75,4.3,32,2.09,1.99,1.83,1.77,25,-0.5,1.93,1.89,2.02,1.95
3,0,2,0,1.36,4.33,7.5,1.35,4.35,8.75,1.37,4.33,8.5,1.35,4.5,8.5,1.3,4.33,8,1.35,4.33,7.5,1.33,4.5,8,1.4,4.33,9,1.33,4.5,9,1.4,4.2,7.5,38,1.43,1.38,4.81,4.35,10.5,8.6,33,1.9,1.82,2.09,1.93,24,-1.25,2.02,1.98,1.93,1.88
0,1,0,0,1.9,3.25,4.33,1.9,3.2,4.1,1.9,3.2,4.25,1.8,3.2,4.7,1.8,3.2,4,1.85,3.2,4,1.83,3.2,4.2,1.83,3.4,4.5,1.83,3.2,4.33,1.83,3.25,4.33,38,2,1.9,3.43,3.24,4.65,4.22,32,2.4,2.19,1.67,1.63,25,-0.5,2,1.93,1.98,1.91
1,2,0,1,2.63,3.1,2.75,2.65,3.05,2.65,2.6,3,2.75,2.65,3,2.75,2.5,3.2,2.5,2.55,3,2.65,2.62,2.9,2.7,2.6,3,2.88,2.5,3,2.88,2.5,3.1,2.75,38,2.71,2.6,3.26,3.06,2.95,2.76,32,2.25,2.1,1.74,1.68,23,0,1.91,1.82,2.08,1.97
3,1,1,1,2.4,3.1,3.1,2.35,3.2,2.9,2.4,3.1,3,2.45,3,3,2.5,3,2.6,2.35,3,2.9,2.37,3,2.9,2.3,3.1,3.25,2.38,3,3,2.3,3.2,3,38,2.55,2.39,3.2,3.06,3.29,3,32,2.33,2.14,1.73,1.66,23,0,1.73,1.67,2.26,2.14
1,1,0,0,4.5,3.4,1.83,4.9,3.25,1.75,4.5,3.3,1.8,4.5,3.3,1.8,3.75,3.2,1.83,4.2,3.25,1.8,4.5,3.4,1.83,4.33,3.25,1.83,4.75,3.4,1.73,4.2,3.25,1.83,35,5.22,4.52,3.57,3.31,1.91,1.81,32,2.17,2.04,1.79,1.72,23,0.5,2.11,2.05,1.85,1.81
3,2,2,1,1.57,3.6,6.5,1.6,3.65,6.5,1.6,3.5,6,1.65,3.5,5.3,1.62,3.75,5.5,1.55,3.6,5.5,1.61,3.6,6,1.62,3.6,6,1.57,3.6,6,1.57,3.6,6.5,36,1.63,1.57,4.09,3.66,7.6,6.46,35,2.04,1.9,1.91,1.85,27,0,1.2,1.16,5.5,4.52
4,1,1,0,1.67,3.5,5.5,1.65,3.45,5.4,1.67,3.4,5.5,1.7,3.5,4.9,1.62,3.25,5,1.6,3.4,5.5,1.67,3.4,5,1.67,3.5,5.5,1.73,3.5,4.75,1.67,3.5,5,35,1.76,1.68,3.73,3.46,5.75,5.33,32,1.99,1.87,1.95,1.88,24,-0.75,2.01,1.96,1.95,1.9
2,0,2,0,2.4,3.1,3.1,2.4,3.1,2.9,2.4,3.1,2.95,2.3,3.2,3,2.25,3,2.88,2.35,3.1,2.85,2.37,3,2.9,2.5,3,3,2.38,3,3,2.4,3.1,3,35,2.52,2.4,3.3,3.11,3.21,3,33,2.1,2.01,1.83,1.76,23,0,1.75,1.69,2.24,2.11
3,1,2,0,2,3.4,3.75,2.05,3,3.8,2.05,3.2,3.6,2.1,3.1,3.55,2,3.2,3.2,2,3.2,3.5,2.05,3.1,3.5,2.1,3,4,1.95,3.2,4,1.95,3.25,3.8,35,2.1,2.01,3.4,3.2,4.27,3.83,32,2.11,2,1.87,1.76,25,-0.5,2.05,2.01,1.88,1.84
0,0,0,0,2.1,3.2,3.6,2.05,3.15,3.6,2.05,3.2,3.6,2,3.3,3.6,2.1,3.2,3,2,3.1,3.6,1.95,3.25,3.6,2.1,3,4,2,3,4,2.1,3.2,3.5,35,2.11,2.05,3.32,3.16,4.19,3.75,31,2.45,2.2,1.68,1.62,24,-0.5,2.12,2.06,1.85,1.8
0,1,0,0,1.8,3.3,4.75,1.8,3.25,4.5,1.8,3.3,4.5,1.8,3.4,4.3,1.73,3.2,4.33,1.7,3.4,4.5,1.73,3.3,4.8,1.83,3.4,4.5,1.8,3.25,4.75,1.83,3.3,4.33,35,1.83,1.79,3.49,3.31,5.63,4.74,31,2.35,2.16,1.7,1.65,25,-0.5,1.83,1.81,2.15,2.07
3,2,1,1,1.73,3.5,5,1.7,3.65,5.25,1.75,3.4,4.75,1.75,3.5,4.6,1.67,3.2,5,1.65,3.4,5,1.7,3.4,4.8,1.73,3.5,5,1.67,3.4,5.5,1.73,3.4,5,34,1.76,1.72,3.69,3.42,5.65,5.13,32,2.04,1.96,1.91,1.8,24,-0.75,2.03,1.98,1.94,1.89
0,1,0,1,2.4,3,3.2,2.25,3.15,3.1,2.35,3.05,3.1,2.3,2.9,3.3,2.25,3,2.88,2.35,3.1,2.85,2.3,3,3.1,2.3,3,3.4,2.3,3,3.2,2.3,3.1,3.1,35,2.46,2.35,3.21,3.08,3.41,3.12,31,2.47,2.26,1.62,1.58,24,0,1.69,1.63,2.33,2.21
0,0,0,0,3.2,3.2,2.3,3.25,3.25,2.3,3.1,3.1,2.3,2.85,3.2,2.4,2.88,3,2.25,3,3,2.3,3,3.1,2.3,3.25,3.2,2.25,3.2,3.2,2.2,3.1,3.2,2.3,34,3.41,3.13,3.31,3.16,2.38,2.3,32,2.12,2.01,1.84,1.75,25,0,2.47,2.24,1.66,1.61
0,2,0,0,2.38,3,3.25,2.25,3.15,3.1,2.35,3.05,3.1,2.4,3.1,2.95,2.1,3.2,3,2.3,3,3,2.37,3,2.9,2.4,3.1,3.1,2.3,3,3.2,2.38,3.1,3,34,2.49,2.36,3.2,3.08,3.4,3.1,31,2.4,2.22,1.67,1.6,23,0,1.74,1.65,2.3,2.17
3,0,1,0,1.91,3.4,4,1.9,3.15,4.2,1.9,3.25,4.1,1.9,3.3,3.9,1.83,3.2,3.75,1.9,3.2,3.8,1.9,3.2,3.8,2,3.2,4,1.83,3.4,4,1.95,3.25,3.75,35,2,1.9,3.56,3.29,4.5,4.13,30,2.02,1.93,1.93,1.83,24,-0.5,2,1.9,2.04,1.95
0,0,0,0,1.5,3.8,7.5,1.5,3.95,7.5,1.53,3.75,6.5,1.5,3.8,6.7,1.5,3.5,6,1.5,3.75,6,1.5,3.75,6,1.5,3.75,7.5,1.5,3.75,7,1.53,3.75,6.5,36,1.57,1.52,4.05,3.77,8,6.8,32,2.06,1.92,1.88,1.83,25,-1,2.08,1.98,1.91,1.86
0,1,0,1,2.1,3.3,3.5,2.05,3.25,3.5,2.1,3.2,3.5,2,3.3,3.6,2,3,3.5,2.05,3.2,3.3,2.05,3.2,3.3,2.1,3.1,3.8,2,3.2,3.75,2,3.25,3.6,36,2.16,2.08,3.3,3.18,4.06,3.6,31,2.4,2.23,1.67,1.61,24,0,1.52,1.46,2.81,2.58
0,2,0,1,3.5,3.3,2.1,3.65,3.3,2.1,3.6,3.2,2.05,3.9,3.3,1.9,3,3.2,2.1,3.5,3.15,2,3.5,3.15,2,3.6,3.25,2.1,3.6,3.2,2.05,3.5,3.2,2.1,36,3.94,3.58,3.36,3.22,2.2,2.08,32,2.03,1.95,1.88,1.81,25,0,2.7,2.55,1.53,1.48
1,2,0,1,4.2,3.3,1.91,4.25,3.3,1.95,3.9,3.25,1.95,3.9,3.3,1.9,3.5,3.2,1.91,3.75,3.25,1.9,3.75,3.25,1.9,4.2,3.4,1.9,4,3.25,1.91,4.5,3.3,1.83,36,4.95,4.18,3.48,3.29,1.96,1.89,32,2.12,2.02,1.81,1.75,24,0.5,2.04,1.97,1.92,1.88
2,0,2,0,1.85,3.4,4.33,1.85,3.25,4.25,1.87,3.25,4.25,1.85,3.3,4.2,1.8,3.2,4,1.83,3.25,4,1.83,3.25,4,1.91,3.25,4.33,1.83,3.25,4.5,1.83,3.4,4,36,1.94,1.86,3.51,3.31,4.83,4.28,31,2.14,2.02,1.81,1.74,24,-0.5,1.94,1.89,2.03,1.96
2,1,0,1,1.62,3.6,6,1.55,3.55,6.35,1.55,3.6,6.5,1.65,3.5,5.3,1.5,3.5,6,1.5,3.6,6.25,1.5,3.6,6.25,1.57,3.6,6.5,1.57,3.6,6,1.57,3.5,6,35,1.67,1.59,3.81,3.52,7,6.21,30,2.22,2.03,1.8,1.73,23,-1,2.2,2.11,1.79,1.76
3,1,2,0,1.91,3.4,4,1.9,3.15,4.15,1.9,3.2,4.25,1.85,3.4,4,1.8,3.3,3.75,1.85,3.1,4.2,1.85,3.1,4.2,1.91,3.25,4.33,1.83,3.2,4.33,1.83,3.25,4.33,36,2,1.9,3.38,3.23,4.78,4.22,31,2.29,2.13,1.74,1.66,24,-0.5,1.96,1.93,1.98,1.92
1,0,1,0,1.4,4.33,8.5,1.35,4.2,9.5,1.4,4,8.5,1.35,4.7,8,1.36,3.75,8,1.36,4.3,7.5,1.36,4.3,7.5,1.4,4.33,8.5,1.4,4,9,1.4,4,8.5,36,1.45,1.4,4.54,4.2,9.5,8.35,31,1.91,1.81,2.02,1.94,23,-1.25,2.12,2.05,1.84,1.81
0,0,0,0,3.1,3.25,2.3,3.15,3.2,2.2,3.2,3.1,2.25,3.2,3.2,2.2,2.8,3.2,2.2,3,3.2,2.2,3,3.2,2.2,3.4,3.1,2.25,3.4,3,2.2,3.1,3.2,2.2,36,3.61,3.28,3.25,3.14,2.34,2.23,31,2.32,2.17,1.71,1.65,23,0,2.45,2.3,1.62,1.58
1,2,1,0,2.9,3.1,2.5,2.9,3.2,2.35,2.9,3.1,2.45,2.85,3.2,2.4,2.6,3,2.5,2.75,3.1,2.4,2.62,3.2,2.3,2.88,3,2.6,2.88,3,2.5,2.75,3.2,2.5,34,3.05,2.89,3.28,3.12,2.61,2.46,27,2.28,2.11,1.73,1.67,18,0,2.13,2.06,1.82,1.75
2,1,0,1,2.1,3.3,3.5,2,3.25,3.65,2.1,3.25,3.4,2.1,3.25,3.4,2,3.2,3.2,2,3.25,3.4,2.1,3.1,3.1,2,3.2,4,2,3.2,3.75,2.1,3.2,3.4,34,2.1,2.04,3.4,3.23,4.31,3.66,27,2.1,2.01,1.87,1.75,19,-0.5,2.08,2.04,1.88,1.83
4,0,2,0,2.2,3.2,3.4,2.1,3.1,3.55,2.1,3.2,3.5,2.05,3.25,3.5,2.1,3,3.2,2.05,3.2,3.3,2.05,3.2,3.4,2.2,3,3.6,2.1,3,3.75,2.2,3.1,3.25,37,2.2,2.12,3.26,3.14,3.94,3.52,31,2.42,2.22,1.65,1.6,23,-0.25,1.86,1.81,2.11,2.07
1,1,1,0,2.38,3,3.25,2.35,3.05,3.05,2.35,3,3.1,2.4,3.2,2.85,2.25,3.2,2.75,2.2,3.1,3.1,2.4,3,2.9,2.25,3.2,3.25,2.3,3,3.2,2.38,3.1,3,37,2.45,2.34,3.24,3.07,3.37,3.1,32,2.35,2.2,1.67,1.61,23,0,1.71,1.65,2.3,2.18
2,1,1,0,2.4,3.2,3,2.3,3.15,3.05,2.25,3.2,3.1,2.25,3.1,3.15,2.25,3,2.88,2.25,3.2,2.9,2.4,2.9,3,2.25,3,3.5,2.25,3,3.25,2.3,3.2,3,37,2.4,2.29,3.33,3.11,3.5,3.14,31,2.33,2.14,1.7,1.65,23,0,1.66,1.61,2.46,2.27
3,4,3,2,1.67,3.5,5.5,1.65,3.25,5.85,1.67,3.3,5.75,1.7,3.5,4.9,1.67,3.2,5,1.6,3.4,5.5,1.6,3.3,6,1.62,3.6,6,1.57,3.6,6,1.67,3.5,5,36,1.7,1.65,3.8,3.46,6.55,5.67,31,2.11,2,1.86,1.75,23,-0.75,1.85,1.83,2.11,2.05
0,2,0,0,1.73,3.4,5.25,1.68,3.4,5.15,1.73,3.35,5,1.65,3.5,5.3,1.62,3.25,5,1.6,3.5,5.2,1.65,3.3,5.5,1.67,3.6,5.5,1.73,3.5,4.75,1.67,3.6,5,37,1.78,1.7,3.75,3.44,5.5,5.16,32,1.97,1.88,1.96,1.87,22,-0.75,2.03,1.99,1.91,1.88
1,2,1,0,2.2,3.2,3.4,2.05,3.2,3.55,2.15,3.1,3.5,2.1,3.25,3.4,1.91,3.2,3.5,2.15,3.2,3.1,2.2,3.1,3.2,2.2,3,3.6,2.1,3.2,3.5,2.25,3.1,3.2,37,2.25,2.16,3.3,3.14,3.77,3.43,31,2.42,2.21,1.67,1.61,23,-0.25,1.9,1.86,2.04,2
3,1,2,0,1.33,4.75,10,1.35,4.15,9.75,1.35,4.5,9,1.3,4.8,9.5,1.29,4.5,8,1.33,4.25,8.5,1.36,4.2,11,1.36,4.33,10,1.3,4.75,11,1.33,4.5,10,37,1.37,1.33,5.36,4.61,11.5,9.83,32,1.91,1.78,2.09,1.97,23,-1.25,1.86,1.82,2.12,2.05
2,2,0,0,2.4,3.1,3.1,2.45,3.2,2.75,2.35,3.1,3,2.5,3.2,2.7,2.5,2.88,2.62,2.4,3.2,2.7,2.4,3,2.9,2.5,3,3,2.3,3,3.2,2.5,3.1,2.8,37,2.55,2.41,3.23,3.11,3.35,2.97,32,2.16,2.02,1.8,1.75,19,0,1.74,1.69,2.35,2.13
1,0,0,0,2.1,3.1,3.75,2.15,3.15,3.35,2.15,3.1,3.4,2.2,3.2,3.2,2.25,3.1,2.8,2.2,3.2,3,2.1,3.1,3.4,2.1,3.2,3.75,2.1,3,3.75,2.1,3.1,3.5,37,2.25,2.16,3.24,3.1,3.95,3.46,31,2.47,2.23,1.65,1.59,23,0,1.55,1.51,2.66,2.47
2,3,1,3,3.6,3.2,2.1,3.65,3.25,2,3.6,3.1,2.1,3.7,3.2,2,3.5,3,2,3.6,3.2,1.95,3.5,3,2.1,3.6,3.25,2.1,3.75,3,2.05,3.6,3.2,2.05,37,4,3.62,3.3,3.16,2.22,2.08,32,2,1.9,1.93,1.85,24,0,2.65,2.52,1.53,1.47
1,2,1,1,2.5,3.2,2.88,2.55,3.1,2.72,2.5,3.1,2.8,2.6,3.2,2.6,2.25,3.2,2.75,2.5,3,2.7,2.5,3.1,2.7,2.6,3,2.88,2.5,3,2.88,2.6,3.1,2.75,38,2.66,2.55,3.23,3.09,3.04,2.82,33,2.16,2.03,1.81,1.73,22,0,1.86,1.79,2.1,2.02
0,0,0,0,2.3,3.2,3.2,2.3,3.2,3,2.25,3.2,3.1,2.3,3.2,3,2.25,3.1,2.8,2.3,3,3,2.3,3.2,2.9,2.25,3.2,3.25,2.2,3.2,3.2,2.38,3.25,2.88,38,2.4,2.29,3.31,3.19,3.35,3.11,34,2.02,1.9,1.92,1.85,24,0,1.7,1.64,2.32,2.2
0,0,0,0,2.3,3.2,3.2,2.2,3.2,3.15,2.3,3.1,3.1,2.3,3.2,3,2.2,3.2,2.8,2.25,3,3.1,2.3,3.1,3,2.25,3,3.5,2.3,3,3.25,2.25,3.25,3,39,2.49,2.31,3.25,3.11,3.5,3.11,33,2.19,2.06,1.75,1.7,24,0,1.73,1.64,2.28,2.2
1,0,1,0,2,3.25,3.9,2,3.2,3.7,2,3.2,3.75,2.1,3.15,3.5,1.91,3.2,3.5,1.95,3.1,3.75,1.95,3.25,3.6,2,3.2,4,2,3.2,3.75,2,3.25,3.6,38,2.08,2,3.47,3.2,4.23,3.79,32,2.35,2.18,1.68,1.63,25,-0.5,2.08,2.03,1.87,1.83
2,1,2,1,2.9,3.1,2.5,2.75,3.05,2.55,2.8,3.1,2.5,2.8,3.1,2.5,2.6,3,2.5,2.7,3,2.5,2.88,3,2.4,3.2,3,2.38,2.88,3,2.5,2.88,3.1,2.4,38,3.23,2.92,3.25,3.07,2.63,2.46,33,2.19,2.08,1.76,1.69,23,0,2.22,2.1,1.78,1.72
2,2,1,2,2,3.25,3.9,1.95,3.25,3.8,2,3.2,3.75,2.1,3.15,3.5,1.83,3.2,3.75,2,3.1,3.6,1.95,3.2,3.75,2,3.2,4,1.95,3.2,4,1.91,3.25,4,38,2.08,1.99,3.3,3.19,4.41,3.89,33,2.17,2.03,1.81,1.73,25,-0.5,2.08,2.02,1.87,1.84
0,0,0,0,1.4,4.5,8,1.4,4,8.5,1.4,4.25,8,1.4,4.3,7.5,1.36,3.75,8,1.35,4.33,7.5,1.4,4,7.5,1.4,4.33,8.5,1.36,4.5,8.5,1.4,4.33,7.5,37,1.44,1.4,4.86,4.24,9.08,7.98,33,1.76,1.7,2.21,2.08,23,-1.25,2.06,2.02,1.88,1.85
1,0,0,0,1.5,3.9,7,1.45,3.85,7.4,1.5,3.75,7,1.45,4,7,1.44,3.6,6.5,1.5,3.6,6.5,1.5,3.6,6.5,1.53,3.75,7,1.44,4,7.5,1.53,3.75,6,37,1.54,1.5,4.22,3.8,8.1,6.9,33,2.1,1.99,1.88,1.76,25,-1,1.9,1.86,2.04,1.99
2,1,2,1,2.15,3.2,3.5,2.05,3.15,3.6,2.05,3.2,3.6,2.1,3.15,3.5,1.83,3.2,3.75,2.1,3.1,3.3,2.1,3.1,3.4,2,3.2,4,2.05,3,3.75,2.05,3.2,3.5,38,2.2,2.09,3.25,3.16,4.07,3.58,32,2.33,2.18,1.67,1.63,25,0,1.5,1.47,2.75,2.55
1,1,0,1,2.2,3.2,3.4,2.2,3.1,3.25,2.25,3.1,3.2,2.2,3.2,3.2,2.25,3.2,2.75,2.2,3.1,3.1,2.1,3.2,3.25,2.2,3,3.6,2.1,3.2,3.5,2.2,3.1,3.25,38,2.3,2.2,3.28,3.12,3.81,3.34,32,2.31,2.14,1.72,1.65,24,0,1.6,1.54,2.54,2.4
3,1,0,0,4.33,3.25,1.91,4.3,3.25,1.95,4.25,3.2,1.9,3.9,3.3,1.9,4,3.2,1.8,3.75,3.2,1.91,4.33,3.25,1.8,4.2,3.4,1.91,4,3.2,1.91,4.2,3.25,1.91,32,4.81,4.29,3.4,3.22,2.01,1.91,9,2.35,2.15,1.73,1.66,12,0.5,1.95,1.9,2.02,1.96
1,3,0,0,2,3.2,4,2.08,3.2,3.85,2.1,3.2,3.5,2,3.3,3.6,2.1,3.2,3,2.1,3.1,3.3,2.05,3.1,3.5,2,3.2,4,2,3.2,3.75,2.1,3.2,3.5,33,2.13,2.06,3.3,3.14,4.28,3.73,28,2.23,2.09,1.74,1.69,7,0,1.52,1.46,2.75,2.55
1,1,0,0,2.5,3,3,2.38,3.1,2.95,2.5,3.1,2.8,2.4,3.2,2.85,2.38,3,2.75,2.5,3,2.7,2.5,3.1,2.7,2.6,3,2.88,2.5,3,2.88,2.6,3.1,2.7,33,2.69,2.52,3.2,3.04,3.05,2.87,9,2.17,2.06,1.79,1.71,17,0,1.86,1.79,2.11,2.02
5,3,4,2,1.8,3.5,4.5,1.85,3.15,4.45,1.83,3.3,4.33,1.8,3.4,4.3,1.83,3.2,3.75,1.8,3.25,4.2,1.8,3.3,4.2,1.83,3.5,4.33,1.73,3.5,4.75,1.83,3.3,4.2,31,1.86,1.81,3.66,3.37,4.85,4.42,8,1.85,1.78,2.15,1.99,11,-0.5,1.83,1.81,2.12,2.06
3,3,3,1,1.36,4.5,9,1.35,4.25,9.25,1.35,4.5,8.75,1.3,4.8,9.5,1.33,4,8,1.3,4.6,8.5,1.33,4.33,8.5,1.36,4.5,9,1.33,4.5,9,1.33,4.5,9,32,1.37,1.35,4.94,4.52,10.94,9.04,8,1.8,1.72,2.19,2.04,12,-1.25,1.95,1.88,2.04,1.99
0,2,0,0,1.83,3.3,4.75,1.8,3.2,4.65,1.85,3.2,4.5,1.7,3.5,4.9,1.83,3.2,3.75,1.85,3.2,4,1.83,3.25,4.2,1.83,3.25,4.75,1.83,3.25,4.5,1.83,3.3,4.2,32,1.95,1.84,3.47,3.25,5.07,4.48,7,2.4,2.21,1.68,1.62,12,-0.5,1.88,1.85,2.07,2.01
3,3,2,3,4.75,3.4,1.8,4.4,3.2,1.85,4.33,3.25,1.85,4,3.4,1.85,4,3.2,1.8,4.5,3.25,1.75,4.2,3.3,1.8,4.5,3.4,1.83,4.5,3.25,1.83,4.2,3.3,1.83,33,4.89,4.46,3.54,3.29,1.9,1.83,8,2.1,1.99,1.84,1.76,6,0.5,2.04,1.99,1.91,1.88
1,0,0,0,1.4,4.33,8.5,1.4,4.45,8.65,1.4,4.25,8,1.35,4.5,8.5,1.33,4,8,1.35,4.2,8,1.36,4,9,1.4,4.33,8.5,1.4,4,9,1.4,4.2,8,33,1.44,1.4,4.58,4.21,9.82,8.2,28,1.85,1.79,2.08,1.94,6,-1.25,2.09,2.06,1.86,1.82
1,0,0,0,2,3.2,4,1.95,3.15,4,1.95,3.2,4,2,3.3,3.6,1.83,3.2,3.75,1.9,3.1,4,2,3,3.8,,,,2,3.2,3.75,2,3.2,3.75,33,2.1,1.99,3.31,3.17,4.29,3.91,8,2.37,2.17,1.67,1.63,7,0,1.47,1.41,3,2.7
3,2,1,0,2.3,3.2,3.2,2.3,3.2,3,2.35,3.1,3,2.4,3.2,2.85,2.25,3.2,2.75,2.3,3,3,2.3,3.1,3,2.3,3.2,3.2,2.2,3.2,3.2,2.3,3.2,3,33,2.45,2.31,3.37,3.14,3.41,3.1,9,2.01,1.92,1.92,1.83,11,0,1.68,1.64,2.35,2.19
3,0,1,0,1.85,3.4,4.33,1.8,3.5,4.2,1.85,3.3,4.25,1.9,3.3,3.9,1.73,3.2,4.33,1.8,3.25,4.2,1.8,3.25,4.33,1.91,3.25,4.33,1.83,3.4,4.33,1.83,3.4,4.33,33,1.93,1.85,3.5,3.3,4.7,4.28,29,1.96,1.87,1.96,1.87,13,0,1.38,1.35,3.2,2.96
1,1,1,1,3.6,3.1,2.1,3.2,3.3,2.15,3.2,3.1,2.25,3.2,3.2,2.2,2.75,3.2,2.25,3,3.1,2.25,3.1,3.1,2.2,3.5,3.1,2.2,3.4,3,2.25,3.1,3.25,2.25,34,3.66,3.3,3.3,3.14,2.27,2.21,30,2.23,2.07,1.75,1.7,17,0,2.48,2.35,1.62,1.57
4,2,2,1,1.75,3.4,5,1.65,3.5,5.25,1.67,3.5,5.25,1.75,3.5,4.6,1.57,3.5,5,1.67,3.3,5,1.7,3.3,5,1.7,3.6,5,1.67,3.4,5.5,1.62,3.5,5.5,9,1.8,1.72,3.6,3.43,5.68,5.14,6,1.93,1.89,1.97,1.94,4,-0.5,1.8,1.79,2.16,2.16
3,0,1,0,2.15,3.1,3.6,2.1,3.2,3.4,2.05,3.1,3.75,2,3.3,3.6,2,3.2,3.2,2,3.1,3.6,2.1,3.1,3.4,2,3.2,4,2.05,3,3.75,2,3.25,3.6,34,2.25,2.09,3.26,3.12,4,3.62,26,2.45,2.25,1.65,1.59,16,0,1.54,1.48,2.66,2.55
1,1,0,1,2,3.1,4.1,1.95,3.15,3.95,1.95,3.2,4,2,3.2,3.8,1.91,3.2,3.5,2,3.1,3.6,1.91,3.2,3.8,2,3.2,4,2,3,4,1.95,3.25,3.8,34,2.1,1.98,3.25,3.09,4.49,4.01,27,2.38,2.19,1.73,1.62,13,0,1.45,1.4,3,2.75
0,2,0,2,2.15,3.2,3.5,2.15,3.3,3.2,2.15,3.2,3.3,2.2,3.2,3.2,2,3.2,3.2,2.1,3.1,3.3,2.2,3.1,3.1,2.2,3.25,3.3,2.1,3.2,3.4,2.1,3.25,3.3,34,2.27,2.15,3.3,3.17,3.72,3.37,27,2.13,2.01,1.81,1.74,16,0,1.57,1.53,2.6,2.42
1,1,0,0,3,1.8,5,,,,2.5,1.95,4.75,,,,2.62,1.8,5,,,,2.7,1.8,5,,,,,,,2.75,1.91,4.33,14,3,2.7,2.9,1.88,5.5,4.81,4,2.4,2.25,1.62,1.58,6,-0.25,2.19,2.15,1.78,1.76
1,1,1,1,1.57,3.6,6.5,1.6,3.65,5.5,1.55,3.75,6,1.55,3.7,6,1.53,3.5,5.5,1.5,3.75,6,1.6,3.5,5.5,1.57,3.75,6.5,1.57,3.5,6,1.6,3.5,6,34,1.71,1.62,3.75,3.52,6.5,5.85,31,2.02,1.93,1.9,1.82,12,0,1.25,1.19,4.75,4.13
1,0,0,0,2.6,3.1,2.8,2.7,3.25,2.5,2.6,3,2.8,2.7,3.2,2.5,2.6,3,2.5,2.65,3.1,2.5,2.6,3.25,2.5,2.75,3,2.75,2.62,3,2.75,2.75,3.1,2.6,33,2.7,2.57,3.2,3.07,3.02,2.76,29,2.1,1.97,1.86,1.77,17,0,1.88,1.82,2.08,1.98
1,0,1,0,2.05,3.25,3.75,1.95,3.3,3.8,2,3.2,3.75,2.1,3.25,3.4,2.1,3.2,3,2.1,3.1,3.3,2,3.2,3.6,2,3.2,4,2,3.25,3.75,2,3.25,3.6,34,2.15,2.04,3.4,3.19,4.02,3.66,27,2.18,2.07,1.78,1.7,13,0,1.49,1.44,2.75,2.61
3,1,0,0,1.85,3.3,4.4,1.83,3.3,4.33,1.8,3.4,4.25,1.8,3.4,4.3,1.83,3.2,3.75,1.85,3.4,3.75,1.8,3.3,4.2,1.83,3.5,4.33,1.73,3.5,4.75,1.75,3.6,4.2,31,1.95,1.81,3.75,3.45,4.97,4.36,27,2.2,2.07,1.8,1.7,10,-0.5,1.83,1.82,2.11,2.07
2,1,0,1,2.5,3.1,2.9,2.35,3.15,2.95,2.6,3,2.75,2.5,3.2,2.7,2.25,3,2.88,2.4,3,2.85,2.38,3,2.9,2.5,3,3,2.62,2.88,2.88,2.75,2.88,2.75,32,2.96,2.68,3.1,2.93,3,2.79,26,2.47,2.22,1.65,1.58,19,0,1.98,1.87,2.01,1.91
0,2,0,0,4.5,3.3,1.83,4,3.5,1.83,4,3.3,1.9,3.9,3.3,1.9,3.5,3.2,1.91,4,3.2,1.85,4,3.3,1.85,4.33,3.5,1.83,4,3.5,1.83,4,3.5,1.83,31,4.62,4.21,3.79,3.43,1.91,1.84,28,1.95,1.85,2.01,1.89,12,0,3.4,2.98,1.4,1.35
1,0,1,0,3,3,2.5,2.85,3.1,2.45,2.9,3,2.5,2.8,3.1,2.5,2.75,3,2.38,2.85,3,2.4,2.9,3,2.4,2.88,3,2.6,3.25,2.88,2.38,2.88,3.1,2.4,32,3.25,2.98,3.2,3.05,2.6,2.44,26,2.2,2.06,1.78,1.7,18,0,2.25,2.11,1.8,1.71
2,2,0,1,2.05,3.2,3.75,2.2,3.2,3.2,2.1,3.1,3.6,2,3.3,3.6,2.1,3.2,3,2,3.2,3.5,2,3.2,3.5,2.1,3.25,3.6,1.95,3.4,3.75,2.1,3.25,3.3,31,2.15,2.07,3.48,3.23,3.85,3.56,27,1.8,1.71,2.21,2.07,13,0,1.59,1.49,2.63,2.47
3,0,2,0,1.25,5.5,12,1.25,5.25,11,1.25,5.5,11,1.22,5.5,12,1.2,5,11,1.2,5.5,12,1.22,5,13,1.22,5.5,15,1.2,5.5,17,1.22,5.5,13,30,1.27,1.22,6.5,5.61,18.49,13.24,24,1.67,1.61,2.35,2.2,8,-1.5,1.79,1.76,2.19,2.13
2,0,1,0,1.75,3.4,5,1.75,3.35,4.75,1.75,3.25,5,1.85,3.4,4,1.73,3.2,4.33,1.75,3.25,4.5,1.7,3.25,5,1.83,3.4,4.5,1.83,3.25,4.5,1.75,3.3,5,31,1.86,1.77,3.5,3.35,5.1,4.77,25,2.16,2.03,1.8,1.72,11,0,1.33,1.28,3.65,3.37
1,0,0,0,5,3.25,1.8,4.25,3.65,1.75,4.5,3.4,1.8,4,3.4,1.85,4.33,3.2,1.73,4.5,3.25,1.75,4.8,3.3,1.73,4.75,3.4,1.8,4.75,3.5,1.73,5,3.4,1.73,31,5.19,4.72,3.73,3.42,1.83,1.76,25,2.16,2.03,1.78,1.72,12,0,3.6,3.35,1.35,1.29
0,0,0,0,1.7,3.3,5.75,1.65,3.55,5.2,1.73,3.4,5,1.7,3.4,5.1,1.67,3.3,4.5,1.65,3.4,5,1.62,3.4,5.5,1.67,3.5,5.5,1.62,3.5,6,1.62,3.5,5.5,32,1.7,1.66,3.76,3.5,6.2,5.44,26,2.19,2.04,1.8,1.71,11,0,1.25,1.21,4.5,3.94
3,1,0,1,2.45,3,3.1,2.45,3.1,2.85,2.5,3,2.9,2.4,3.1,2.95,2.38,3,2.75,2.45,3.1,2.7,,,,2.4,3,3.2,2.3,3,3.2,2.4,3.2,2.88,32,2.45,2.38,3.3,3.12,3.28,2.98,26,2.2,2.06,1.76,1.7,16,0,1.72,1.68,2.28,2.14
3,1,2,1,1.62,3.6,6,1.58,3.65,5.75,1.62,3.6,5.5,1.6,3.6,5.6,1.57,3.5,5,1.6,3.5,5.25,1.62,3.4,5.5,1.57,3.8,6,1.62,3.6,5.5,1.57,3.5,6,30,1.67,1.6,3.81,3.57,6.5,5.87,27,1.97,1.86,1.95,1.89,11,0,1.22,1.19,4.8,4.2
2,1,1,0,2.75,3.1,2.63,2.6,3.2,2.6,2.65,3.1,2.65,2.55,3.1,2.7,2.5,3,2.6,2.6,3,2.6,2.6,3,2.62,2.75,3,2.8,2.62,3,2.75,2.62,3.2,2.62,30,2.76,2.65,3.26,3.08,2.88,2.7,27,2.02,1.91,1.92,1.84,19,0,1.93,1.87,2.02,1.93
0,0,0,0,2.88,1.83,5,,,,2.75,1.85,5,2.6,1.9,4.2,2.62,1.9,4.5,,,,2.75,1.83,4.5,,,,,,,2.62,1.91,5,13,3.15,2.83,1.91,1.86,5.45,4.76,6,1.89,1.84,2.05,2.02,6,0,1.55,1.52,2.7,2.55
4,1,1,1,1.8,3.4,4.75,1.75,3.35,4.75,1.72,3.4,5,1.7,3.5,4.9,1.62,3.5,4.5,1.7,3.3,4.75,1.7,3.3,4.8,1.73,3.5,5,1.73,3.4,4.75,1.73,3.4,4.75,32,1.82,1.74,3.55,3.39,5.2,4.74,28,1.91,1.82,2.05,1.94,11,-0.75,2.09,2.05,1.86,1.84
2,1,1,1,1.6,3.5,6.5,,,,1.53,3.75,6,1.5,3.9,6.5,1.44,3.75,6,1.45,3.8,6.75,1.45,4,7,1.44,4.2,7.5,1.5,3.75,7,1.53,3.8,6,30,1.65,1.55,4,3.71,7.1,6.24,26,1.86,1.78,2.08,1.98,11,-1,2.18,2.11,1.79,1.77
1,1,0,1,2.2,3.1,3.5,2.05,3.2,3.55,2.2,3.1,3.4,2.2,3.2,3.2,2.2,3,3,2.05,3,3.6,2.2,3,3.25,2.1,3.1,3.75,2.1,3.2,3.5,2.15,3.2,3.25,30,2.35,2.19,3.27,3.07,3.75,3.4,24,2.33,2.16,1.7,1.64,15,0,1.65,1.55,2.63,2.38
1,1,1,1,1.67,3.5,5.5,1.65,3.55,5.2,1.7,3.4,5,1.65,3.5,5.3,1.57,3.5,5,1.67,3.4,4.75,1.67,3.4,5,1.67,3.6,5.5,1.73,3.5,4.75,1.7,3.5,5,31,1.82,1.72,3.65,3.43,5.5,5.05,28,2.05,1.92,1.91,1.83,10,0,1.33,1.26,4,3.54
1,0,0,0,1.6,3.5,7,1.7,3.35,5.15,1.7,3.3,5.25,1.6,3.6,5.6,1.67,3.2,5,1.62,3.3,5.5,1.65,3.3,5,1.67,3.5,5.5,1.62,3.5,6,1.67,3.3,5.5,30,1.7,1.63,3.8,3.46,6.52,5.73,24,2.22,2.09,1.74,1.68,11,0,1.25,1.21,4.5,3.98
1,1,0,0,1.67,3.5,5.5,1.6,3.65,5.4,1.67,3.5,5.25,1.65,3.5,5.3,1.62,3.25,5,1.6,3.5,5.25,1.7,3.3,4.8,1.67,3.4,6,1.62,3.5,5.5,1.7,3.4,5,31,1.7,1.64,3.91,3.49,6.4,5.64,28,1.93,1.83,2.03,1.92,11,-0.75,1.84,1.81,2.12,2.07
0,0,0,0,2.5,3.1,2.9,2.5,3.1,2.8,2.5,3.1,2.8,2.4,3.2,2.85,2.25,2.88,3,2.5,2.9,2.8,2.4,3,2.88,2.5,3.2,2.88,2.5,3,2.88,2.38,3.2,2.88,29,2.65,2.5,3.33,3.11,2.96,2.82,24,2,1.88,1.96,1.87,18,0,1.91,1.8,2.1,2
2,0,1,0,1.67,3.6,5.25,1.65,3.5,5.25,1.7,3.6,4.75,1.75,3.5,4.6,1.67,3.4,4.33,1.7,3.4,4.5,1.67,3.4,5,1.75,3.4,5,1.67,3.4,5.5,1.75,3.5,4.33,38,1.75,1.7,3.66,3.48,6.12,5.05,28,2.19,2.05,1.83,1.71,15,0,1.3,1.25,4.05,3.6
0,1,0,1,5,3.8,1.67,5.15,3.9,1.58,5,3.7,1.65,4.9,3.5,1.7,4.5,3.3,1.67,5,3.6,1.6,5,3.6,1.62,5,3.8,1.65,5,3.6,1.67,4,4,1.7,37,5.72,4.93,4.05,3.73,1.72,1.66,30,1.91,1.82,2.02,1.93,15,0,4.5,3.64,1.29,1.25
2,3,2,3,4.33,3.6,1.8,4.3,3.6,1.75,4.25,3.6,1.77,4.3,3.4,1.8,4,3.2,1.8,4.2,3.6,1.7,4.33,3.5,1.73,4.5,3.5,1.8,4.5,3.5,1.73,4.2,3.5,1.8,37,4.8,4.44,3.8,3.51,1.83,1.77,30,2,1.88,1.96,1.87,15,0,3.6,3.22,1.35,1.3
2,0,2,0,3.2,2,3.5,,,,3.1,2.1,3.5,3.1,2.2,3.1,3,2.1,3.2,,,,3.1,2.05,3.2,,,,,,,3,2.1,3.3,23,3.3,3.12,2.29,2.1,3.57,3.37,11,2.3,2.15,1.75,1.68,13,0,1.91,1.84,2.03,1.97
1,2,0,1,3,3,2.5,3.15,2.8,2.45,3.1,2.9,2.45,2.9,3,2.5,2.88,2.8,2.38,2.9,2.8,2.5,3,2.9,2.4,3.15,2.88,2.5,3,2.88,2.5,2.88,3,2.5,36,3.19,3.01,3.2,2.96,2.59,2.46,25,2.42,2.25,1.65,1.58,21,0,2.17,2.07,1.79,1.72
1,1,0,0,1.5,4,6.5,1.5,4.1,6,1.5,4.1,6,1.5,3.9,6.5,1.44,3.75,6,1.45,4,6.25,1.44,4,6.5,1.53,4,6,1.5,4,6.5,1.53,4,5.5,36,1.53,1.49,4.5,4.07,7.15,6.36,26,1.8,1.7,2.2,2.08,13,-1,1.86,1.82,2.11,2.04
3,0,1,0,1.29,5,11,1.25,5.25,11,1.25,5.5,10,1.25,5,12,1.25,4.5,10,1.2,5.75,11,1.25,4.8,11,1.25,5.5,13,1.25,5,12,1.25,5,12,37,1.3,1.26,5.7,5.17,14,11.61,27,1.8,1.68,2.2,2.09,12,-1.5,2.02,1.96,1.97,1.91
1,1,1,1,2.4,3,3.2,2.35,3.05,3.05,2.4,3,3.1,2.4,3,3.05,2.38,3,2.75,2.4,3.1,2.8,2.4,2.9,3,2.5,3,3,2.38,3,3,2.4,3,3,37,2.5,2.4,3.2,3.04,3.33,3.05,27,2.33,2.2,1.69,1.61,18,0,1.73,1.68,2.3,2.11
1,1,0,1,3.2,3.1,2.35,3.15,3.1,2.25,3.25,3,2.3,2.85,3.2,2.4,2.75,3,2.38,2.8,3.2,2.3,3.2,3,2.25,3.25,3,2.38,3.2,3,2.3,3,3.1,2.38,37,3.37,3.07,3.2,3.08,2.45,2.36,27,2.16,2.04,1.81,1.71,19,0,2.33,2.18,1.7,1.65
3,0,1,0,2.63,3.1,2.8,2.65,3.3,2.5,2.6,3.25,2.6,2.6,3.1,2.65,2.5,3,2.6,2.55,3.1,2.6,2.6,3.1,2.6,2.63,3.2,2.75,2.5,3.2,2.75,2.6,3.25,2.62,37,2.7,2.61,3.32,3.16,2.94,2.7,31,1.9,1.82,2.02,1.92,23,0,1.91,1.83,2.08,1.95
2,2,1,0,3.6,3.2,2.1,3.3,3.4,2.2,3.5,3.25,2.05,3.2,3.2,2.2,3,3,2.2,3.4,3.25,2,3.15,3.2,2.15,3.4,3.25,2.2,3.5,3.2,2.1,3.4,3.3,2.1,37,3.95,3.44,3.44,3.24,2.2,2.1,36,2.07,1.93,1.88,1.81,16,0,2.7,2.47,1.55,1.48
2,3,1,0,1.53,3.75,7,1.5,3.65,6.95,1.5,3.75,7,1.55,3.5,6.5,1.53,3.5,5.5,1.5,3.5,6.75,,,,1.53,3.75,7,1.5,3.75,7,1.5,3.6,7,38,1.55,1.51,4.15,3.72,8,6.79,31,2.2,2.03,1.79,1.71,14,-1,2.08,2.01,1.89,1.83
2,3,2,1,4.5,1.62,4.5,,,,3.9,1.7,3.9,3.5,1.7,3.5,,,,,,,4.33,1.6,3.75,,,,4.33,1.62,4.33,4.2,1.67,3.75,17,4.5,4.1,1.7,1.63,4.5,3.93,7,2.4,2.38,1.53,1.5,12,0,2.12,2.03,1.85,1.8
1,0,1,0,1.5,4,7,1.45,4,7,1.45,4,7,1.45,4,7,1.5,3.5,6,1.45,3.75,7,1.44,4,6.5,1.5,4,7,1.44,4,7,1.44,4.2,6.5,37,1.52,1.47,4.42,3.99,7.65,6.89,32,1.75,1.68,2.22,2.12,14,-1,1.95,1.89,2.01,1.95
0,2,0,2,3.1,3.1,2.4,2.9,3.1,2.4,3,3.1,2.35,2.7,3.2,2.5,2.75,3,2.38,2.7,3.2,2.4,2.88,3,2.4,3,3.2,2.38,3,3,2.38,2.8,3.2,2.4,38,3.22,2.94,3.32,3.15,2.5,2.39,34,2.16,2.02,1.8,1.74,20,0,2.33,2.13,1.75,1.67
2,2,0,2,1.36,4.5,9,1.35,4.65,7.75,1.33,4.75,9,1.35,4.5,8.5,1.33,4,8,1.35,4.2,8,1.33,4.33,9,1.3,5,11,1.3,4.75,10,1.33,4.5,9,37,1.4,1.35,5,4.55,11,8.8,33,1.84,1.74,2.13,2.02,13,-1.25,2,1.94,1.94,1.92
3,1,2,1,1.44,4,8,1.38,4.2,8.15,1.45,4,7,1.45,4,7,1.36,3.75,8,1.35,4.2,8,1.4,4,7.5,1.44,4,8,1.4,4,8.5,1.44,4,7,38,1.46,1.42,4.51,4.12,9.25,7.9,33,2.11,1.98,1.87,1.76,12,0,1.15,1.11,7,5.83
2,1,2,0,1.33,4.5,9.5,1.33,4.75,8.5,1.33,4.75,9,1.33,4.8,8.5,1.29,4.5,8,1.33,4.5,8,1.33,4.33,9,1.36,4.5,9,1.3,4.75,10,1.33,4.5,9,37,1.36,1.31,5.5,4.73,12,9.65,29,1.73,1.67,2.28,2.11,13,-1.25,1.9,1.81,2.13,2.06
1,0,1,0,2.2,3.2,3.5,2.25,3.4,3.2,2.25,3.1,3.2,2.2,3.2,3.2,2.2,3,3,2.2,3.1,3.1,2.2,3.1,3.15,2.1,3.2,3.75,2.1,3.2,3.5,2.2,3.2,3.2,37,2.3,2.2,3.3,3.15,3.75,3.33,34,2.06,1.93,1.89,1.81,19,0,1.6,1.55,2.6,2.36
3,2,1,2,2.1,3.3,3.5,2.1,3.3,3.3,2.15,3.25,3.3,2,3.3,3.6,2.2,3.2,2.8,2.05,3.2,3.3,2.05,3.2,3.4,2,3.4,3.75,2.05,3.2,3.5,2.05,3.3,3.4,37,2.19,2.09,3.43,3.26,3.75,3.46,30,2.25,2.08,1.75,1.68,15,0,1.54,1.49,2.63,2.48
2,0,0,0,1.62,3.6,6,1.6,3.9,6,1.6,3.5,6,1.65,3.5,4.6,1.62,3.6,6,1.6,3.5,5.25,1.61,3.75,5.5,1.67,3.6,5.5,1.57,3.6,6,1.67,3.6,5,34,1.67,1.59,3.95,3.66,6.7,5.84,31,1.95,1.84,1.98,1.89,15,0,1.27,1.2,4.5,4.09
2,0,1,0,1.4,4.5,8,1.37,4,7.75,1.4,4.2,8,1.45,4.1,6,1.4,3.75,7,,,,1.33,4.2,7.5,1.4,4.33,8.5,,,,1.4,4,7.5,30,1.45,1.38,4.93,4.24,9.82,8.19,28,2.16,2.03,1.85,1.73,9,-1.25,2.08,2.03,1.89,1.85
2,1,1,0,2.35,3.3,3,2.3,3.2,3,2.3,3.2,3,2.3,3.3,2.75,2.25,3.2,2.75,2.2,3.2,3,2.38,3.1,2.88,2.25,3.25,3.25,2.3,3.2,3,2.25,3.3,3,33,2.43,2.29,3.44,3.25,3.25,3.01,32,2.19,2.06,1.8,1.7,21,0,1.77,1.67,2.3,2.15
1,2,0,1,3,3.1,2.4,3.05,3.2,2.25,3,3.2,2.3,2.8,3.2,2.3,2.6,3.2,2.38,3,3.1,2.25,2.9,3,2.38,3,3.2,2.4,3,3,2.38,3.1,3.25,2.2,33,3.18,3.01,3.25,3.15,2.53,2.33,29,2.28,2.07,1.75,1.68,20,0,2.25,2.13,1.75,1.67
2,2,1,0,3.25,3.2,2.25,3.05,3.2,2.25,3.1,3.2,2.25,2.75,3.3,2.3,2.8,3.2,2.2,2.9,3.1,2.3,3,3.1,2.25,3.1,3.25,2.3,3.2,3.2,2.2,2.88,3.25,2.3,33,3.37,3.07,3.41,3.21,2.38,2.27,33,1.88,1.81,2.04,1.93,20,0,2.42,2.24,1.67,1.62
2,2,1,0,1.75,3.6,4.6,1.75,3.3,4.77,1.75,3.4,4.75,1.8,3.6,3.7,1.73,3.4,4,1.73,3.3,4.5,1.75,3.4,4.33,1.85,3.4,4.5,1.73,3.5,4.75,1.75,3.4,4.33,33,1.85,1.75,3.77,3.43,5.15,4.61,32,2.11,2.01,1.86,1.74,14,0,1.35,1.29,3.6,3.34
1,2,1,0,4,3.3,1.95,3.75,3.4,2.05,3.75,3.25,2,3.7,3.3,1.9,3.2,3.2,2,3.4,3.25,2,3.6,3.3,1.95,3.75,3.4,2,4,3.25,1.91,3.5,3.4,2,32,4.15,3.74,3.47,3.32,2.06,1.97,33,2,1.87,1.98,1.86,15,0,3,2.68,1.48,1.42
2,3,0,1,2.35,3.2,3.1,2.4,2.95,3.05,2.3,3.1,3.1,2.1,3.3,3.1,2.1,3,3.2,2.25,3,3.1,2.3,3.1,3,2.25,3.2,3.25,2.3,3.2,3,2.3,3.1,3,32,2.41,2.3,3.35,3.13,3.28,3.08,32,1.97,1.87,2,1.87,19,0,1.75,1.63,2.37,2.22
2,1,0,1,2.75,3.1,2.63,2.85,3.25,2.55,2.75,3.2,2.5,2.55,3.2,2.5,2.6,3,2.5,2.8,3.15,2.35,2.62,3,2.6,2.6,3.25,2.75,2.75,3,2.62,2.75,3.2,2.5,33,2.92,2.73,3.28,3.14,2.75,2.55,34,2.03,1.9,1.89,1.83,23,0,2.05,1.97,1.9,1.81
1,1,0,1,2.1,2,9.5,,,,2.2,2.05,7.5,2.3,2,5,2.1,1.91,8,,,,2.1,1.95,7.5,,,,,,,2.2,1.91,8.5,18,2.3,2.14,2.1,1.99,9.5,7.84,12,2.1,2.01,1.88,1.79,5,-0.5,2.23,2.2,1.77,1.75
3,1,2,1,1.22,6,13,1.22,5.75,11.5,1.22,5.5,13,1.25,5,10,1.2,5,11,1.2,5.6,11,1.2,5.5,12,1.25,5.5,13,1.2,5.5,15,1.2,6,13,34,1.27,1.22,6.25,5.6,15.31,13.02,27,1.73,1.62,2.33,2.19,14,-1.5,1.95,1.87,2.02,1.96
3,1,2,0,1.91,3.6,3.8,1.9,3.45,3.75,1.9,3.5,3.75,1.9,3.4,3.55,1.83,3.3,3.6,1.9,3.6,3.4,1.85,3.6,3.6,1.91,3.6,3.8,1.83,3.4,4,1.95,3.5,3.5,32,1.95,1.91,3.68,3.47,4.35,3.8,33,1.93,1.84,2.02,1.9,17,0,1.47,1.39,3,2.76
2,1,1,1,1.5,3.75,6,,,,1.53,4.2,5.5,1.4,4.1,7,1.53,3.75,5,,,,1.5,4,5.5,,,,1.53,3.75,6.5,1.57,4,5,27,1.55,1.5,4.5,4.02,6.6,5.83,20,1.95,1.89,1.91,1.82,7,-0.5,1.56,1.53,2.66,2.58
0,2,0,0,1.5,3.75,6,1.49,3.75,6.8,1.53,3.75,6.5,1.5,3.8,5.7,1.5,3.5,6,1.5,3.75,6,1.5,3.75,6.2,1.57,3.6,6.5,1.5,3.75,7,1.53,3.6,6.5,35,1.57,1.51,4.32,3.79,7.19,6.6,36,2.03,1.91,1.95,1.84,15,0,1.2,1.15,5.5,4.8
1,2,1,2,2.4,3.1,3.1,2.3,3.3,2.9,2.35,3.1,3,2.2,3.2,3,2.2,3.2,2.8,2.2,3.1,3.1,2.4,2.9,3,2.38,3.25,3,2.3,3.2,3,2.38,3.2,2.88,34,2.51,2.35,3.3,3.15,3.28,3.03,34,2.11,1.96,1.89,1.79,22,0,1.73,1.67,2.32,2.16
3,0,0,0,1.4,4.2,9,1.4,4,8.3,1.4,4,8.5,1.35,4.5,7.3,1.4,3.75,7,1.36,4.2,7.5,1.36,4.2,8,1.4,4.5,8,1.36,4.33,9,1.33,4.5,9,34,1.42,1.39,4.7,4.3,9.36,8.33,33,1.8,1.71,2.2,2.07,14,0,1.14,1.1,7,6.03
3,1,0,0,4.5,3.25,1.91,3.8,3.3,1.95,3.6,3.3,2,3.4,3.2,2,3.4,3.25,1.91,3.6,3.4,1.9,3.6,3.4,1.91,3.75,3.25,2,4.33,3.25,1.83,3.5,3.3,2,34,4.33,3.82,3.53,3.36,2,1.93,32,2.11,1.99,1.86,1.76,13,0,3,2.73,1.45,1.4
0,0,0,0,1.44,4.33,7,1.4,4.2,7.55,1.4,4.33,7.5,1.35,4.5,7.3,1.4,3.75,7,1.4,4.2,6.75,1.36,4.33,7.5,1.44,4.33,7,1.4,4.5,7,1.44,4.2,6.5,35,1.46,1.41,4.94,4.32,8.3,7.42,34,1.82,1.73,2.14,2.04,15,0,1.15,1.12,6.25,5.36
1,2,1,0,1.44,4.33,7,1.45,3.95,7.05,1.45,4,7,1.4,4.1,7,1.4,4,6.5,1.44,4,6.5,1.4,4.2,7,1.44,4.2,7.5,1.4,4.33,8,1.44,4,7,35,1.5,1.44,4.76,4.12,8,7.26,33,1.74,1.65,2.25,2.15,15,0,1.16,1.13,6.5,5.33
4,1,2,1,1.67,3.5,5.5,1.6,3.75,5.25,1.67,3.6,5,1.65,3.6,4.4,1.67,3.4,4.33,1.65,3.5,4.75,1.62,3.6,5,1.73,3.75,4.5,1.62,3.6,5.5,1.7,3.5,4.5,35,1.73,1.65,4.02,3.64,5.84,5.17,35,1.84,1.76,2.13,2,14,-0.75,1.9,1.86,2.07,2
1,0,0,0,1.62,3.75,5.5,1.55,3.85,5.6,1.6,3.75,5.5,1.5,3.9,5.5,1.5,3.5,6,1.6,3.5,5.2,1.57,3.75,5.25,1.53,4,6,1.57,3.6,6,1.62,3.75,5,33,1.62,1.58,4.23,3.82,6.5,5.56,33,1.74,1.66,2.32,2.15,14,0,1.25,1.21,4.7,4.13
1,2,0,1,6,4,1.53,6.2,4.05,1.48,6.25,4,1.5,5.5,3.9,1.5,6,3.5,1.5,5.5,4,1.5,5.5,4,1.5,6.5,4.2,1.5,6.5,4,1.5,6,4,1.5,33,6.93,6.16,4.53,4.04,1.55,1.51,33,1.79,1.67,2.25,2.13,16,0,5,4.56,1.2,1.16
1,1,1,0,1.8,3.5,4.5,1.79,3.45,4.25,1.8,3.5,4.2,1.8,3.4,4,1.8,3.3,3.75,1.8,3.25,4.2,1.8,3.4,4,1.8,3.6,4.33,1.73,3.5,4.5,1.85,3.4,4,34,1.85,1.82,3.69,3.43,4.71,4.25,33,1.91,1.83,2.01,1.92,16,0,1.37,1.32,3.4,3.09
3,0,0,0,3.5,1.83,4,,,,3.5,1.8,3.5,,,,3.4,1.8,3.5,,,,3.2,1.91,3.4,,,,3.4,2,3.6,3.1,2,3.4,12,3.5,3.25,2.1,1.86,4,3.68,9,1.75,1.68,2.25,2.15,9,0,1.87,1.8,2.09,2.05
2,2,1,2,4,1.62,4.75,,,,3.75,1.7,4.5,,,,3.5,1.65,4,,,,3.6,1.67,4,,,,3.25,1.73,5,3.2,1.7,4.75,14,4,3.44,1.76,1.69,5,4.56,7,1.75,1.69,2.2,2.15,10,0,1.8,1.75,2.19,2.14
1,1,1,0,3.6,3.5,2,3.45,3.4,2,3.6,3.3,2,3.3,3.3,2,3.4,3.25,1.91,3.5,3.3,1.95,3.6,3.3,1.95,3.6,3.5,2,3.5,3.4,2,3.4,3.4,2,33,3.7,3.52,3.57,3.41,2.15,2.01,32,1.78,1.67,2.26,2.14,17,0,2.7,2.54,1.53,1.47
1,2,0,1,4.5,3.5,1.8,4.1,3.35,1.85,4.1,3.4,1.85,3.7,3.3,1.9,3.6,3.3,1.83,4,3.2,1.85,4,3.3,1.83,4.33,3.5,1.83,4.33,3.25,1.83,3.8,3.4,1.83,34,4.68,4.17,3.51,3.39,1.95,1.85,29,2.13,1.97,1.9,1.76,15,0.5,2.05,1.99,1.93,1.86
0,2,0,1,7,4.33,1.44,7,4,1.45,7,4.2,1.44,5.5,3.9,1.5,7,3.75,1.4,7.25,4,1.4,6.5,4.33,1.4,7,4,1.5,7.5,4,1.44,7.5,4.2,1.4,32,8,7.13,4.62,4.18,1.5,1.44,31,1.86,1.73,2.14,2.03,14,0,6,5.24,1.16,1.13
2,0,1,0,1.13,7.5,21,1.1,9,15.5,1.13,7,18,1.12,7,14,1.1,6.5,15,1.1,7,19,1.11,7.5,17,1.11,8,19,1.12,7.5,17,1.12,7,17,31,1.14,1.12,9,7.48,23,18.46,22,1.62,1.54,2.5,2.33,9,-1.75,1.74,1.69,2.3,2.22
1,2,0,1,7,4.33,1.44,6.75,4.5,1.4,6.5,4.33,1.45,6.5,3.9,1.45,6,4,1.4,5.5,4,1.5,6.5,4.33,1.4,7,4.2,1.44,6.5,4.33,1.44,6,4.2,1.44,30,7,6.53,4.6,4.3,1.5,1.43,28,1.83,1.71,2.17,2.05,7,0,5.5,5.05,1.18,1.14
1,1,1,0,,,,,,,,,,,,,,,,,,,,,,,,,,,,3.5,1.33,13,3,3.5,3.18,1.33,1.29,13,12.67,5,2.32,2.27,1.71,1.69,6,-0.25,2.39,2.34,1.68,1.67
1,1,1,1,1.36,4.5,9.5,1.35,4.4,8.7,1.35,4.5,8,1.45,3.9,6.5,1.33,4,8,1.33,4.5,8,1.33,4.33,9,1.4,4.33,8.5,1.36,4.33,9,1.33,4.5,8.5,36,1.45,1.36,4.86,4.41,10,8.45,24,1.6,1.55,2.5,2.33,15,-1.25,1.96,1.92,2,1.95
1,0,0,0,3.75,3.4,2,3.85,3.1,2,3.6,3.2,2,3.3,3.3,2,3.2,3.2,2,3.4,3.25,2,3.6,3.3,1.95,3.4,3.4,2.1,3.6,3.25,2,3.4,3.3,2.1,34,3.9,3.6,3.64,3.31,2.1,1.99,22,1.6,1.52,2.5,2.38,13,0,2.8,2.6,1.5,1.44
4,3,3,1,1.09,9,26,1.08,9.75,18,1.1,8,17,1.07,7.5,20,1.08,7,17,1.06,8.5,23,1.07,9,26,1.08,9,29,1.09,8,29,1.11,8,23,35,1.11,1.08,10.87,8.76,34,22.46,23,1.5,1.44,2.75,2.6,10,-2,1.8,1.74,2.18,2.14
2,3,1,2,1.33,5,9,1.31,4.85,9,1.3,5,8,1.35,4.5,7.3,1.29,4.5,8,1.25,5,10,1.3,4.5,9.5,1.36,4.5,9,1.3,5,9,1.33,4.75,8.5,36,1.36,1.31,5.35,4.83,11.4,8.98,23,1.57,1.53,2.5,2.35,16,-1.5,2.06,2,1.91,1.84
1,2,1,2,7,3.6,1.55,6.35,3.55,1.55,6.75,3.6,1.5,5.7,3.3,1.55,6,3.5,1.5,6.25,3.6,1.5,6,3.6,1.53,6.5,3.4,1.62,6.5,3.5,1.57,5.25,3.4,1.67,35,7.2,6.21,3.75,3.52,1.7,1.56,30,1.84,1.75,2.11,2.01,12,1,1.85,1.77,2.2,2.11
2,0,1,0,1.44,4.33,7,1.4,4.3,7.25,1.4,4.2,7.25,1.45,4,5.5,1.36,3.75,8,1.45,4,6.25,1.44,4,6.5,1.44,4.33,7,1.4,4.33,7,1.44,4.2,6.5,36,1.47,1.42,4.52,4.24,8,6.97,34,1.76,1.7,2.24,2.08,11,-1,1.9,1.83,2.07,2
1,1,0,0,2.05,3.3,3.6,2.05,3.2,3.55,2,3.2,3.5,2,3.3,3.3,2,3.2,3.2,1.95,3.4,3.4,2.05,3.3,3.3,2.1,3.25,3.6,1.95,3.4,3.6,2,3.4,3.5,36,2.08,2,3.55,3.28,3.98,3.6,34,1.91,1.82,2.08,1.93,17,0,1.5,1.45,2.75,2.55
2,1,0,0,1.13,8.5,17,1.11,8.5,16.5,1.12,7.5,15,1.1,7.3,15,1.1,7,15,1.12,7,15,1.11,7.5,17,1.11,8.5,21,1.11,8,21,1.14,7,17,35,1.15,1.12,9,7.65,24,16.81,23,1.45,1.4,2.9,2.74,15,-2,1.99,1.94,1.95,1.92
3,3,2,2,1.8,3,5.75,1.75,2.9,5.95,1.85,2.75,5,1.8,2.8,5,1.73,2.75,5.5,1.75,2.85,5.5,1.73,2.62,6,1.8,3.2,5,1.73,2.88,6.5,1.75,2.62,7,31,1.85,1.77,3,2.78,7.5,5.96,16,1.5,1.44,2.75,2.62,14,-0.5,1.85,1.8,2.15,2.02
3,1,2,1,2.1,2.8,4.33,2.07,2.75,4.25,2.05,2.6,4.5,2.1,2.4,4.5,2,2.7,4,2,2.7,4.33,2.1,2.6,4.3,2,2.75,4.5,2.05,2.62,4.33,2,2.75,4.33,36,2.15,2.05,2.96,2.73,4.65,4.33,17,1.45,1.39,3.11,2.8,10,-0.5,2.15,2.12,1.82,1.8
3,0,2,0,2,3.4,3.6,2,3.25,3.65,2,3.25,3.75,1.9,3.3,3.7,1.91,3.2,3.5,2,3.25,3.4,2.1,3.3,3.5,2,3.4,3.75,2,3.25,3.6,2,3.4,3.6,39,2.08,1.98,3.51,3.32,4,3.7,22,1.6,1.53,2.5,2.37,14,-0.5,2.08,2.03,1.86,1.82
1,2,0,1,6,4,1.53,6.35,3.85,1.5,6,4,1.5,6,4.3,1.4,6,3.4,1.5,6,4.2,1.44,6.5,4,1.44,6,3.75,1.53,6.5,3.75,1.53,6,3.75,1.53,34,6.75,6.17,4.25,3.91,1.61,1.5,22,1.67,1.57,2.5,2.3,13,1,1.83,1.78,2.18,2.1
2,0,1,0,2.2,3.1,3.5,2.15,3,3.55,2.2,2.9,3.5,2.2,2.4,4,2.2,3,3,2.2,2.9,3.3,2.15,3,3.4,2.2,3.1,3.6,2.1,3,3.6,2.25,3,3.2,35,2.25,2.18,3.33,3,4,3.46,23,1.6,1.53,2.6,2.4,14,-0.25,1.91,1.87,2.05,2
1,1,0,1,1.62,3.25,7,1.55,3.55,6.5,1.6,3.2,6.5,,,,1.53,3.3,6,,,,1.57,3.3,6.5,1.67,3.25,5.5,1.62,3.25,6.5,1.57,3.2,6,26,1.67,1.58,3.71,3.32,8,6.54,11,1.5,1.43,2.87,2.56,8,-0.5,1.63,1.61,2.52,2.41
1,0,0,0,1.53,3.75,7,1.5,3.75,6.65,,,,,,,1.36,4,7,,,,1.44,4,6.5,,,,1.44,4,7,,,,10,1.53,1.45,4,3.8,7.25,6.9,7,1.53,1.47,2.63,2.45,6,-0.75,1.69,1.67,2.33,2.3
0,2,0,2,7.5,4.5,1.4,8.1,4.8,1.33,8,4.5,1.36,7.5,5.2,1.3,8.5,4.33,1.29,8.5,4.75,1.3,9,4.5,1.36,9,4.5,1.33,8.5,4.33,1.33,8.5,4.75,1.33,35,10,8.37,5.2,4.73,1.42,1.33,20,1.36,1.31,3.4,3.17,11,1.25,1.86,1.84,2.1,2.05
4,1,1,0,1.4,4.5,8,1.38,4.3,8,1.4,4.2,7.5,1.4,4.1,7,1.4,3.75,7,1.4,4.2,7,1.36,4.2,8,1.4,4,8,1.4,4.33,8,1.4,4,7.5,35,1.44,1.39,4.64,4.25,8.84,7.84,21,1.55,1.47,3,2.56,14,-1.25,2.03,1.98,1.94,1.89
1,0,0,0,1.29,5.5,9.5,1.28,5.25,9,1.3,5,8.5,1.35,4.5,7.3,1.25,4.5,8,1.29,4.75,9,1.33,4.33,9,1.29,5,9,1.3,5,9,1.3,5,8,36,1.35,1.28,6.03,5.04,11,9.09,21,1.57,1.5,2.62,2.42,13,-1.25,1.88,1.85,2.08,2.03
0,1,0,0,21,9,1.1,18,8.35,1.1,17,7.5,1.12,15,7.3,1.1,17,6.5,1.1,15,8,1.1,21,8,1.12,21,9,1.1,21,9,1.09,17,7.5,1.12,33,24,17.51,9.01,8.11,1.13,1.1,21,1.48,1.43,3,2.66,12,1.75,2.11,2.06,1.88,1.82
