FTHG,FTAG,HTHG,HTAG,B365H,B365D,B365A,BWH,BWD,BWA,GBH,GBD,GBA,IWH,IWD,IWA,LBH,LBD,LBA,WHH,WHD,WHA,VCH,VCD,VCA,Bb1X2,BbMxH,BbAvH,BbMxD,BbAvD,BbMxA,BbAvA,BbOU,BbMx>2.5,BbAv>2.5,BbMx<2.5,BbAv<2.5,BbAH,BbAHh,BbMxAHH,BbAvAHH,BbMxAHA,BbAvAHA
2,0,1,0,1.57,3.6,6.0,1.55,4.05,4.75,1.5,3.8,6.75,1.55,3.7,5.0,1.44,3.6,6.5,1.53,3.5,5.5,1.45,3.75,6.0,46,1.62,1.51,4.0,3.71,7.0,6.16,33,1.88,1.75,2.1,1.98,24,-1.0,2.17,2.07,1.82,1.77
1,1,0,1,1.44,4.0,7.5,1.35,4.4,7.5,1.4,4.0,7.5,1.4,4.0,6.5,1.4,3.75,7.0,1.4,3.75,7.0,1.4,3.75,7.0,46,1.45,1.4,4.75,4.06,8.8,7.35,33,1.85,1.71,2.15,2.02,22,-1.25,2.02,1.99,1.95,1.88
3,0,2,0,1.44,4.0,7.5,1.5,3.8,5.8,1.5,3.75,6.5,1.45,3.9,6.0,1.44,3.6,6.5,1.44,3.6,6.5,1.45,3.6,6.5,45,1.5,1.45,4.2,3.9,7.5,6.68,33,1.65,1.59,2.37,2.2,23,-1.0,1.8,1.77,2.17,2.08
2,1,1,0,2.0,3.2,3.75,1.85,3.3,3.9,1.95,3.25,3.75,2.0,3.2,3.3,1.83,3.4,3.5,1.95,3.1,3.5,1.9,3.2,3.5,44,2.15,1.96,3.4,3.26,4.0,3.59,33,1.97,1.79,2.05,1.95,23,-0.25,1.85,1.81,2.1,2.06
2,0,0,0,1.61,3.6,5.5,1.6,3.5,5.3,1.57,3.5,6.0,1.6,3.6,4.8,1.57,3.5,5.0,1.6,3.4,4.8,1.53,3.5,5.5,44,1.62,1.58,3.85,3.55,6.2,5.52,32,1.9,1.74,2.15,1.98,21,-1.0,2.16,2.09,1.83,1.77
1,1,1,0,1.44,4.0,7.5,1.45,4.0,6.2,1.5,3.75,6.5,1.5,3.8,5.5,1.44,3.6,6.5,1.44,3.6,6.5,1.45,3.75,6.0,46,1.53,1.47,4.15,3.79,8.0,6.53,33,1.82,1.72,2.15,2.0,23,-1.0,1.83,1.81,2.1,2.03
0,3,0,2,2.0,3.2,3.75,1.9,3.3,3.6,1.9,3.3,4.0,1.8,3.2,4.0,1.8,3.25,3.75,1.9,3.1,3.6,1.9,3.2,3.75,44,2.1,1.91,3.35,3.24,4.16,3.8,31,2.1,1.96,1.85,1.78,20,-0.5,2.16,2.05,1.82,1.77
2,4,1,1,4.0,3.25,1.9,3.75,3.4,1.85,4.0,3.4,1.85,3.6,3.2,1.9,3.5,3.4,1.83,3.6,3.1,1.9,3.6,3.3,1.85,44,4.15,3.76,3.65,3.34,2.0,1.87,31,1.7,1.63,2.2,2.12,21,0.5,2.02,1.97,1.94,1.88
0,0,0,0,2.2,3.2,2.75,2.55,3.15,2.55,2.5,3.2,2.65,2.4,3.1,2.7,2.4,3.25,2.5,2.37,3.1,2.62,2.4,3.1,2.6,44,2.55,2.46,3.35,3.18,3.0,2.66,31,2.1,1.93,1.9,1.78,20,0.0,1.85,1.76,2.16,2.03
1,0,1,0,1.9,3.25,4.0,1.75,3.4,4.3,1.85,3.3,4.1,1.9,3.2,3.6,1.83,3.2,3.75,1.9,3.1,3.6,1.85,3.2,3.75,42,1.97,1.87,3.4,3.28,4.35,3.91,30,1.87,1.78,2.1,1.94,21,-0.5,2.04,1.97,1.93,1.87
0,1,0,0,4.33,3.3,1.83,4.0,3.4,1.8,4.1,3.3,1.85,3.8,3.2,1.85,3.75,3.2,1.83,3.6,3.1,1.9,4.35,3.2,1.75,45,4.62,4.13,3.6,3.34,1.91,1.8,35,1.92,1.82,2.0,1.9,23,0.5,2.1,2.01,1.85,1.81
2,2,0,1,3.75,3.2,2.0,3.9,3.3,1.85,3.75,3.25,1.95,3.8,3.2,1.85,3.75,3.2,1.83,3.75,3.2,1.83,3.4,3.25,1.9,45,4.0,3.69,3.4,3.26,2.05,1.93,35,2.09,1.94,1.85,1.78,24,0.5,1.92,1.86,2.05,1.98
1,1,0,0,1.61,3.6,5.5,1.5,3.9,5.6,1.6,3.6,5.5,1.55,3.7,5.0,1.53,3.5,5.5,1.61,3.3,5.0,1.6,3.25,5.0,46,1.67,1.59,3.85,3.57,6.5,5.47,35,1.85,1.76,2.15,1.95,24,-0.75,1.88,1.83,2.09,2.02
0,0,0,0,2.0,3.2,3.75,1.9,3.2,3.85,2.0,3.3,3.5,2.0,3.2,3.3,1.91,3.25,3.4,1.95,3.1,3.5,1.9,3.2,3.5,46,2.15,2.02,3.35,3.22,3.9,3.48,35,2.05,1.89,1.9,1.83,25,-0.25,1.85,1.8,2.1,2.04
4,0,2,0,1.83,3.3,4.33,1.8,3.2,4.3,1.8,3.25,4.4,1.8,3.2,4.0,1.62,3.5,4.5,1.72,3.1,4.5,1.7,3.25,4.35,46,1.88,1.79,3.5,3.31,4.85,4.27,35,1.98,1.87,1.98,1.85,23,-0.5,1.9,1.86,2.05,1.98
2,1,1,1,1.66,3.6,5.0,1.6,3.6,5.0,1.62,3.5,5.5,1.6,3.6,4.8,1.57,3.5,5.0,1.66,3.1,5.0,1.6,3.3,5.0,44,1.7,1.62,3.8,3.55,5.6,5.11,35,1.55,1.5,2.5,2.37,24,-0.75,1.83,1.8,2.1,2.03
2,3,0,1,2.37,3.25,3.0,2.55,3.0,2.65,2.45,3.2,2.7,2.5,3.1,2.6,2.38,3.2,2.6,2.37,3.1,2.62,2.4,3.1,2.6,45,2.6,2.42,3.32,3.19,3.0,2.73,32,2.13,1.97,1.81,1.75,21,0.0,1.83,1.76,2.13,2.02
1,2,0,1,5.5,3.8,1.57,5.25,3.5,1.6,5.5,3.6,1.6,4.8,3.6,1.6,5.5,3.5,1.53,5.5,3.3,1.57,5.0,3.6,1.55,44,6.0,5.23,4.0,3.58,1.7,1.6,32,1.85,1.73,2.07,1.97,22,0.75,2.08,2.03,1.86,1.8
2,0,1,0,2.5,3.1,2.8,2.45,3.15,2.65,2.45,3.25,2.75,2.4,3.2,2.6,2.37,3.2,2.6,2.37,3.0,2.7,2.35,3.0,2.7,46,2.6,2.46,3.4,3.2,2.8,2.68,30,1.81,1.66,2.25,2.09,21,0.0,1.88,1.83,2.12,1.97
0,0,0,0,1.4,4.33,7.5,1.35,4.5,7.2,1.33,4.75,8.5,1.35,4.2,7.5,1.33,4.0,8.0,1.33,4.0,8.0,1.4,3.6,8.0,45,1.41,1.34,5.0,4.44,9.9,8.16,31,1.67,1.6,2.35,2.18,22,-1.25,2.02,1.94,2.0,1.91
0,1,0,0,1.83,3.3,4.33,1.85,3.35,3.8,1.85,3.3,4.25,1.85,3.2,3.8,1.83,3.25,3.6,1.95,3.1,3.5,1.8,3.25,3.8,46,1.95,1.85,3.5,3.32,4.55,4.0,33,2.0,1.88,2.0,1.84,24,-0.5,1.91,1.86,2.08,1.98
0,3,0,1,1.72,3.5,4.75,1.7,3.4,4.6,1.75,3.4,4.65,1.7,3.4,4.3,1.72,3.2,4.33,1.83,3.0,4.0,1.65,3.25,4.5,47,1.84,1.73,3.6,3.4,5.0,4.54,33,1.82,1.74,2.1,1.98,23,-0.75,2.06,2.01,1.88,1.84
1,1,0,0,1.5,4.0,6.0,1.5,3.75,6.0,1.5,3.9,6.3,1.55,3.7,5.0,1.44,3.75,6.0,1.5,3.4,6.0,1.45,3.5,6.5,43,1.56,1.49,4.3,3.83,7.0,6.16,31,1.73,1.62,2.25,2.14,23,-1.0,1.9,1.82,2.15,2.0
1,0,0,0,1.66,3.6,5.0,1.65,3.5,4.75,1.73,3.4,4.75,1.75,3.3,4.2,1.66,3.4,4.33,1.7,3.2,4.5,1.7,3.2,4.5,45,1.8,1.72,3.6,3.39,5.5,4.65,33,2.05,1.89,1.9,1.83,23,-0.75,2.03,2.0,1.92,1.84
1,3,1,2,2.3,3.1,3.1,2.3,3.2,2.85,2.25,3.25,3.05,2.2,3.1,3.0,2.2,3.25,2.75,2.1,3.1,3.1,2.2,3.1,2.9,46,2.4,2.27,3.3,3.18,3.25,2.96,32,2.0,1.92,1.9,1.79,24,-0.25,2.07,2.0,1.9,1.86
1,1,1,0,1.9,3.25,4.0,1.7,3.4,4.6,1.9,3.3,4.0,1.7,3.4,4.3,1.8,3.3,3.75,1.83,3.0,4.0,1.75,3.2,4.35,46,2.0,1.88,3.4,3.25,4.35,3.94,32,2.0,1.87,1.98,1.84,24,-0.5,2.03,1.97,1.9,1.87
1,1,0,1,2.1,3.25,3.4,2.0,3.25,3.4,2.1,3.25,3.4,2.2,3.1,3.0,2.1,3.2,3.0,2.05,3.0,3.3,2.1,3.1,3.1,44,2.25,2.13,3.32,3.2,3.6,3.24,33,2.0,1.86,2.0,1.86,24,-0.25,1.93,1.9,2.02,1.95
1,2,0,0,1.9,3.25,4.0,1.85,3.35,3.8,1.95,3.3,3.75,1.9,3.2,3.6,1.8,3.25,3.75,1.83,3.0,4.0,1.85,3.2,3.75,47,2.0,1.88,3.5,3.27,4.35,3.87,34,2.05,1.88,1.93,1.83,17,-0.5,2.05,1.98,1.92,1.88
4,2,2,0,2.4,3.25,2.8,2.55,3.15,2.55,2.45,3.2,2.8,2.4,3.1,2.7,2.38,3.2,2.6,2.5,2.9,2.62,2.4,3.1,2.6,45,2.6,2.42,3.4,3.2,3.05,2.7,31,1.98,1.87,1.95,1.81,19,0.0,1.83,1.78,2.18,2.01
2,1,1,1,5.5,3.8,1.57,5.4,3.7,1.55,5.7,3.6,1.6,4.8,3.6,1.6,5.5,3.5,1.53,5.5,3.5,1.53,5.0,3.5,1.55,45,6.3,5.65,3.87,3.59,1.62,1.56,31,1.9,1.76,2.2,1.91,18,0.75,2.21,2.11,1.88,1.77
2,0,0,0,2.3,3.25,3.0,2.25,3.2,2.9,2.25,3.2,3.1,2.3,3.1,2.8,2.2,3.25,2.75,2.2,3.0,3.0,2.25,3.2,2.7,46,2.3,2.24,3.3,3.21,3.4,2.98,31,1.99,1.88,1.92,1.83,19,-0.25,2.08,1.98,1.94,1.89
1,0,0,0,2.2,3.2,3.25,2.3,3.25,2.8,2.15,3.25,3.25,2.3,3.1,2.8,2.1,3.2,3.0,2.25,3.0,2.87,2.2,3.1,2.9,46,2.3,2.2,3.31,3.21,3.5,3.05,31,1.9,1.81,2.02,1.87,19,-0.25,1.96,1.87,2.06,1.99
1,1,1,1,1.61,3.6,5.5,1.5,3.75,5.95,1.62,3.5,5.7,1.65,3.5,4.5,1.62,3.5,4.5,1.61,3.1,5.5,1.55,3.5,5.0,45,1.66,1.61,3.78,3.53,6.0,5.33,30,1.87,1.76,2.15,1.93,17,-0.75,1.93,1.89,2.0,1.97
2,3,2,1,1.57,3.5,6.5,1.45,3.85,6.65,1.55,3.7,6.0,1.55,3.7,5.0,1.53,3.5,5.5,1.57,3.3,5.5,1.5,3.6,5.5,46,1.65,1.54,3.96,3.62,6.8,5.9,31,1.62,1.54,2.45,2.24,19,-1.0,2.0,1.95,2.0,1.88
3,1,0,0,2.87,3.25,2.37,2.8,3.25,2.3,2.75,3.25,2.45,2.7,3.1,2.4,2.6,3.2,2.38,2.5,3.1,2.5,2.6,3.1,2.35,45,2.9,2.71,3.4,3.21,2.65,2.41,31,1.8,1.71,2.2,1.99,19,0.0,2.2,2.01,1.84,1.78
2,0,1,0,2.4,3.25,2.8,2.55,3.15,2.55,2.55,3.2,2.65,2.55,3.1,2.55,2.38,3.2,2.6,2.37,3.0,2.7,2.4,3.1,2.6,45,2.6,2.48,3.35,3.19,2.8,2.63,32,2.04,1.93,1.9,1.79,19,0.0,1.9,1.83,2.05,1.96
1,0,1,0,2.37,3.25,2.87,2.4,3.2,2.7,2.45,3.25,2.75,2.4,3.1,2.7,2.4,3.25,2.5,2.37,3.0,2.7,2.35,3.1,2.65,38,2.6,2.42,3.3,3.19,2.9,2.74,33,2.09,1.93,1.85,1.79,18,0.0,1.83,1.77,2.12,2.02
2,1,1,1,1.22,5.5,13.0,1.2,5.8,10.5,1.23,5.5,12.0,1.22,5.0,10.0,1.2,5.0,11.0,1.22,5.0,9.5,1.22,4.8,11.0,42,1.25,1.2,6.5,5.56,15.5,11.87,30,1.6,1.54,2.38,2.25,16,-1.5,1.83,1.79,2.1,2.03
1,1,0,0,2.6,3.25,2.6,2.55,3.15,2.55,2.5,3.25,2.7,2.6,3.0,2.6,2.4,3.25,2.5,2.4,2.9,2.75,2.5,3.2,2.5,42,2.89,2.54,3.37,3.19,2.8,2.59,30,1.8,1.71,2.12,1.99,18,0.0,2.02,1.92,1.91,1.86
1,1,0,1,2.5,3.25,2.7,2.55,3.15,2.55,2.45,3.3,2.7,2.5,3.2,2.5,2.5,3.25,2.4,2.75,2.9,2.4,2.4,3.2,2.5,41,2.7,2.52,3.4,3.22,2.8,2.58,30,1.72,1.64,2.25,2.1,18,0.0,2.0,1.9,1.95,1.88
1,1,0,0,2.37,3.2,2.9,2.55,3.15,2.55,2.5,3.25,2.7,2.4,3.1,2.7,2.6,3.2,2.37,2.62,2.9,2.5,2.5,3.1,2.5,42,2.65,2.45,3.3,3.19,2.9,2.67,29,2.02,1.9,1.89,1.81,18,0.0,1.83,1.77,2.14,2.01
2,0,0,0,1.4,4.33,7.5,1.4,4.1,7.0,1.45,4.0,7.2,1.5,3.8,5.5,1.4,3.75,7.0,1.44,3.5,7.0,1.45,3.6,6.5,42,1.5,1.43,4.33,3.91,8.0,7.1,29,2.0,1.86,2.0,1.85,19,-1.0,1.9,1.85,2.07,1.97
1,1,0,0,1.83,3.3,4.33,1.9,3.25,3.6,1.87,3.3,4.1,1.85,3.2,3.8,1.8,3.2,4.0,1.8,3.1,4.0,1.8,3.25,3.75,40,1.91,1.83,3.42,3.31,4.33,4.04,29,1.85,1.75,2.1,1.93,16,-0.5,1.91,1.88,2.02,1.98
2,1,0,1,2.1,3.25,3.4,2.0,3.25,3.4,2.05,3.3,3.45,2.1,3.1,3.2,1.9,3.25,3.4,2.1,3.0,3.2,2.2,3.1,2.9,42,2.2,2.05,3.4,3.24,3.7,3.34,29,2.1,1.94,1.86,1.77,19,-0.25,1.83,1.8,2.13,2.05
1,1,0,1,2.4,3.25,2.8,2.55,3.15,2.55,2.5,3.25,2.7,2.4,3.1,2.7,2.25,3.2,2.75,2.37,3.0,2.7,2.3,3.2,2.65,39,2.65,2.45,3.3,3.2,2.95,2.67,28,2.04,1.9,1.9,1.81,16,0.0,1.82,1.78,2.13,1.99
2,2,1,0,1.61,3.6,5.5,1.55,3.7,5.4,1.6,3.6,5.5,1.65,3.5,4.5,1.53,3.5,5.5,1.61,3.3,5.0,1.55,3.5,5.0,44,1.7,1.62,3.7,3.52,5.75,5.27,34,2.0,1.87,1.92,1.85,18,-0.75,1.95,1.91,2.0,1.94
2,1,0,1,1.95,3.2,4.0,1.9,3.25,3.75,1.95,3.3,3.8,2.0,3.2,3.3,1.91,3.2,3.5,1.95,3.1,3.5,1.85,3.2,3.75,43,2.05,1.95,3.35,3.26,4.1,3.65,29,1.85,1.78,2.15,1.92,20,-0.5,2.02,1.99,1.94,1.86
3,1,0,1,2.0,3.2,3.75,2.0,3.25,3.4,2.0,3.3,3.6,2.1,3.1,3.2,2.0,3.2,3.2,2.0,3.0,3.4,2.0,3.25,3.25,43,2.1,1.99,3.3,3.24,4.0,3.53,29,2.11,1.95,1.83,1.76,20,-0.5,2.07,2.04,1.88,1.81
2,2,1,0,2.5,3.2,2.75,2.55,3.15,2.55,2.55,3.2,2.65,2.55,3.1,2.55,2.38,3.2,2.6,2.5,2.9,2.62,2.4,3.1,2.6,43,2.63,2.51,3.3,3.19,2.75,2.61,29,2.21,1.99,1.9,1.74,18,0.0,1.85,1.8,2.14,1.97
1,1,1,0,1.66,3.4,5.5,1.7,3.45,4.5,1.7,3.5,4.8,1.75,3.3,4.2,1.67,3.4,4.33,1.72,3.1,4.5,1.65,3.25,5.0,42,1.75,1.67,3.65,3.45,5.7,4.92,28,2.02,1.87,1.9,1.84,18,-0.75,2.0,1.95,1.97,1.9
3,0,3,0,1.4,4.33,7.5,1.45,3.85,6.5,1.45,4.0,7.0,1.45,3.9,6.0,1.44,3.6,6.5,1.5,3.4,6.0,1.5,3.6,5.5,43,1.5,1.44,4.33,3.88,8.5,6.93,29,1.7,1.58,2.45,2.21,19,-1.25,1.9,1.86,2.04,1.98
1,0,1,0,5.5,3.6,1.61,5.25,3.5,1.6,5.25,3.6,1.65,4.5,3.5,1.65,5.0,3.25,1.62,5.5,3.5,1.53,5.5,3.25,1.55,43,6.3,5.26,3.7,3.49,1.65,1.62,29,2.01,1.88,1.93,1.83,18,0.75,2.17,2.11,1.79,1.75
2,2,2,1,2.2,3.2,3.4,2.0,3.25,3.4,2.0,3.3,3.6,2.0,3.2,3.3,1.91,3.2,3.5,1.95,3.1,3.5,2.0,3.25,3.25,42,2.25,2.06,3.3,3.22,3.65,3.37,29,2.13,1.93,1.9,1.78,20,-0.25,1.97,1.91,2.02,1.94
3,1,1,1,2.4,3.2,2.87,2.45,3.15,2.65,2.4,3.2,2.9,2.4,3.1,2.7,2.5,3.2,2.5,2.5,2.9,2.62,2.35,3.2,2.6,41,2.55,2.41,3.39,3.21,3.2,2.75,29,1.93,1.81,2.05,1.9,19,0.0,1.8,1.73,2.21,2.04
1,3,1,2,2.05,3.25,3.5,1.9,3.3,3.7,1.95,3.25,3.75,2.0,3.2,3.3,1.9,3.2,3.5,2.0,3.0,3.4,2.0,3.1,3.3,42,2.1,1.97,3.4,3.24,4.0,3.61,33,2.01,1.89,1.91,1.83,21,-0.5,2.13,2.06,1.9,1.79
4,2,2,0,1.44,4.0,7.5,1.45,3.9,6.5,1.45,4.0,7.0,1.45,3.9,6.0,1.44,3.6,6.5,1.5,3.3,6.5,1.45,3.6,6.5,42,1.5,1.44,4.2,3.81,9.0,7.21,30,1.91,1.8,2.0,1.91,19,-1.0,1.82,1.77,2.15,2.01
0,6,0,1,4.75,3.5,1.72,4.25,3.4,1.75,4.5,3.3,1.8,3.8,3.2,1.85,3.75,3.25,1.8,4.0,3.1,1.8,4.5,3.25,1.65,42,4.75,4.33,3.55,3.35,1.85,1.77,30,2.25,1.62,2.3,2.17,19,0.5,2.1,2.04,1.85,1.81
1,2,1,1,2.3,3.1,3.1,2.3,3.1,2.9,2.35,3.25,2.9,2.5,3.0,2.7,2.4,3.25,2.5,2.25,3.0,2.87,2.3,3.1,2.7,42,2.5,2.34,3.44,3.17,3.3,2.87,30,2.14,2.01,1.81,1.73,19,0.0,1.8,1.7,2.23,2.09
1,1,1,0,2.1,3.2,3.5,2.1,3.15,3.25,2.1,3.2,3.5,2.1,3.1,3.2,2.1,3.2,3.0,2.2,3.0,3.0,2.1,3.0,3.2,42,2.2,2.1,3.35,3.19,3.6,3.3,30,2.02,1.88,1.95,1.84,20,-0.25,1.92,1.85,2.05,2.01
3,1,2,1,1.83,3.3,4.33,1.7,3.4,4.6,1.85,3.3,4.25,1.85,3.2,3.8,1.8,3.2,4.0,1.8,3.1,4.0,1.75,3.1,4.35,39,1.95,1.81,3.4,3.28,4.75,4.23,30,2.18,2.04,1.78,1.7,19,-0.5,1.95,1.88,2.05,1.98
3,0,1,0,2.37,3.25,2.87,2.25,3.15,2.95,2.3,3.2,3.0,2.3,3.1,2.8,2.2,3.25,2.75,2.25,3.0,2.87,2.25,3.1,2.8,41,2.4,2.29,3.35,3.22,3.2,2.9,30,2.1,1.73,2.1,1.99,19,-0.25,2.15,2.06,1.83,1.81
2,3,1,1,2.87,3.25,2.37,2.8,3.2,2.35,2.8,3.2,2.45,2.55,3.1,2.55,2.6,3.2,2.37,2.9,2.9,2.3,2.75,3.1,2.25,38,3.1,2.79,3.3,3.19,2.55,2.37,29,2.07,1.94,1.86,1.79,19,0.0,2.27,2.06,1.8,1.71
1,1,1,1,1.72,3.4,5.0,1.65,3.4,5.0,1.7,3.4,5.0,1.75,3.3,4.2,1.66,3.25,4.5,1.66,3.1,5.0,1.75,3.2,4.35,38,1.8,1.71,3.5,3.36,5.5,4.73,28,2.01,1.9,1.94,1.82,19,-0.75,2.14,2.05,1.9,1.81
1,1,1,1,1.44,4.0,7.5,1.45,3.9,6.5,1.45,4.0,7.0,1.5,3.8,5.5,1.4,3.75,7.0,1.44,3.5,7.0,1.45,3.6,6.5,45,1.51,1.46,4.12,3.82,7.5,6.87,31,1.8,1.7,2.25,2.03,20,-1.0,1.92,1.86,2.01,1.95
1,2,1,0,1.83,3.3,4.33,1.7,3.4,4.6,1.8,3.3,4.5,1.8,3.2,4.0,1.8,3.25,3.75,1.83,3.0,4.0,1.75,3.3,4.5,45,1.85,1.79,3.45,3.31,5.0,4.27,28,1.91,1.79,2.05,1.93,17,-0.5,1.85,1.83,2.08,2.03
1,0,0,0,2.0,3.3,3.6,2.15,3.2,3.1,2.1,3.2,3.4,2.1,3.0,3.3,2.0,3.2,3.2,2.05,2.9,3.4,2.0,3.1,3.4,44,2.2,2.05,3.5,3.24,3.75,3.39,27,2.14,1.91,2.05,1.79,19,0.0,1.6,1.49,2.62,2.42
2,1,0,0,1.72,3.5,4.75,1.6,3.6,5.0,1.7,3.4,5.0,1.7,3.3,4.5,1.72,3.2,4.33,1.7,3.2,4.5,1.65,3.4,4.5,42,1.78,1.69,3.7,3.43,5.6,4.72,24,1.98,1.85,2.05,1.86,16,-0.75,2.02,1.98,1.9,1.87
2,1,2,0,1.44,4.0,7.5,1.5,3.75,6.0,1.47,3.75,6.75,1.5,3.8,5.5,1.4,3.75,7.0,1.5,3.3,6.5,1.4,3.8,7.0,45,1.55,1.47,4.0,3.78,7.5,6.66,27,1.83,1.73,2.13,1.97,18,-1.0,1.9,1.86,2.0,1.95
3,1,2,1,2.4,3.2,2.87,2.4,3.2,2.7,2.4,3.2,2.8,2.4,3.1,2.7,2.4,3.25,2.5,2.37,3.0,2.7,2.35,3.1,2.75,44,2.55,2.4,3.5,3.19,3.15,2.77,28,1.83,1.74,2.15,1.98,19,0.0,1.78,1.71,2.15,2.05
1,1,1,1,2.5,3.2,2.75,2.6,3.15,2.5,2.5,3.2,2.7,2.55,3.1,2.55,2.5,3.25,2.4,2.62,2.9,2.5,2.35,3.0,2.75,43,2.63,2.5,3.3,3.18,2.85,2.63,27,2.12,1.89,1.87,1.81,19,0.0,1.87,1.82,2.05,1.94
2,2,1,1,2.3,3.25,3.0,2.2,3.0,3.2,2.2,3.2,3.2,2.2,3.0,3.1,2.1,3.2,3.0,2.25,2.8,3.1,2.25,3.25,2.75,43,2.35,2.25,3.25,3.15,3.3,3.01,27,2.07,1.92,1.86,1.79,18,0.0,1.76,1.65,2.17,2.1
1,2,1,0,2.0,3.2,3.75,2.1,3.1,3.3,2.0,3.2,3.7,2.1,3.2,3.1,1.83,3.25,3.6,2.0,3.0,3.4,2.0,3.25,3.25,14,2.1,2.02,3.35,3.23,3.85,3.53,6,1.86,1.77,2.07,1.99,5,0.0,1.52,1.46,2.75,2.55
1,6,0,3,5.5,3.6,1.61,5.0,3.6,1.6,6.25,3.6,1.57,4.5,3.5,1.65,5.5,3.25,1.57,5.0,3.3,1.61,5.0,3.3,1.6,46,6.25,5.29,4.0,3.54,1.67,1.6,35,2.3,1.64,2.3,2.15,19,0.75,2.15,2.11,1.81,1.77
2,0,2,0,1.28,5.0,10.0,1.25,5.0,10.0,1.27,5.0,10.0,1.3,4.4,8.5,1.28,4.33,9.0,1.28,4.0,10.0,1.3,4.35,8.0,48,1.33,1.27,5.5,4.7,12.15,10.13,35,1.7,1.58,2.35,2.18,21,-1.5,2.05,2.0,1.92,1.85
0,1,0,1,2.25,3.2,3.1,2.25,3.2,2.9,2.2,3.25,3.1,2.2,3.1,3.0,2.2,3.2,2.8,2.25,3.0,2.87,2.1,3.1,3.1,48,2.3,2.19,3.3,3.21,3.4,3.06,34,1.99,1.88,1.93,1.83,22,-0.25,1.95,1.9,2.04,1.96
2,0,0,0,2.9,3.2,2.37,2.85,3.2,2.3,2.9,3.2,2.4,2.7,3.1,2.4,2.6,3.2,2.37,2.8,2.9,2.37,2.7,3.1,2.35,48,3.05,2.82,3.3,3.17,2.5,2.36,34,2.0,1.85,1.94,1.86,21,0.0,2.2,2.1,1.75,1.71
0,0,0,0,1.66,3.6,5.0,1.65,3.5,4.8,1.65,3.6,5.0,1.7,3.3,4.5,1.66,3.4,4.33,1.61,3.3,5.0,1.65,3.25,4.5,48,1.76,1.67,3.77,3.43,6.0,4.89,35,1.8,1.7,2.17,1.99,20,-0.75,2.0,1.96,1.96,1.9
0,2,0,1,2.25,3.2,3.1,2.1,3.15,3.25,2.25,3.2,3.1,2.2,3.1,3.0,2.1,3.2,3.0,2.1,3.0,3.2,2.25,3.1,2.8,47,2.4,2.23,3.3,3.18,3.4,3.03,35,1.88,1.79,2.05,1.92,22,-0.25,2.1,2.04,1.88,1.82
1,1,0,0,2.4,3.2,2.87,2.4,3.0,2.85,2.4,3.2,2.9,2.5,3.0,2.7,2.37,3.2,2.6,2.3,2.9,2.9,2.35,2.9,2.8,47,2.5,2.37,3.25,3.13,3.15,2.82,33,1.95,1.83,1.98,1.88,22,0.0,1.8,1.71,2.29,2.11
5,1,2,0,2.1,3.3,3.3,2.1,3.2,3.2,2.1,3.2,3.4,2.1,3.2,3.1,2.0,3.2,3.2,2.0,3.0,3.4,2.0,3.2,3.25,47,2.15,2.06,3.35,3.22,3.75,3.33,34,1.87,1.75,2.12,1.93,22,-0.25,1.92,1.86,2.05,2.0
3,0,1,0,2.4,3.2,2.87,2.45,3.1,2.7,2.35,3.2,3.0,2.4,3.1,2.7,2.25,3.2,2.75,2.4,2.9,2.75,2.4,3.1,2.65,47,2.55,2.39,3.3,3.16,3.05,2.77,34,1.98,1.84,1.95,1.87,20,0.0,1.8,1.7,2.23,2.09
0,2,0,1,1.8,3.4,4.33,1.8,3.35,4.05,1.85,3.3,4.2,1.8,3.2,4.0,1.8,3.2,4.0,1.83,3.0,4.0,1.8,3.25,3.75,46,2.0,1.84,3.4,3.27,4.45,4.01,33,2.04,1.85,1.96,1.88,23,-0.5,2.04,1.97,1.98,1.88
2,4,1,2,2.87,3.25,2.37,2.9,3.2,2.25,2.85,3.25,2.35,2.6,3.1,2.5,2.75,3.2,2.25,2.8,3.0,2.3,2.7,3.0,2.35,43,3.05,2.8,3.3,3.19,2.5,2.33,30,1.75,1.66,2.25,2.07,22,0.25,1.92,1.87,2.05,2.0
1,1,0,0,1.66,3.6,5.0,1.6,3.45,5.35,1.68,3.5,5.0,1.65,3.5,4.5,1.62,3.5,4.5,1.7,3.2,4.5,1.6,3.3,5.0,43,1.72,1.66,3.6,3.42,5.5,4.87,29,1.92,1.82,1.99,1.9,19,-0.75,2.05,1.97,1.94,1.9
2,1,1,0,1.9,3.25,4.0,1.8,3.2,4.3,1.9,3.15,4.25,1.8,3.2,4.0,1.8,3.25,3.75,1.8,3.0,4.2,1.9,3.1,3.75,42,2.07,1.89,3.3,3.19,4.31,3.88,29,1.88,1.8,2.02,1.91,21,-0.5,2.11,2.06,1.87,1.81
1,1,1,1,1.5,3.75,7.0,1.55,3.65,5.5,1.55,3.75,5.75,1.55,3.7,5.0,1.5,3.6,5.5,1.57,3.3,5.5,1.5,3.6,5.5,42,1.57,1.52,4.0,3.65,7.3,6.05,30,1.7,1.63,2.2,2.11,21,-1.0,1.9,1.85,2.08,1.99
1,1,0,0,1.25,5.0,13.0,1.25,5.0,10.0,1.22,5.5,12.0,1.22,5.0,10.0,1.25,4.5,10.0,1.25,4.5,10.0,1.2,5.0,11.0,43,1.25,1.23,6.0,5.14,13.0,11.31,30,1.5,1.43,2.8,2.57,20,-1.5,1.75,1.7,2.26,2.17
1,0,1,0,2.6,3.25,2.6,2.55,3.15,2.55,2.65,3.2,2.55,2.55,3.1,2.55,2.5,3.25,2.4,2.5,2.9,2.62,2.4,3.25,2.5,42,2.85,2.6,3.25,3.14,2.65,2.53,28,2.08,1.94,1.85,1.79,21,0.0,2.07,1.98,1.9,1.82
1,0,0,0,2.1,3.25,3.4,2.0,3.0,3.75,2.0,3.2,3.75,2.0,3.2,3.3,1.91,3.25,3.4,1.95,3.0,3.6,2.0,3.0,3.4,41,2.15,2.03,3.3,3.19,4.1,3.43,30,1.87,1.8,2.06,1.91,22,-0.5,2.16,2.13,1.8,1.75
2,2,2,1,2.6,3.2,2.62,2.55,3.15,2.55,2.6,3.2,2.6,2.4,3.1,2.7,2.4,3.25,2.5,2.6,2.8,2.6,2.5,3.1,2.5,42,2.78,2.55,3.4,3.14,2.89,2.6,29,1.97,1.88,1.95,1.86,22,0.0,1.92,1.86,2.04,1.94
0,0,0,0,1.57,3.8,5.5,1.55,3.55,5.75,1.6,3.6,5.5,1.6,3.6,4.8,1.57,3.5,5.0,1.57,3.3,5.5,1.55,3.5,5.0,46,1.65,1.57,3.85,3.55,6.5,5.58,33,1.75,1.66,2.2,2.1,19,-0.75,1.81,1.8,2.12,2.07
1,2,1,1,2.3,3.25,3.0,2.1,3.15,3.25,2.2,3.3,3.1,2.3,3.1,2.8,2.25,3.2,2.75,2.3,3.0,2.8,2.2,3.2,2.9,44,2.35,2.23,3.3,3.17,3.4,2.99,32,2.11,1.95,1.9,1.77,21,-0.25,2.07,2.01,1.92,1.85
1,2,0,1,4.33,3.3,1.83,3.95,3.25,1.85,4.2,3.35,1.83,3.8,3.2,1.85,3.75,3.2,1.83,4.2,3.0,1.8,3.75,3.3,1.8,46,4.7,4.07,3.65,3.3,1.9,1.82,33,1.67,1.59,2.4,2.21,20,0.5,2.04,1.99,1.9,1.87
2,0,0,0,1.8,3.4,4.33,1.8,3.25,4.2,1.82,3.3,4.5,1.8,3.2,4.0,1.66,3.4,4.33,1.8,3.1,4.0,1.75,3.4,4.0,46,1.89,1.78,3.5,3.32,4.8,4.27,33,1.86,1.77,2.1,1.96,20,-0.5,1.9,1.82,2.1,2.03
0,1,0,1,1.2,6.0,13.0,1.2,5.75,10.5,1.23,5.5,12.0,1.25,4.8,9.5,1.25,4.5,10.0,1.22,4.8,10.0,1.2,5.5,9.5,45,1.25,1.21,6.0,5.42,15.0,11.74,31,1.7,1.56,2.4,2.25,19,-1.75,2.05,2.03,1.9,1.84
2,2,1,1,2.4,3.25,2.8,2.55,3.15,2.55,2.4,3.2,2.8,2.4,3.1,2.7,2.4,3.25,2.5,2.37,2.87,2.8,2.35,3.1,2.65,45,2.5,2.39,3.25,3.18,3.0,2.73,29,1.88,1.8,2.05,1.93,23,0.0,1.81,1.76,2.17,2.02
1,3,0,2,2.8,3.25,2.4,2.95,3.25,2.2,3.0,3.25,2.3,2.7,3.1,2.4,2.6,3.2,2.37,2.8,3.0,2.3,2.8,3.2,2.2,46,3.0,2.81,3.4,3.22,2.45,2.3,31,1.75,1.7,2.15,2.02,22,0.0,2.17,2.07,1.8,1.71
0,1,0,1,2.0,3.3,3.6,1.95,3.1,3.75,2.05,3.25,3.5,2.1,3.1,3.2,1.9,3.25,3.4,2.05,3.1,3.2,2.0,3.2,3.3,45,2.2,2.06,3.3,3.19,3.6,3.32,31,2.1,1.94,1.9,1.8,22,-0.25,1.98,1.92,2.0,1.95
0,2,0,2,2.7,3.25,2.5,2.55,3.15,2.55,2.8,3.2,2.4,2.7,3.1,2.4,2.5,3.2,2.5,2.62,3.1,2.37,2.6,3.1,2.4,44,2.8,2.63,3.25,3.17,2.62,2.48,31,2.08,1.95,1.87,1.78,22,0.0,2.09,1.98,1.85,1.8
1,3,1,1,1.44,4.0,7.5,1.45,3.85,6.65,1.48,3.75,7.0,1.5,3.7,5.7,1.44,3.6,6.5,1.44,3.5,7.0,1.45,3.75,6.0,50,1.53,1.47,4.3,3.79,7.8,6.69,37,1.68,1.6,2.38,2.23,25,-1.0,1.9,1.82,2.09,2.03
0,3,0,1,2.0,3.2,3.75,1.95,3.0,3.95,2.05,3.2,3.6,2.0,3.2,3.3,1.9,3.2,3.5,2.1,2.87,3.3,2.0,3.1,3.5,48,2.1,2.0,3.25,3.18,4.2,3.54,33,2.1,1.93,1.87,1.79,20,-0.25,1.81,1.77,2.16,2.09
1,1,0,0,1.72,3.6,4.5,1.6,3.55,5.15,1.72,3.5,4.75,1.7,3.4,4.3,1.8,3.25,3.75,1.8,3.1,4.0,1.7,3.3,4.35,50,1.8,1.73,3.6,3.35,5.4,4.58,34,2.05,1.93,1.91,1.8,21,-0.5,1.8,1.74,2.26,2.13
3,3,1,2,1.44,4.0,7.5,1.4,4.1,7.2,1.5,3.75,6.75,1.45,3.9,6.0,1.44,3.6,6.5,1.5,3.4,6.0,1.4,3.75,7.0,49,1.56,1.48,4.0,3.72,7.5,6.62,32,1.75,1.69,2.17,2.04,21,-1.0,2.0,1.93,2.0,1.9
2,3,0,1,3.2,3.25,2.2,3.4,3.25,2.0,3.15,3.25,2.2,3.0,3.1,2.2,2.75,3.2,2.25,3.0,3.1,2.15,3.0,3.2,2.1,50,3.25,3.03,3.3,3.21,2.35,2.2,34,1.8,1.69,2.15,2.04,23,0.25,1.92,1.83,2.06,2.02
4,0,3,0,1.44,4.0,7.5,1.4,4.1,7.2,1.4,4.0,8.5,1.4,3.8,7.0,1.4,3.75,7.0,1.4,3.75,7.0,1.35,3.75,8.5,48,1.45,1.39,4.5,4.02,9.15,7.81,33,1.85,1.71,2.15,2.0,20,-1.25,1.94,1.91,1.99,1.93
0,0,0,0,1.83,3.3,4.33,1.9,3.2,3.85,1.88,3.25,4.2,1.9,3.2,3.6,1.83,3.25,3.6,1.9,3.1,3.6,1.85,3.2,3.75,50,1.95,1.85,3.35,3.25,4.85,4.01,34,2.2,2.01,1.8,1.73,22,-0.5,1.93,1.89,2.05,1.97
1,1,0,1,2.37,3.25,2.87,2.55,3.15,2.55,2.5,3.2,2.75,2.4,3.1,2.7,2.37,3.2,2.6,2.37,2.9,2.8,2.35,3.1,2.65,49,2.75,2.47,3.25,3.15,2.9,2.69,33,1.91,1.82,2.02,1.91,20,0.0,1.94,1.84,2.05,1.95
1,2,1,0,2.9,3.2,2.37,2.9,3.2,2.25,3.15,3.25,2.2,2.7,3.1,2.4,3.4,3.25,1.9,3.5,3.2,1.9,3.0,3.2,2.1,50,3.5,3.03,3.26,3.2,2.4,2.21,34,1.92,1.8,2.07,1.92,22,0.25,2.0,1.94,1.98,1.91
4,3,3,2,2.3,3.25,3.0,2.3,3.05,2.95,2.35,3.2,2.9,2.3,3.1,2.8,2.37,3.2,2.6,2.3,2.9,2.9,2.35,2.9,2.8,49,2.5,2.34,3.4,3.14,3.1,2.86,40,2.18,1.99,1.85,1.75,25,0.0,1.81,1.73,2.2,2.08
2,2,1,0,5.5,3.8,1.57,4.5,3.45,1.7,5.25,3.6,1.65,4.3,3.4,1.7,5.0,3.5,1.57,5.5,3.3,1.57,4.5,3.6,1.6,47,6.5,5.28,4.0,3.55,1.7,1.6,33,1.6,1.51,2.63,2.37,20,0.75,2.15,2.05,1.86,1.83
2,1,2,1,1.57,3.6,6.0,1.6,3.5,5.25,1.6,3.6,5.75,1.65,3.5,4.5,1.57,3.5,5.0,1.61,3.3,5.0,1.6,3.3,5.0,47,1.67,1.6,3.75,3.49,6.6,5.35,33,1.7,1.61,4.0,2.22,19,-0.75,1.91,1.86,2.04,2.01
2,4,2,2,3.6,3.3,2.0,3.2,3.2,2.1,3.6,3.2,2.05,3.2,3.1,2.1,3.2,3.2,2.0,3.3,3.0,2.05,3.25,3.2,2.0,48,3.9,3.39,3.3,3.21,2.2,2.04,35,2.0,1.9,1.95,1.84,22,0.0,2.73,2.44,1.6,1.49
1,2,1,2,2.0,3.2,3.75,2.1,3.0,3.45,2.1,3.2,3.5,2.1,3.1,3.2,2.0,3.2,3.2,2.1,2.8,3.4,2.0,3.1,3.4,46,2.25,2.06,3.3,3.14,3.85,3.39,33,2.0,1.88,1.95,1.85,21,-0.25,1.85,1.81,2.14,2.06
0,0,0,0,2.75,3.2,2.5,2.7,3.1,2.45,2.9,3.1,2.4,2.7,3.1,2.4,2.6,3.2,2.37,2.62,2.9,2.5,2.75,3.2,2.25,47,3.05,2.76,3.3,3.16,2.5,2.38,34,2.0,1.9,1.92,1.83,21,0.0,2.15,2.06,1.83,1.76
3,2,1,1,2.4,3.2,2.87,2.35,3.0,2.95,2.3,3.2,3.0,2.4,3.1,2.7,2.25,3.2,2.75,2.37,2.9,2.8,2.3,3.1,2.8,45,2.45,2.33,3.25,3.14,3.25,2.86,33,1.91,1.8,2.04,1.94,21,0.0,1.78,1.73,2.22,2.1
0,0,0,0,2.1,3.25,3.4,1.9,3.3,3.7,1.95,3.25,3.8,2.0,3.2,3.3,1.9,3.25,3.4,2.0,3.0,3.4,1.9,3.2,3.5,43,2.1,1.99,3.3,3.22,4.0,3.5,32,2.16,2.0,1.8,1.74,21,-0.5,2.11,2.07,1.85,1.81
0,1,0,0,2.0,3.2,3.75,1.95,3.25,3.6,1.9,3.3,4.0,2.0,3.2,3.3,1.8,3.3,3.75,1.95,3.0,3.6,1.85,3.2,3.75,43,2.05,1.94,3.3,3.22,4.33,3.67,33,2.12,1.98,1.83,1.77,21,-0.5,2.09,2.03,1.9,1.84
2,1,2,0,1.4,4.5,7.5,1.38,4.25,7.5,1.35,4.5,8.5,1.4,4.0,6.5,1.33,4.0,8.0,1.36,3.75,8.0,1.35,4.0,7.5,47,1.41,1.37,4.75,4.19,9.5,7.92,37,1.7,1.62,2.3,2.18,25,-1.25,1.97,1.88,2.05,2.0
1,1,1,0,2.5,3.2,2.75,2.65,2.9,2.65,2.5,3.1,2.8,2.4,3.1,2.7,2.37,3.2,2.6,2.4,2.9,2.75,2.5,2.9,2.65,47,2.62,2.5,3.22,3.12,2.85,2.65,31,2.1,1.92,1.88,1.81,21,0.0,1.94,1.87,2.0,1.93
1,2,1,0,4.0,3.25,1.9,4.05,3.2,1.85,4.0,3.25,1.9,3.6,3.2,1.9,3.75,3.25,1.8,3.75,3.2,1.83,3.75,3.2,1.85,47,4.65,3.94,3.35,3.23,1.95,1.87,33,2.0,1.89,1.94,1.84,24,0.5,1.96,1.9,2.02,1.96
1,0,0,0,1.9,3.25,4.0,1.85,3.3,3.9,1.8,3.25,4.5,1.8,3.2,4.0,1.8,3.25,3.75,1.9,3.0,3.75,1.85,3.2,3.75,47,1.95,1.85,3.31,3.25,4.75,4.0,32,2.1,1.94,1.87,1.8,22,-0.5,2.05,1.98,2.0,1.88
2,1,1,1,1.57,3.8,5.5,1.5,3.75,6.0,1.52,3.75,6.5,1.55,3.7,5.0,1.5,3.4,6.0,1.53,3.5,5.5,1.5,3.6,5.5,47,1.6,1.53,3.85,3.62,7.25,5.98,33,1.68,1.59,2.3,2.19,23,-1.0,2.13,2.04,1.85,1.8
3,0,2,0,1.4,4.33,7.5,1.45,3.85,6.65,1.45,4.0,7.0,1.45,3.9,6.0,1.4,3.75,7.0,1.4,3.6,7.5,1.45,3.6,6.5,49,1.5,1.43,4.4,3.91,8.5,7.0,34,1.62,1.53,2.5,2.32,24,-1.25,2.11,2.08,1.83,1.8
1,1,0,1,2.3,3.25,3.0,2.35,3.0,2.95,2.25,3.1,3.2,2.2,3.0,3.1,2.0,3.2,3.2,2.2,3.0,3.0,2.1,3.1,3.1,48,2.45,2.26,3.25,3.12,3.35,3.02,32,2.26,2.08,1.75,1.67,23,0.0,1.82,1.71,2.25,2.1
3,1,1,0,1.57,3.6,6.0,1.6,3.65,5.0,1.65,3.5,5.25,1.65,3.5,4.5,1.66,3.25,4.5,1.61,3.3,5.0,1.55,3.3,5.5,46,1.7,1.59,3.75,3.51,6.25,5.4,32,1.68,1.64,2.25,2.13,24,-1.0,2.1,2.04,1.85,1.81
1,0,1,0,1.53,3.6,6.5,1.45,3.85,6.65,1.45,4.0,7.0,1.45,3.9,6.0,1.44,3.5,7.0,1.5,3.4,6.0,1.45,3.6,6.5,43,1.55,1.47,4.0,3.73,7.9,6.72,32,1.85,1.72,2.15,2.01,23,-1.0,1.9,1.85,2.07,1.98
0,0,0,0,4.0,3.25,1.9,3.6,3.35,1.9,3.8,3.3,1.95,3.6,3.2,1.9,4.0,3.4,1.72,3.6,3.1,1.9,3.75,3.2,1.85,46,4.33,3.89,3.55,3.3,2.06,1.88,37,2.0,1.83,2.0,1.9,29,0.5,1.97,1.92,2.02,1.95
1,1,1,1,1.22,5.5,13.0,1.2,6.2,9.5,1.2,6.0,13.0,1.2,5.2,11.0,1.22,5.0,10.0,1.22,4.8,10.0,1.2,5.5,9.0,46,1.22,1.2,6.01,5.5,16.0,12.5,31,1.65,1.58,2.27,2.19,21,-1.75,2.04,2.01,1.9,1.87
0,0,0,0,2.37,3.2,2.9,2.4,3.2,2.7,2.4,3.25,2.8,2.3,3.1,2.8,2.2,3.25,2.75,2.25,3.0,2.87,2.35,3.1,2.65,45,2.5,2.35,3.35,3.2,3.0,2.79,31,1.75,1.7,2.19,2.01,23,0.0,1.83,1.77,2.12,2.03
2,1,1,1,2.75,3.2,2.5,2.55,3.15,2.55,2.6,3.25,2.6,2.5,3.1,2.6,2.37,3.2,2.6,2.5,2.9,2.62,2.6,3.0,2.5,47,3.0,2.6,3.25,3.16,2.75,2.54,30,2.0,1.87,1.95,1.84,22,0.0,2.08,1.97,1.9,1.82
0,1,0,1,2.37,3.2,2.9,2.2,3.1,3.1,2.25,3.2,3.1,2.2,3.1,3.0,2.2,3.25,2.75,2.25,3.0,2.87,2.3,3.0,2.9,47,2.45,2.31,3.25,3.14,3.1,2.9,30,2.03,1.93,1.89,1.8,22,0.0,1.85,1.72,2.1,2.06
1,0,0,0,1.8,3.4,4.33,1.7,3.45,4.5,1.75,3.4,4.75,1.8,3.2,4.0,1.72,3.2,4.33,1.8,3.0,4.2,1.8,2.9,4.5,44,1.85,1.77,3.5,3.28,5.0,4.39,30,2.23,2.04,1.8,1.7,21,-0.5,1.86,1.83,2.13,2.05
3,1,3,1,1.61,3.6,5.5,1.55,3.5,5.9,1.6,3.6,5.75,1.6,3.6,4.8,1.57,3.5,5.0,1.61,3.3,5.0,1.6,3.4,5.0,46,1.7,1.6,3.8,3.55,5.8,5.24,30,1.55,1.51,2.65,2.33,22,-0.75,1.98,1.93,1.98,1.94
2,3,1,2,2.3,3.25,3.0,2.3,3.0,3.0,2.3,3.25,3.0,2.2,3.1,3.0,2.25,3.2,2.75,2.25,3.0,2.87,2.2,3.1,2.9,45,2.4,2.28,3.25,3.16,3.2,2.9,30,1.85,1.73,2.12,1.97,22,-0.25,2.08,2.04,1.88,1.83
0,0,0,0,2.87,3.2,2.4,3.1,3.0,2.25,3.1,3.2,2.25,3.0,3.1,2.2,2.8,3.2,2.2,3.0,3.0,2.2,2.8,3.1,2.25,45,3.25,2.92,3.25,3.16,2.41,2.28,29,2.03,1.89,1.91,1.84,22,0.25,1.9,1.83,2.13,2.04
2,1,1,1,2.1,3.25,3.4,2.2,3.2,3.0,2.1,3.2,3.4,2.2,3.1,3.0,2.1,3.2,3.0,2.15,3.0,3.1,2.1,3.0,3.2,48,2.2,2.14,3.3,3.19,3.59,3.18,35,1.7,1.6,2.3,2.18,24,-0.25,1.88,1.83,2.14,2.03
2,1,1,0,1.16,6.0,19.0,1.2,6.2,9.5,1.18,6.25,13.0,1.2,5.2,11.0,1.2,5.0,11.0,1.2,5.0,11.0,1.18,5.5,11.0,48,1.2,1.18,6.75,5.75,19.0,13.81,36,1.62,1.54,2.5,2.32,19,-1.75,1.93,1.87,2.02,1.99
2,6,1,3,4.5,3.3,1.8,4.3,3.2,1.8,4.4,3.3,1.83,3.8,3.2,1.85,3.75,3.25,1.8,4.0,3.0,1.83,4.0,3.2,1.75,47,4.8,4.21,3.55,3.3,1.85,1.79,34,1.59,1.53,2.65,2.31,20,0.5,2.11,2.04,1.88,1.81
0,0,0,0,2.25,3.3,3.0,2.1,3.1,3.35,2.15,3.25,3.25,2.1,3.1,3.2,2.1,3.2,3.0,2.2,3.0,3.0,2.2,3.0,3.0,48,2.35,2.22,3.3,3.16,3.35,3.06,36,2.2,2.0,1.75,1.72,23,-0.25,2.05,1.99,1.92,1.86
1,1,0,0,2.0,3.3,3.6,2.1,3.0,3.45,2.1,3.2,3.4,2.0,3.2,3.3,2.0,3.2,3.2,2.05,3.0,3.3,2.0,3.0,3.4,48,2.2,2.08,3.3,3.14,3.75,3.35,36,2.24,2.02,1.8,1.7,23,-0.25,1.85,1.82,2.1,2.03
1,1,1,0,1.8,3.3,4.5,1.85,3.3,3.9,1.83,3.3,4.4,1.85,3.2,3.8,1.73,3.4,4.0,1.72,3.2,4.33,1.75,3.2,4.35,46,1.9,1.8,3.5,3.26,5.0,4.3,35,2.26,2.06,1.75,1.67,22,-0.5,1.94,1.88,2.05,1.98
1,0,0,0,1.44,4.0,7.5,1.4,4.2,6.75,1.45,4.0,7.0,1.5,3.8,5.5,1.44,3.6,6.5,1.44,3.6,6.5,1.45,3.6,6.5,47,1.57,1.47,4.15,3.75,7.5,6.58,35,1.73,1.66,2.21,2.07,22,-1.0,2.06,1.95,1.95,1.87
3,1,2,0,1.83,3.3,4.33,1.75,3.25,4.55,1.85,3.25,4.4,1.8,3.2,4.0,1.73,3.2,4.33,1.8,3.0,4.2,1.8,3.2,4.0,45,1.87,1.79,3.4,3.25,5.0,4.35,32,2.04,1.86,1.95,1.85,25,-0.5,1.94,1.9,1.98,1.94
1,2,0,0,1.83,3.3,4.33,1.85,3.2,4.05,1.85,3.25,4.4,1.85,3.2,3.8,1.8,3.2,4.0,1.83,3.0,4.0,1.8,3.25,3.75,49,1.9,1.82,3.35,3.24,5.0,4.19,34,2.12,1.97,1.83,1.75,24,-0.5,1.93,1.87,2.05,1.98
2,0,1,0,2.2,3.2,3.25,2.2,3.2,3.0,2.1,3.2,3.4,2.1,3.1,3.2,2.1,3.2,3.0,2.15,3.0,3.1,2.1,3.1,3.1,49,2.3,2.15,3.35,3.18,3.91,3.22,37,2.08,1.88,1.91,1.84,26,-0.25,1.93,1.87,2.07,2.0
3,3,0,1,2.5,3.25,2.7,2.55,3.15,2.55,2.6,3.2,2.6,2.3,3.1,2.8,2.37,3.2,2.6,2.5,2.9,2.62,2.6,3.1,2.4,47,2.8,2.59,3.25,3.14,2.8,2.55,33,2.0,1.84,1.95,1.87,23,0.0,2.06,1.96,1.92,1.84
0,1,0,0,3.4,3.25,2.1,3.25,3.2,2.1,3.5,3.2,2.05,3.0,3.1,2.2,3.0,3.2,2.1,3.2,3.0,2.1,3.4,3.1,2.0,46,3.75,3.26,3.3,3.2,2.2,2.09,33,2.02,1.88,1.92,1.84,24,0.25,2.15,2.07,1.85,1.8
0,0,0,0,3.4,3.25,2.1,3.75,3.25,1.9,3.75,3.25,2.0,3.3,3.2,2.0,3.2,3.2,2.0,3.6,3.0,1.95,3.2,3.2,2.0,47,4.0,3.48,3.4,3.21,2.15,2.0,32,2.04,1.89,1.9,1.84,23,0.5,1.84,1.81,2.13,2.06
1,0,0,0,1.61,3.6,5.5,1.7,3.4,4.6,1.7,3.4,5.0,1.7,3.4,4.3,1.61,3.25,5.0,1.61,3.3,5.0,1.65,3.25,4.5,46,1.71,1.65,3.6,3.42,5.75,5.02,33,1.8,1.66,2.23,2.04,23,-0.75,1.93,1.89,2.01,1.98
0,4,0,2,6.5,4.2,1.44,6.25,3.65,1.5,6.0,3.75,1.55,4.8,3.6,1.6,5.5,3.5,1.53,5.5,3.3,1.57,5.5,3.6,1.5,47,7.3,6.03,4.2,3.61,1.6,1.52,34,1.87,1.72,2.11,1.99,23,1.0,1.97,1.93,1.98,1.92
3,1,1,1,2.0,3.3,3.6,1.95,3.1,3.8,2.0,3.25,3.75,2.1,3.1,3.2,2.0,3.2,3.2,2.05,2.87,3.5,2.0,3.0,3.5,45,2.15,2.02,3.3,3.12,4.0,3.56,33,2.2,2.05,1.75,1.65,23,-0.5,2.11,2.07,1.84,1.8
1,2,0,1,2.3,3.25,3.0,2.2,3.1,3.1,2.25,3.2,3.1,2.2,3.1,3.0,2.1,3.2,3.0,2.2,3.0,3.0,2.2,3.0,3.0,47,2.4,2.22,3.25,3.15,3.35,3.05,33,1.95,1.83,2.01,1.89,26,0.0,1.72,1.63,2.3,2.14
2,1,1,1,1.3,5.0,9.0,1.35,4.45,7.5,1.35,4.5,8.0,1.35,4.2,7.5,1.3,4.33,8.0,1.3,4.2,8.5,1.28,4.35,9.0,47,1.4,1.34,5.2,4.32,9.5,8.23,33,1.58,1.5,2.6,2.34,23,-1.5,2.0,1.96,1.94,1.88
3,2,1,2,3.75,3.2,2.0,3.55,3.25,1.95,3.6,3.25,2.0,3.2,3.1,2.1,3.2,3.2,2.0,3.3,3.1,2.0,3.5,3.2,1.9,45,3.95,3.47,3.3,3.22,2.11,2.0,36,2.01,1.85,1.95,1.87,23,0.5,1.81,1.78,2.16,2.06
1,1,0,1,2.5,3.2,2.75,2.5,3.1,2.65,2.5,3.2,2.75,2.55,3.1,2.55,2.25,3.2,2.75,2.3,3.0,2.8,2.4,3.1,2.6,43,2.55,2.44,3.25,3.15,2.9,2.68,32,2.2,2.0,1.8,1.71,20,0.0,1.9,1.81,2.08,1.98
0,1,0,1,1.95,3.3,3.8,1.85,3.25,3.95,1.95,3.3,3.75,1.9,3.2,3.6,1.8,3.3,3.75,1.83,3.2,3.75,1.85,3.2,3.75,44,2.0,1.91,3.35,3.25,4.0,3.71,34,1.99,1.88,1.95,1.83,21,-0.5,2.03,1.98,1.91,1.88
3,1,2,0,2.4,3.2,2.87,2.3,3.2,2.85,2.4,3.0,3.0,2.2,3.1,3.0,2.2,3.25,2.75,2.25,3.1,2.8,2.35,3.1,2.65,43,2.55,2.33,3.25,3.15,3.1,2.86,35,2.16,2.03,1.75,1.68,20,0.0,1.87,1.76,2.1,2.02
1,3,0,1,3.3,3.25,2.15,3.3,3.15,2.1,3.3,3.2,2.15,3.0,3.1,2.2,3.2,3.2,2.0,3.2,3.1,2.05,3.1,3.1,2.1,44,3.5,3.23,3.25,3.19,2.2,2.1,34,1.99,1.89,1.94,1.82,22,0.25,2.0,1.95,1.95,1.91
2,1,1,1,1.72,3.6,4.5,1.65,3.45,4.9,1.7,3.4,5.0,1.7,3.4,4.3,1.61,3.5,4.5,1.61,3.3,5.0,1.6,3.25,5.0,42,1.8,1.68,3.6,3.39,5.5,4.75,33,2.05,1.87,1.95,1.84,21,-0.75,2.1,2.05,1.86,1.82
4,1,1,1,2.5,3.1,2.8,2.65,2.9,2.65,2.5,3.1,2.8,2.55,3.1,2.55,2.5,3.2,2.5,2.5,2.9,2.62,2.35,3.2,2.6,44,2.57,2.45,3.2,3.12,3.0,2.71,32,2.08,1.94,1.87,1.78,20,0.0,1.83,1.78,2.16,2.0
2,3,2,1,3.0,3.2,2.3,2.95,3.25,2.2,3.0,3.25,2.3,2.8,3.1,2.3,2.8,3.2,2.2,2.75,3.1,2.3,2.8,3.1,2.25,42,3.15,2.92,3.3,3.2,2.3,2.25,31,1.75,1.64,2.25,2.09,21,0.25,1.94,1.9,2.01,1.96
3,0,1,0,1.3,4.75,10.0,1.35,4.3,8.0,1.35,4.5,8.5,1.35,4.2,7.5,1.28,4.5,8.0,1.3,4.2,8.5,1.3,4.35,8.0,43,1.36,1.31,5.0,4.47,11.5,8.75,32,1.55,1.51,2.51,2.35,23,-1.5,1.94,1.9,2.0,1.94
0,0,0,0,1.22,5.5,13.0,1.2,6.0,10.0,1.22,5.5,12.0,1.22,5.0,10.0,1.22,5.0,10.0,1.22,5.0,9.5,1.2,5.5,10.0,46,1.25,1.21,6.45,5.37,17.5,11.86,36,1.65,1.56,2.58,2.25,22,-1.75,2.05,2.02,1.89,1.83
0,0,0,0,2.4,3.2,2.87,2.5,3.0,2.7,2.4,3.2,2.8,2.4,3.1,2.7,2.4,3.25,2.5,2.37,3.1,2.62,2.25,3.1,2.8,44,2.77,2.45,3.25,3.16,2.9,2.7,35,2.25,2.02,1.8,1.7,22,0.0,1.99,1.85,2.0,1.92
3,2,1,1,1.61,3.6,5.5,1.55,3.7,5.4,1.6,3.6,5.75,1.55,3.7,5.0,1.57,3.5,5.0,1.57,3.5,5.0,1.55,3.3,5.5,45,1.74,1.61,3.7,3.48,6.1,5.3,35,2.1,1.91,1.86,1.8,23,-0.75,1.95,1.89,2.0,1.97
2,2,1,0,2.0,3.2,3.75,1.9,3.15,3.9,2.0,3.25,3.6,1.9,3.2,3.6,2.1,3.2,3.0,2.1,3.0,3.2,2.0,3.2,3.25,45,2.1,2.0,3.25,3.2,4.05,3.51,35,2.15,1.95,2.05,1.76,23,-0.5,2.17,2.05,1.83,1.77
1,1,1,1,1.75,3.4,4.75,1.7,3.35,4.7,1.7,3.4,5.0,1.8,3.2,4.0,1.72,3.2,4.33,1.8,3.1,4.0,1.65,3.25,4.8,44,1.8,1.73,3.45,3.3,5.5,4.6,32,2.16,1.96,1.8,1.73,21,-0.75,2.0,1.98,1.94,1.88
5,0,3,0,2.5,3.2,2.75,2.5,3.1,2.65,2.5,3.2,2.7,2.5,3.1,2.6,2.4,3.25,2.5,2.4,3.1,2.6,2.5,2.9,2.65,45,2.55,2.46,3.25,3.16,2.9,2.67,33,2.09,1.92,1.9,1.79,22,0.0,1.8,1.76,2.18,2.02
0,2,0,1,3.0,3.25,2.3,3.05,3.25,2.15,3.0,3.25,2.25,2.9,3.2,2.2,2.8,3.2,2.2,2.8,3.1,2.25,2.75,3.2,2.25,43,3.25,2.91,3.4,3.24,2.38,2.24,33,1.53,1.47,2.75,2.42,21,0.25,1.89,1.87,2.04,1.99
1,0,0,0,3.1,3.2,2.25,2.9,3.25,2.25,3.0,3.25,2.25,2.7,3.2,2.3,2.75,3.2,2.25,2.8,3.1,2.25,2.7,3.1,2.3,44,3.2,2.92,3.3,3.2,2.4,2.25,32,2.1,1.91,1.9,1.77,21,0.25,1.82,1.8,2.13,2.07
2,1,1,1,1.33,4.75,9.0,1.3,4.85,8.0,1.33,4.75,8.5,1.3,4.4,8.5,1.28,4.5,8.0,1.33,4.0,8.0,1.33,4.0,8.5,44,1.33,1.3,5.5,4.57,11.0,8.88,33,1.6,1.51,2.5,2.33,21,-1.5,1.9,1.85,2.04,1.98
3,0,1,0,3.8,3.3,1.95,3.8,3.2,1.9,3.6,3.3,2.0,3.3,3.2,2.0,3.0,3.2,2.1,3.4,3.0,2.0,3.25,3.2,2.0,45,4.05,3.62,3.3,3.2,2.1,1.99,34,1.95,1.84,2.0,1.88,23,0.5,1.89,1.83,2.07,2.03
1,4,1,3,2.4,3.2,2.8,2.4,3.2,2.7,2.4,3.25,2.8,2.4,3.2,2.6,2.6,3.2,2.37,2.37,3.1,2.62,2.3,3.2,2.65,44,2.65,2.37,3.35,3.2,2.9,2.74,33,1.85,1.68,2.2,2.04,21,0.0,1.9,1.79,2.1,1.99
0,2,0,1,2.0,3.3,3.6,2.0,3.2,3.5,1.95,3.3,3.75,2.0,3.2,3.3,1.72,3.4,4.0,1.9,3.1,3.6,1.8,3.25,3.75,43,2.1,1.95,3.3,3.22,4.0,3.61,33,2.2,2.04,1.75,1.69,22,-0.5,2.09,2.02,1.85,1.82
0,0,0,0,2.25,3.2,3.1,2.1,3.2,3.2,2.3,3.2,3.0,2.2,3.2,2.9,2.1,3.2,3.0,2.0,3.1,3.3,2.1,3.2,3.0,44,2.48,2.19,3.25,3.18,3.4,3.06,31,2.08,1.94,1.9,1.78,20,0.0,1.77,1.68,2.2,2.1
0,0,0,0,1.95,3.3,3.8,1.9,3.2,3.8,1.92,3.25,4.0,2.0,3.2,3.3,1.8,3.3,3.75,1.83,3.0,4.0,1.85,3.2,3.75,44,2.05,1.92,3.3,3.2,4.4,3.74,32,2.11,1.98,1.8,1.75,22,-0.5,2.1,2.05,1.83,1.81
2,1,0,1,1.95,3.3,3.8,1.85,3.35,3.85,2.05,3.2,3.6,1.85,3.2,3.8,1.72,3.2,4.33,1.83,3.2,3.75,1.75,3.2,4.35,44,2.05,1.89,3.3,3.23,4.33,3.84,33,1.95,1.84,2.0,1.88,21,-0.5,2.14,2.04,1.85,1.8
3,2,2,1,2.5,3.25,2.7,2.55,3.15,2.55,2.6,3.2,2.6,2.5,3.1,2.6,2.37,3.2,2.6,2.62,2.9,2.5,2.4,3.2,2.5,43,2.67,2.53,3.28,3.16,2.8,2.6,33,1.97,1.82,2.0,1.9,21,0.0,1.96,1.87,2.0,1.93
0,1,0,0,2.3,3.25,3.0,2.25,3.15,2.95,2.3,3.25,3.0,2.3,3.1,2.8,2.37,3.2,2.6,2.25,3.0,2.87,2.2,3.1,2.9,42,2.38,2.26,3.25,3.17,3.2,2.92,32,2.04,1.85,1.95,1.86,21,0.0,1.73,1.67,2.23,2.12
0,2,0,1,1.8,3.4,4.33,1.95,3.25,3.6,1.92,3.25,4.0,1.9,3.3,3.5,1.72,3.4,4.0,1.9,3.0,3.75,1.85,3.2,3.75,41,1.95,1.88,3.4,3.25,4.33,3.84,30,1.65,1.57,2.5,2.21,22,-0.5,1.97,1.89,2.0,1.96
2,2,1,2,2.05,3.25,3.5,1.95,3.1,3.8,2.1,3.2,3.5,2.0,3.2,3.3,1.9,3.2,3.5,2.0,3.0,3.4,1.9,3.1,3.6,47,2.2,2.05,3.25,3.19,3.75,3.44,35,2.15,1.92,1.9,1.81,26,-0.25,1.9,1.85,2.06,2.01
3,0,2,0,2.3,3.25,3.0,2.1,3.0,3.45,2.15,3.25,3.25,2.2,3.1,3.0,2.2,3.2,2.8,2.3,2.9,2.9,2.3,3.0,2.8,45,2.38,2.22,3.25,3.17,3.5,3.03,33,2.16,1.99,1.9,1.73,24,-0.25,2.03,1.99,1.93,1.87
2,2,1,1,1.72,3.4,5.0,1.65,3.45,4.9,1.7,3.4,5.0,1.65,3.4,4.7,1.66,3.4,4.33,1.72,3.2,4.33,1.65,3.1,5.0,45,1.75,1.68,3.5,3.38,5.6,4.85,33,1.7,1.63,2.35,2.12,24,-0.75,2.08,2.0,1.94,1.86
4,1,3,1,1.95,3.3,3.8,2.0,3.1,3.6,2.0,3.2,3.75,1.9,3.2,3.6,1.9,3.25,3.4,2.05,3.0,3.3,1.9,3.1,3.6,46,2.1,1.98,3.3,3.2,4.1,3.58,33,2.28,2.09,1.75,1.65,25,-0.5,2.06,2.01,1.9,1.84
0,0,0,0,1.8,3.4,4.33,1.75,3.25,4.55,1.8,3.25,4.75,1.8,3.2,4.0,1.8,3.3,3.75,1.8,3.1,4.0,1.75,3.25,4.0,45,1.85,1.79,3.4,3.28,5.35,4.31,33,1.91,1.83,2.08,1.9,24,-0.5,1.85,1.81,2.15,2.05
2,0,0,0,1.61,3.8,5.0,1.6,3.45,5.4,1.6,3.5,6.0,1.7,3.4,4.3,1.57,3.5,5.0,1.61,3.3,5.0,1.6,3.3,5.0,45,1.7,1.6,3.8,3.48,6.6,5.35,33,1.82,1.73,2.12,2.01,24,-0.75,1.91,1.85,2.06,2.02
4,1,3,1,2.8,3.25,2.4,3.0,3.2,2.2,2.9,3.2,2.4,2.6,3.0,2.6,2.6,3.2,2.37,2.62,2.9,2.5,2.65,3.1,2.35,46,3.05,2.78,3.35,3.18,2.6,2.37,32,1.65,1.56,2.45,2.24,24,0.0,2.18,2.05,1.8,1.71
1,0,1,0,1.28,5.0,10.0,1.25,5.15,9.5,1.28,5.25,11.0,1.3,4.4,8.5,1.28,4.0,10.0,1.3,4.0,9.5,1.25,4.5,9.5,45,1.33,1.27,5.5,4.78,12.0,9.79,33,1.74,1.66,2.25,2.08,25,-1.5,2.12,2.06,1.85,1.79
0,2,0,0,2.8,3.1,2.5,2.65,2.9,2.65,2.75,3.2,2.5,2.65,2.8,2.65,2.5,3.2,2.5,2.62,2.9,2.5,2.6,3.1,2.4,45,2.9,2.64,3.25,3.09,2.7,2.53,32,2.08,1.95,1.85,1.78,23,0.0,2.14,1.98,1.89,1.81
0,4,0,3,3.1,3.2,2.25,3.2,3.1,2.15,3.1,3.2,2.25,3.0,3.1,2.2,2.75,3.25,2.2,3.0,3.0,2.2,3.0,3.0,2.2,46,3.4,3.04,3.3,3.19,2.3,2.21,37,1.89,1.76,2.05,1.96,25,0.25,1.93,1.87,2.03,1.99
1,0,1,0,5.0,3.8,1.61,5.4,3.45,1.6,5.25,3.5,1.65,4.5,3.5,1.65,4.5,3.5,1.61,5.0,3.3,1.61,5.0,3.25,1.6,44,5.9,5.06,3.8,3.48,1.67,1.63,35,1.7,1.58,2.4,2.21,25,0.75,2.1,2.04,1.86,1.82
1,0,1,0,1.8,3.4,4.5,1.7,3.4,4.6,1.8,3.3,4.5,1.85,3.2,3.8,1.72,3.2,4.33,1.72,3.2,4.33,1.75,3.25,4.0,46,1.9,1.78,3.45,3.3,4.75,4.28,35,2.14,2.01,1.83,1.72,25,-0.5,1.92,1.86,2.05,2.0
1,2,1,0,1.66,3.6,5.0,1.6,3.45,5.4,1.65,3.4,5.5,1.7,3.4,4.3,1.57,3.5,5.0,1.61,3.3,5.0,1.55,3.5,5.0,47,1.72,1.63,3.6,3.44,5.6,5.11,37,1.99,1.86,1.95,1.86,25,-0.75,1.98,1.93,1.99,1.93
0,1,0,1,1.9,3.5,3.8,1.85,3.3,3.9,1.9,3.3,4.0,2.0,3.2,3.3,1.83,3.2,3.75,1.9,3.1,3.6,1.85,3.1,3.75,47,2.0,1.87,3.5,3.3,4.3,3.86,38,1.73,1.64,2.25,2.1,27,-0.5,2.03,1.94,1.96,1.9
0,2,0,1,1.53,4.0,5.5,1.65,3.45,4.9,1.6,3.6,5.5,1.6,3.6,4.8,1.57,3.5,5.0,1.57,3.3,5.5,1.55,3.5,5.0,45,1.65,1.59,4.0,3.54,6.0,5.35,37,1.6,1.56,2.45,2.25,25,-1.0,2.1,2.04,1.88,1.79
2,2,0,2,3.4,3.4,2.05,3.5,3.15,2.0,3.5,3.25,2.05,3.3,3.2,2.0,3.4,3.25,1.9,3.3,3.1,2.0,3.2,3.2,2.0,47,3.75,3.39,3.4,3.22,2.15,2.03,37,2.11,1.93,1.9,1.8,26,0.25,2.08,2.03,1.86,1.82
1,3,1,2,2.0,3.2,3.75,2.0,3.15,3.55,2.1,3.25,3.4,2.0,3.2,3.3,2.0,3.2,3.2,2.0,3.1,3.3,2.0,3.0,3.4,44,2.15,2.01,3.25,3.19,3.75,3.46,36,2.18,2.02,1.8,1.71,26,-0.5,2.1,2.04,1.84,1.79
1,0,0,0,1.57,3.6,6.0,1.5,3.7,6.1,1.6,3.5,6.0,1.6,3.6,4.8,1.57,3.5,5.0,1.57,3.3,5.5,1.55,3.5,5.0,44,1.62,1.58,3.75,3.5,6.8,5.58,35,1.97,1.86,1.95,1.86,26,-1.0,2.13,2.06,1.86,1.77
0,0,0,0,1.72,3.25,4.33,1.7,3.25,4.9,1.7,3.5,5.0,1.6,3.6,4.8,1.67,3.4,4.33,1.61,3.3,5.0,1.65,3.25,4.5,46,1.75,1.67,3.6,3.39,5.75,4.9,35,1.88,1.76,2.1,1.97,26,-0.75,2.0,1.88,2.06,1.98
2,1,1,0,1.36,4.2,7.0,1.35,4.35,7.75,1.38,4.25,8.0,1.33,4.2,8.0,1.36,4.0,7.0,1.36,3.75,8.0,1.35,4.0,7.0,45,1.45,1.38,4.5,4.11,9.0,7.77,35,1.8,1.72,2.13,1.99,24,-1.25,2.1,2.06,1.85,1.81
2,2,1,1,2.0,3.25,3.25,2.0,3.2,3.5,2.0,3.2,3.75,1.9,3.2,3.6,2.0,3.2,3.2,1.95,3.1,3.5,1.9,3.2,3.4,46,2.1,2.0,3.5,3.22,3.85,3.47,35,1.9,1.81,2.08,1.91,25,-0.5,2.07,2.0,1.9,1.85
2,1,0,1,2.2,3.25,2.8,2.0,3.2,3.5,2.15,3.2,3.2,2.1,3.1,3.2,2.1,3.2,3.0,2.05,3.1,3.2,2.1,3.1,3.1,46,2.3,2.16,3.25,3.19,3.5,3.14,36,2.11,1.98,1.83,1.75,25,-0.25,2.0,1.96,1.94,1.9
3,1,1,0,1.57,3.6,5.0,1.65,3.45,4.9,1.62,3.5,5.5,1.6,3.6,4.8,1.62,3.5,4.5,1.61,3.3,5.0,1.65,3.2,5.0,45,1.75,1.65,3.6,3.41,5.8,5.05,35,2.05,1.88,1.94,1.84,24,-0.75,1.96,1.86,2.05,2.0
4,2,0,0,2.2,3.2,2.87,2.25,3.0,3.1,2.25,3.2,3.1,2.1,3.1,3.2,2.2,3.2,2.8,2.15,3.1,3.0,2.1,3.1,3.1,47,2.3,2.22,3.25,3.16,3.4,3.02,36,2.02,1.88,1.9,1.84,25,-0.25,2.02,1.96,1.97,1.9
2,1,2,0,2.4,3.2,2.6,2.55,3.05,2.65,2.5,3.2,2.75,2.4,2.9,2.9,2.38,3.2,2.6,2.5,2.8,2.75,2.5,2.9,2.65,46,2.65,2.49,3.25,3.13,2.9,2.66,35,2.12,1.96,1.83,1.76,23,0.0,1.93,1.85,2.05,1.95
2,2,1,1,3.6,3.4,1.83,3.65,3.2,1.95,3.8,3.3,1.95,3.6,3.2,1.9,3.75,3.2,1.83,3.75,3.2,1.83,3.7,3.25,1.85,45,4.1,3.74,3.45,3.29,2.0,1.9,35,1.75,1.67,2.2,2.05,25,0.5,1.98,1.93,1.98,1.92
0,1,0,0,1.57,3.6,5.0,1.55,3.65,5.5,1.6,3.5,5.75,1.6,3.6,4.8,1.5,3.4,6.0,1.53,3.3,6.0,1.55,3.4,5.5,45,1.7,1.58,3.7,3.54,6.5,5.47,35,1.75,1.66,2.25,2.08,24,-0.75,1.88,1.84,2.07,2.03
0,2,0,0,1.85,3.5,4.0,1.9,3.4,3.6,1.85,3.3,4.25,1.8,3.2,4.0,1.72,3.4,4.0,1.8,3.1,4.0,1.75,3.3,4.0,45,2.0,1.83,3.5,3.27,4.6,4.09,33,2.06,1.85,1.95,1.86,24,-0.5,2.0,1.91,2.0,1.93
3,2,1,1,2.75,3.2,2.5,3.0,3.1,2.25,2.8,3.1,2.5,2.5,3.2,2.5,2.75,3.2,2.25,2.7,3.0,2.37,2.75,2.8,2.5,46,3.05,2.74,3.25,3.11,2.63,2.44,34,2.18,1.99,1.8,1.72,24,0.0,2.06,1.97,1.91,1.82
2,0,0,0,2.4,3.2,2.87,2.6,3.05,2.6,2.5,3.2,2.75,2.3,3.1,2.8,2.4,3.25,2.5,2.4,3.1,2.6,2.5,3.0,2.6,45,2.55,2.45,3.25,3.14,2.9,2.7,33,2.0,1.84,2.0,1.88,23,0.0,1.8,1.76,2.14,1.98
2,3,0,2,3.0,3.25,2.3,3.0,3.1,2.25,3.0,3.25,2.3,2.8,3.1,2.3,2.75,3.2,2.25,2.8,3.1,2.25,2.8,3.1,2.25,45,3.3,2.89,3.3,3.18,2.45,2.29,33,1.98,1.83,2.0,1.87,24,0.25,1.95,1.89,2.02,1.95
3,1,2,0,2.4,3.2,2.87,2.55,3.15,2.55,2.45,3.2,2.8,2.4,3.2,2.6,2.5,3.2,2.5,2.5,3.1,2.5,2.4,3.1,2.65,42,2.6,2.45,3.33,3.19,2.95,2.68,33,1.72,1.67,2.15,2.05,23,0.0,1.83,1.76,2.17,2.03
3,0,1,0,1.3,5.0,9.0,1.3,4.85,8.0,1.32,4.75,9.0,1.33,4.2,8.0,1.33,4.0,8.0,1.33,4.0,8.0,1.3,4.0,9.5,45,1.36,1.32,5.2,4.48,10.5,8.7,33,1.57,1.52,2.45,2.3,23,-1.5,2.01,1.9,2.0,1.93
1,0,0,0,1.9,3.25,4.0,1.8,3.25,4.25,1.9,3.25,4.0,1.9,3.2,3.6,1.8,3.3,3.75,1.8,3.1,4.0,1.85,3.3,3.6,45,1.95,1.87,3.35,3.21,4.7,3.97,33,2.03,1.89,1.9,1.82,24,-0.5,2.02,1.95,1.93,1.89
2,1,0,1,2.3,3.25,3.0,2.4,3.15,2.75,2.35,3.2,2.9,2.3,3.1,2.8,2.37,3.2,2.6,2.37,3.1,2.62,2.25,3.2,2.75,45,2.5,2.33,3.3,3.18,3.1,2.82,33,1.9,1.77,2.1,1.94,24,-0.25,2.1,2.04,1.86,1.82
2,3,1,1,1.61,3.6,5.5,1.55,3.5,5.9,1.6,3.5,5.75,1.65,3.5,4.5,1.61,3.25,5.0,1.66,3.1,5.0,1.6,3.3,5.0,45,1.7,1.63,3.6,3.42,5.75,5.24,33,1.96,1.86,1.96,1.85,23,-0.75,2.0,1.93,2.0,1.92
2,2,0,1,1.8,3.4,4.33,1.8,3.4,4.95,1.9,3.2,4.25,1.9,3.2,3.6,1.72,3.2,4.33,1.72,3.1,4.5,1.7,3.25,4.5,42,2.02,1.83,3.4,3.27,4.6,4.17,36,2.0,1.87,1.92,1.84,25,-0.5,2.06,1.96,2.02,1.89
2,0,0,0,2.5,3.2,2.75,2.75,3.2,2.65,2.6,3.2,2.6,2.5,3.2,2.5,2.5,3.2,2.5,2.5,2.9,2.62,2.5,3.1,2.5,44,2.65,2.54,3.3,3.17,2.75,2.6,39,2.0,1.87,1.95,1.86,26,0.0,1.99,1.9,1.98,1.89
0,2,0,1,2.1,3.4,3.25,2.15,3.25,3.6,2.15,3.2,3.3,2.1,3.1,3.2,2.0,3.2,3.2,1.95,3.1,3.5,2.1,3.1,3.2,43,2.2,2.1,3.4,3.21,3.5,3.26,38,1.9,1.8,2.06,1.92,26,-0.25,1.9,1.86,2.04,2.0
1,1,1,1,3.0,3.25,2.3,3.15,3.15,2.4,2.9,3.25,2.35,2.7,3.1,2.4,2.8,3.2,2.2,2.75,3.1,2.3,2.65,3.2,2.3,44,3.1,2.88,3.4,3.21,2.4,2.3,39,1.98,1.86,1.94,1.86,26,0.25,1.82,1.77,2.14,2.09
1,0,0,0,2.0,3.2,3.75,1.9,3.4,4.35,1.95,3.2,4.0,1.85,3.2,3.8,1.8,3.3,3.75,1.9,3.1,3.6,1.9,3.25,3.6,44,2.05,1.93,3.3,3.22,4.2,3.78,39,2.1,1.93,1.87,1.79,26,-0.5,2.11,2.06,1.86,1.8
3,1,1,0,2.25,3.3,3.0,2.25,3.25,3.35,2.25,3.2,3.1,2.3,3.1,2.8,2.25,3.2,2.75,2.2,3.0,3.0,2.1,3.2,3.0,44,2.3,2.2,3.3,3.19,3.75,3.06,39,2.14,1.99,1.83,1.74,27,-0.25,1.91,1.88,2.05,1.99
0,0,0,0,1.61,3.6,5.5,1.6,3.8,6.05,1.65,3.5,5.25,1.65,3.5,4.5,1.53,3.5,5.5,1.57,3.3,5.5,1.55,3.5,5.0,43,1.7,1.61,3.6,3.5,6.4,5.28,38,1.94,1.8,2.07,1.93,25,-0.75,1.9,1.84,2.06,2.01
1,1,1,0,2.05,3.25,3.6,1.95,3.4,4.1,2.05,3.25,3.5,1.9,3.2,3.6,1.9,3.2,3.5,1.9,3.1,3.6,1.9,3.25,3.5,42,2.2,1.99,3.35,3.25,4.4,3.53,38,1.75,1.65,2.22,2.09,26,-0.25,1.86,1.83,2.11,2.04
0,0,0,0,2.0,3.4,3.5,2.1,3.25,3.75,2.05,3.25,3.5,2.0,3.2,3.3,1.9,3.2,3.5,2.0,3.0,3.4,2.0,3.2,3.25,42,2.15,2.02,3.45,3.26,3.75,3.42,39,1.92,1.8,2.01,1.93,28,-0.25,1.86,1.8,2.1,2.06
0,1,0,0,1.66,3.6,5.25,1.6,3.5,5.25,1.7,3.4,5.25,1.7,3.4,4.3,1.66,3.4,4.33,1.61,3.1,5.5,1.6,3.25,5.0,44,1.7,1.64,3.6,3.46,5.95,5.2,40,1.98,1.8,2.03,1.93,28,-0.75,1.99,1.93,1.98,1.93
2,0,0,0,2.1,3.25,3.4,2.1,3.25,3.15,2.1,3.25,3.4,1.9,3.2,3.6,2.0,3.2,3.2,1.95,3.1,3.5,1.9,3.2,3.5,44,2.2,2.07,3.3,3.22,3.6,3.33,37,1.92,1.81,2.05,1.92,27,-0.25,1.94,1.85,2.06,2.01
0,0,0,0,2.25,3.2,3.1,2.2,3.0,3.2,2.2,3.1,3.35,2.2,3.1,3.0,2.2,3.2,2.8,2.2,3.0,3.0,2.2,3.0,3.0,43,2.38,2.23,3.3,3.18,3.43,3.04,37,2.1,1.95,1.89,1.77,27,-0.25,1.94,1.88,2.03,1.98
1,0,0,0,5.0,3.6,1.66,5.1,3.35,1.65,5.0,3.4,1.7,4.2,3.3,1.75,4.33,3.4,1.66,4.8,3.2,1.66,4.5,3.25,1.65,44,5.65,4.91,3.6,3.42,1.75,1.68,37,1.9,1.77,2.1,1.98,27,0.75,1.99,1.93,1.97,1.93
0,0,0,0,2.37,3.2,2.9,2.4,3.2,2.7,2.4,3.2,2.8,2.5,3.1,2.6,2.37,3.2,2.6,2.37,3.0,2.7,2.35,3.0,2.75,43,2.55,2.37,3.25,3.16,3.3,2.81,36,2.11,1.95,1.88,1.78,26,0.0,1.8,1.68,2.25,2.1
1,0,0,0,1.9,3.25,4.0,1.95,3.2,3.65,1.95,3.25,3.8,1.9,3.2,3.6,1.9,3.2,3.5,1.9,3.1,3.6,1.9,3.2,3.5,42,2.0,1.94,3.35,3.24,4.33,3.7,36,2.12,1.91,1.87,1.81,26,-0.5,2.02,1.64,2.3,2.16
3,1,2,0,1.95,3.3,3.8,1.85,3.25,3.95,1.9,3.25,4.0,1.9,3.2,3.6,1.8,3.3,3.75,1.9,3.1,3.6,1.85,3.1,3.8,41,2.05,1.9,3.35,3.25,4.33,3.86,36,2.1,1.92,1.91,1.8,26,-0.5,2.07,2.0,1.9,1.89
1,0,0,0,1.66,3.6,5.0,1.65,3.5,4.8,1.65,3.5,5.25,1.65,3.5,4.5,1.61,3.5,4.5,1.57,3.3,5.5,1.65,3.25,4.5,43,1.75,1.66,3.6,3.44,5.8,4.98,37,1.79,1.69,2.17,2.04,26,-0.75,2.02,1.98,1.96,1.89
2,0,0,0,1.36,4.5,8.0,1.45,4.3,5.6,1.42,4.2,7.5,1.4,4.0,6.5,1.44,3.5,7.0,1.4,3.6,7.5,1.4,4.0,6.5,43,1.45,1.4,4.5,4.11,8.5,7.41,36,1.62,1.57,2.55,2.21,25,-1.25,1.95,1.95,1.91,1.83
1,0,0,0,2.5,3.2,2.75,2.6,3.05,2.6,2.6,3.2,2.65,2.5,3.1,2.6,2.37,3.2,2.6,2.37,3.0,2.7,2.35,3.1,2.65,42,2.75,2.51,3.25,3.16,2.88,2.66,38,2.22,2.04,1.76,1.68,29,0.0,2.02,1.87,2.02,1.88
2,0,1,0,2.0,3.25,3.75,1.85,3.35,3.85,1.95,3.3,3.8,1.8,3.2,4.0,1.9,3.2,3.5,1.9,3.1,3.6,1.8,3.25,3.75,44,2.05,1.94,3.33,3.24,4.1,3.73,40,2.06,1.92,1.89,1.81,27,-0.5,2.11,2.03,1.85,1.8
0,0,0,0,5.0,3.4,1.72,4.45,3.3,1.75,4.25,3.4,1.8,4.0,3.2,1.8,4.33,3.2,1.72,4.33,3.2,1.72,4.2,3.25,1.75,43,5.45,4.46,3.5,3.35,1.85,1.74,38,1.67,1.61,2.25,2.16,26,0.75,1.91,1.86,2.04,2.0
1,3,0,2,2.5,3.2,2.75,2.5,3.2,2.6,2.5,3.2,2.75,2.55,3.1,2.55,2.37,3.2,2.6,2.5,2.9,2.62,2.4,3.1,2.6,43,2.62,2.49,3.3,3.18,2.8,2.66,37,1.94,1.82,2.01,1.9,27,0.0,1.88,1.83,2.05,1.96
1,1,0,1,2.1,3.25,3.4,2.0,3.15,3.55,2.1,3.25,3.4,2.2,3.1,3.0,2.1,3.2,3.0,2.15,3.0,3.1,2.1,3.0,3.2,42,2.2,2.09,3.29,3.2,3.7,3.3,36,2.08,1.96,1.85,1.78,27,-0.25,1.86,1.82,2.1,2.03
2,1,1,0,2.0,3.25,3.7,2.05,3.05,3.5,2.0,3.2,3.75,2.1,3.1,3.2,1.9,3.2,3.5,1.95,3.1,3.5,1.9,3.1,3.6,44,2.15,1.99,3.25,3.19,4.0,3.55,37,2.0,1.86,1.94,1.86,27,-0.25,1.86,1.82,2.1,2.05
3,1,1,0,1.61,3.5,6.0,1.55,3.5,6.0,1.6,3.6,5.75,1.6,3.6,4.8,1.53,3.5,5.5,1.57,3.3,5.5,1.55,3.5,5.0,42,1.67,1.59,3.75,3.52,6.25,5.56,38,1.89,1.77,2.1,1.96,26,-0.75,1.92,1.88,2.02,1.98
2,0,2,0,2.4,3.2,2.87,2.6,3.05,2.6,2.4,3.2,2.8,2.4,3.1,2.7,2.37,3.2,2.6,2.37,3.0,2.7,2.3,3.2,2.65,42,2.55,2.4,3.3,3.18,3.0,2.76,39,2.13,1.96,1.85,1.77,27,0.0,1.79,1.75,2.15,2.04
1,0,0,0,1.8,3.4,4.5,1.85,3.25,3.95,1.8,3.3,4.5,1.85,3.2,3.8,1.72,3.2,4.33,1.72,3.2,4.33,1.8,3.25,3.75,42,1.91,1.81,3.45,3.3,4.9,4.25,39,2.12,1.99,1.84,1.75,26,-0.5,1.91,1.85,2.05,1.98
1,4,0,1,2.62,3.25,2.6,2.4,3.2,2.7,2.5,3.2,2.75,2.3,3.2,2.7,2.2,3.25,2.75,2.3,3.2,2.62,2.6,3.1,2.4,40,2.65,2.5,3.3,3.19,2.8,2.64,31,1.93,1.82,2.0,1.9,24,0.0,2.04,1.89,1.95,1.89
1,3,0,0,1.85,3.4,4.0,1.9,3.15,3.9,1.85,3.3,4.25,1.9,3.2,3.6,1.9,3.2,3.5,1.9,3.1,3.6,1.8,3.1,4.35,40,1.92,1.85,3.4,3.23,4.9,4.09,31,2.05,1.93,1.91,1.81,24,-0.5,1.89,1.86,2.04,1.98
2,4,0,3,2.37,3.2,2.9,2.3,3.15,2.9,2.3,3.2,3.0,2.2,3.1,3.0,2.37,3.2,2.6,2.37,3.1,2.62,2.25,3.2,2.75,40,2.4,2.31,3.25,3.18,3.3,2.9,31,2.11,1.92,1.85,1.78,24,-0.25,2.03,2.0,1.91,1.85
1,2,1,0,4.0,3.4,1.85,4.15,3.3,1.8,4.25,3.3,1.85,3.8,3.2,1.85,3.5,3.2,1.9,3.5,3.2,1.9,3.4,3.25,1.9,40,4.9,3.98,3.4,3.25,2.0,1.88,31,2.03,1.88,1.95,1.85,23,0.5,1.95,1.91,1.99,1.92
1,1,0,1,1.72,3.5,4.75,1.6,3.5,5.3,1.72,3.5,4.75,1.75,3.3,4.2,1.66,3.4,4.33,1.72,3.2,4.33,1.65,3.4,4.35,40,1.75,1.7,3.55,3.41,5.8,4.73,31,1.95,1.85,2.01,1.88,23,-0.75,2.03,1.97,1.94,1.88
2,0,0,0,1.44,4.0,7.5,1.4,4.3,6.5,1.45,4.0,7.0,1.45,3.7,6.5,1.36,4.0,7.0,1.36,3.75,8.0,1.4,3.75,7.0,39,1.5,1.42,4.25,3.97,8.2,7.26,31,2.01,1.87,1.94,1.86,24,-1.25,2.07,2.04,1.87,1.81
3,2,1,1,2.1,3.25,3.4,2.0,3.15,3.55,2.0,3.25,3.75,2.0,3.1,3.4,1.9,3.2,3.5,1.9,3.2,3.5,2.0,3.25,3.25,40,2.15,2.0,3.3,3.19,3.85,3.53,31,2.09,1.9,1.9,1.8,24,-0.5,2.17,1.98,1.81,1.75
1,4,0,3,1.61,3.6,5.5,1.5,3.6,6.4,1.6,3.5,6.0,1.55,3.7,5.0,1.57,3.5,5.0,1.57,3.3,5.5,1.5,3.6,5.5,39,1.7,1.59,3.75,3.52,6.25,5.51,31,1.73,1.66,2.2,2.09,23,-0.75,1.98,1.9,1.98,1.96
1,0,0,0,1.53,3.8,6.0,1.5,3.6,6.4,1.55,3.6,6.5,1.5,3.8,5.5,1.57,3.5,5.0,1.5,3.4,6.0,1.5,3.6,6.0,39,1.6,1.54,3.8,3.58,7.0,6.06,31,1.67,1.61,2.35,2.15,23,-0.75,1.81,1.78,2.13,2.08
0,1,0,0,2.5,3.25,2.7,2.7,3.1,2.45,2.6,3.2,2.6,2.55,3.1,2.55,2.6,3.2,2.37,2.5,3.1,2.5,2.4,3.2,2.5,39,2.75,2.58,3.3,3.16,2.85,2.6,33,2.25,2.05,1.73,1.69,25,0.0,1.92,1.87,2.05,1.94
2,4,1,2,2.2,3.25,3.2,2.2,3.1,3.1,2.2,3.2,3.2,2.2,3.1,3.0,2.2,3.25,2.75,2.1,3.1,3.1,2.2,3.0,3.0,40,2.35,2.2,3.25,3.15,3.5,3.13,31,2.05,1.92,1.88,1.81,23,-0.25,1.98,1.92,2.0,1.94
1,3,1,0,2.3,3.25,3.0,2.3,3.15,2.9,2.3,3.2,3.0,2.2,3.1,3.0,2.25,3.2,2.75,2.15,3.1,3.0,2.1,3.2,3.0,41,2.4,2.26,3.25,3.17,3.3,2.99,31,1.98,1.87,1.96,1.86,23,-0.25,2.04,1.97,1.92,1.9
3,2,1,0,2.5,3.25,2.75,2.3,3.15,2.9,2.4,3.2,2.8,2.4,2.9,2.9,2.25,3.2,2.75,2.25,3.1,2.8,2.3,3.1,2.75,40,2.65,2.39,3.25,3.12,3.1,2.84,31,2.11,1.97,1.85,1.76,23,0.0,1.88,1.81,2.09,1.99
0,3,0,2,3.5,3.3,2.05,3.35,3.2,2.05,3.4,3.25,2.1,3.2,3.1,2.1,3.2,3.2,2.0,3.6,3.1,1.9,3.2,3.2,2.0,41,3.65,3.39,3.3,3.21,2.2,2.06,31,2.09,1.9,1.9,1.8,23,0.5,1.82,1.77,2.15,2.1
1,0,1,0,1.66,3.6,5.0,1.7,3.4,4.65,1.7,3.4,5.0,1.7,3.4,4.3,1.61,3.25,5.0,1.72,3.2,4.33,1.7,3.25,4.35,41,1.75,1.68,3.6,3.4,5.5,4.88,31,1.9,1.79,2.07,1.95,22,-0.75,2.06,2.01,1.92,1.86
2,1,1,0,1.66,3.6,5.0,1.55,3.5,5.9,1.62,3.5,5.75,1.65,3.5,4.5,1.57,3.5,5.0,1.57,3.3,5.5,1.55,3.5,5.0,40,1.7,1.61,3.75,3.49,6.25,5.34,31,1.96,1.84,2.0,1.89,22,-0.75,1.95,1.92,2.01,1.95
2,1,1,0,1.44,4.0,7.5,1.5,3.7,6.15,1.5,3.8,6.75,1.45,3.9,6.0,1.44,3.6,6.5,1.5,3.4,6.0,1.5,3.6,5.5,41,1.55,1.49,4.0,3.73,8.0,6.45,32,1.75,1.68,2.2,2.05,23,-1.0,1.97,1.9,2.01,1.93
0,2,0,2,3.0,3.25,2.3,3.25,3.15,2.1,3.1,3.2,2.25,3.0,3.1,2.2,3.0,3.2,2.1,2.87,3.1,2.2,2.8,3.25,2.2,39,3.45,3.06,3.3,3.2,2.3,2.2,31,1.84,1.76,2.11,1.94,23,0.25,1.89,1.83,2.08,2.03
3,1,0,1,1.25,5.5,10.0,1.3,4.6,8.8,1.3,4.75,10.0,1.3,4.4,8.5,1.29,4.33,9.0,1.28,4.5,8.0,1.3,4.35,8.5,44,1.33,1.28,5.85,4.84,11.5,9.33,36,1.6,1.53,2.51,2.33,25,-1.5,1.82,1.76,2.2,2.08
0,3,0,1,2.0,3.3,3.6,2.0,3.2,3.5,2.05,3.25,3.5,1.9,3.2,3.6,2.0,3.2,3.2,2.05,2.87,3.5,2.1,3.0,3.25,46,2.15,2.02,3.3,3.19,3.75,3.47,34,2.0,1.89,1.95,1.84,26,-0.25,1.81,1.79,2.15,2.08
0,1,0,0,2.15,3.3,3.25,2.1,3.1,3.3,2.15,3.2,3.2,2.0,3.2,3.3,2.0,3.2,3.2,2.05,3.1,3.2,2.0,3.2,3.25,46,2.3,2.1,3.3,3.2,3.6,3.26,34,2.01,1.89,1.95,1.84,26,-0.25,1.98,1.94,1.97,1.93
2,0,1,0,2.1,3.25,3.4,2.0,3.2,3.5,2.05,3.25,3.5,2.0,3.2,3.3,2.0,3.2,3.2,2.0,3.1,3.3,2.0,3.2,3.25,45,2.15,2.02,3.35,3.23,4.15,3.45,34,1.86,1.75,2.1,1.98,26,-0.25,1.85,1.8,2.16,2.07
2,0,0,0,1.33,4.5,9.5,1.35,4.3,8.0,1.35,4.25,10.0,1.37,4.1,7.0,1.36,4.0,7.0,1.36,3.75,8.0,1.35,3.5,10.0,46,1.4,1.35,4.8,4.22,10.4,8.49,34,1.89,1.78,2.06,1.91,25,-1.5,2.01,1.94,1.93,1.9
2,0,2,0,2.7,3.25,2.5,2.7,3.2,2.4,2.9,3.2,2.4,2.7,3.1,2.4,2.5,3.2,2.5,2.5,3.25,2.4,2.5,3.25,2.4,46,3.0,2.68,3.3,3.19,2.55,2.45,33,1.94,1.8,2.05,1.9,26,0.0,2.15,2.03,1.82,1.73
2,3,1,1,1.9,3.25,4.0,1.8,3.3,4.15,1.9,3.25,4.0,1.85,3.2,3.8,1.8,3.2,4.0,1.83,3.2,3.75,1.8,3.25,3.75,45,2.0,1.88,3.4,3.23,4.45,3.92,33,2.04,1.91,1.91,1.82,25,-0.5,2.07,1.99,1.89,1.85
2,2,1,1,1.66,3.6,5.0,1.65,3.45,4.9,1.7,3.4,5.0,1.6,3.6,4.8,1.62,3.5,4.5,1.61,3.3,5.0,1.6,3.5,4.6,45,1.75,1.67,3.6,3.42,5.75,4.91,33,2.1,1.92,1.9,1.78,25,-0.75,2.0,1.96,1.95,1.9
1,0,1,0,1.8,3.4,4.33,1.7,3.35,4.7,1.8,3.3,4.5,1.65,3.5,4.5,1.73,3.2,4.33,1.72,3.25,4.2,1.8,3.25,3.75,45,1.9,1.78,3.6,3.32,5.0,4.26,33,2.1,1.94,1.85,1.79,24,-0.5,1.92,1.85,2.08,2.0
2,1,2,1,4.2,3.5,1.8,3.9,3.3,1.85,4.25,3.3,1.83,3.6,3.2,1.9,4.0,3.2,1.8,3.4,3.25,1.9,4.35,3.3,1.73,50,5.0,4.23,3.5,3.28,1.91,1.8,37,1.96,1.87,1.96,1.86,27,0.5,2.12,2.03,1.85,1.81
0,4,0,1,2.4,3.25,2.8,2.55,3.2,2.55,2.4,3.25,2.8,2.4,3.1,2.7,2.37,3.2,2.6,2.4,3.1,2.6,2.25,3.2,2.75,48,2.5,2.38,3.4,3.22,3.05,2.75,39,1.82,1.73,2.15,2.02,29,0.0,1.79,1.73,2.18,2.01
1,2,1,0,1.5,3.75,7.0,1.5,3.7,6.15,1.55,3.6,6.25,1.6,3.6,4.8,1.5,3.4,6.0,1.53,3.5,5.5,1.5,3.5,6.0,48,1.6,1.52,3.85,3.63,7.0,6.05,39,1.95,1.84,1.98,1.89,29,-1.0,2.1,1.97,1.95,1.87
2,0,1,0,1.83,3.3,4.33,1.8,3.2,4.3,1.85,3.25,4.25,1.9,3.2,3.6,1.8,3.2,4.0,1.9,3.1,3.6,1.84,3.1,4.0,45,1.91,1.83,3.45,3.24,4.8,4.15,39,2.01,1.89,1.95,1.84,29,-0.5,1.92,1.87,2.04,1.97
1,2,0,1,2.1,3.25,3.4,2.15,3.25,3.05,2.15,3.25,3.25,2.2,3.1,3.0,2.1,3.2,3.0,2.2,3.2,2.8,2.2,3.2,2.8,48,2.2,2.12,3.4,3.22,3.5,3.2,38,2.01,1.88,1.95,1.86,30,-0.25,1.92,1.87,2.02,1.99
0,1,0,0,5.5,3.6,1.61,5.0,3.4,1.65,5.25,3.4,1.68,4.3,3.4,1.7,4.5,3.25,1.66,4.5,3.3,1.66,5.0,3.25,1.65,48,5.8,4.98,3.7,3.44,1.73,1.65,38,1.98,1.87,1.95,1.86,29,0.75,2.08,2.01,1.88,1.85
1,1,1,1,1.83,3.4,4.2,1.8,3.2,4.3,1.8,3.3,4.5,1.8,3.2,4.0,1.72,3.4,4.0,1.8,3.3,3.75,1.75,3.25,4.2,47,1.95,1.82,3.4,3.26,4.8,4.18,38,2.0,1.9,1.92,1.83,28,-0.5,2.03,1.91,2.05,1.93
3,2,1,0,4.75,3.5,1.72,4.6,3.4,1.7,4.75,3.4,1.72,4.0,3.2,1.8,4.33,3.2,1.72,4.33,3.3,1.7,4.5,3.3,1.65,46,5.25,4.54,3.7,3.42,1.85,1.72,36,1.75,1.66,2.2,2.08,25,0.75,1.95,1.92,2.02,1.94
2,1,1,1,2.8,3.25,2.4,2.55,3.2,2.55,2.85,3.2,2.4,2.6,3.1,2.5,2.5,3.25,2.4,2.5,3.1,2.5,2.65,3.1,2.35,48,3.0,2.71,3.3,3.19,2.65,2.42,38,1.88,1.79,2.1,1.91,26,0.0,2.17,1.95,1.8,1.73
2,0,1,0,1.85,3.4,4.2,1.85,3.25,4.0,1.9,3.3,4.0,1.9,3.2,3.6,1.8,3.25,3.75,1.83,3.0,4.0,1.8,3.2,4.0,46,1.94,1.85,3.4,3.25,4.4,4.03,35,2.0,1.87,1.95,1.86,29,-0.5,1.98,1.91,2.03,1.94
4,0,2,0,1.75,3.5,4.5,1.8,3.2,4.3,1.8,3.3,4.5,1.8,3.2,4.0,1.8,3.25,3.75,1.72,3.2,4.33,1.73,3.3,4.0,47,1.85,1.78,3.5,3.3,5.0,4.27,33,1.8,1.71,2.21,2.02,25,-0.75,2.07,2.02,1.87,1.84
0,3,0,0,1.83,3.4,4.2,1.81,3.2,4.25,1.85,3.2,4.5,1.85,3.1,4.0,1.72,3.4,4.0,1.8,3.1,4.0,1.75,3.25,4.0,47,1.91,1.82,3.4,3.24,4.7,4.22,33,1.98,1.87,1.95,1.85,26,-0.5,1.96,1.89,2.0,1.94
1,1,0,1,5.0,3.6,1.66,5.3,3.5,1.6,5.25,3.5,1.65,4.3,3.4,1.7,4.5,3.5,1.61,4.2,3.25,1.72,4.35,3.4,1.65,46,5.5,4.79,3.6,3.44,1.75,1.68,33,2.01,1.87,1.95,1.86,25,0.75,1.92,1.87,2.05,1.99
1,0,0,0,1.44,4.2,7.0,1.5,3.65,6.25,1.5,3.75,7.0,1.4,4.0,6.5,1.44,3.6,6.5,1.5,3.4,6.0,1.45,3.6,6.5,47,1.53,1.46,4.2,3.78,8.3,6.74,33,2.0,1.87,1.96,1.85,24,-1.25,2.05,2.01,1.92,1.84
2,0,1,0,1.33,4.75,9.0,1.4,4.15,7.0,1.4,4.25,7.5,1.3,4.4,8.5,1.33,4.0,8.0,1.33,4.0,8.0,1.35,4.0,7.0,47,1.4,1.36,4.75,4.28,9.85,7.68,33,1.75,1.7,2.15,2.03,26,-1.25,1.89,1.85,2.1,2.01
0,2,0,1,2.37,3.2,2.9,2.35,3.0,2.95,2.4,3.2,2.9,2.3,3.0,2.9,2.2,3.2,2.8,2.3,3.1,2.75,2.35,3.0,2.7,46,2.45,2.31,3.25,3.11,3.4,2.91,33,2.11,1.97,1.83,1.76,26,-0.25,2.1,2.05,1.86,1.81
1,4,0,1,3.0,3.4,2.2,3.05,3.25,2.15,3.1,3.25,2.2,2.7,3.2,2.3,3.0,3.4,2.0,2.87,3.1,2.2,2.9,3.25,2.1,46,3.3,3.03,3.5,3.27,2.3,2.16,33,1.69,1.62,2.35,2.14,26,0.25,1.98,1.91,2.02,1.95
1,2,1,1,1.7,3.6,4.75,1.6,3.65,5.0,1.65,3.5,5.25,1.65,3.5,4.5,1.61,3.5,4.5,1.72,3.2,4.33,1.6,3.25,5.0,45,1.75,1.67,3.6,3.44,5.25,4.84,32,1.74,1.67,2.2,2.07,25,-0.75,2.02,1.99,1.94,1.88
2,2,0,0,2.4,3.4,2.75,2.35,3.4,2.65,2.4,3.3,2.8,2.2,3.2,2.9,2.2,3.25,2.75,2.4,3.25,2.5,2.2,3.2,2.8,45,2.55,2.38,3.65,3.28,2.9,2.68,30,1.74,1.65,2.35,2.1,20,0.0,1.9,1.84,2.05,1.97
3,1,2,1,2.6,3.25,2.6,2.5,3.35,2.5,2.5,3.3,2.7,2.5,3.2,2.5,2.4,3.25,2.5,2.37,3.1,2.62,2.4,3.25,2.5,45,2.7,2.51,3.5,3.24,2.85,2.57,31,1.85,1.73,2.16,2.01,20,0.0,2.01,1.91,1.95,1.89
2,3,2,1,3.75,3.4,1.95,3.4,3.3,2.0,3.6,3.3,2.0,3.3,3.2,2.0,3.0,3.4,2.0,3.4,3.25,1.9,3.5,3.2,1.9,45,4.05,3.51,3.55,3.3,2.1,1.96,31,1.96,1.82,2.01,1.91,21,0.5,1.93,1.85,2.11,2.02
0,3,0,2,3.5,3.4,2.0,3.3,3.25,2.05,3.5,3.3,2.05,3.3,3.2,2.0,3.0,3.2,2.1,3.2,3.2,2.0,3.0,3.2,2.1,44,3.75,3.27,3.5,3.27,2.25,2.06,31,1.92,1.8,2.07,1.94,21,0.25,2.14,2.07,1.84,1.8
2,0,1,0,3.1,3.3,2.1,3.05,3.25,2.15,3.3,3.3,2.1,3.2,3.1,2.1,3.2,3.2,2.0,2.87,3.1,2.2,3.0,3.2,2.1,43,3.7,3.21,3.4,3.24,2.25,2.09,31,2.08,1.93,1.9,1.81,21,0.5,1.79,1.76,2.19,2.13
2,3,1,2,2.37,3.4,2.75,2.3,3.4,2.7,2.4,3.3,2.8,2.3,3.3,2.6,2.25,3.2,2.75,2.2,3.2,2.8,2.3,3.1,2.7,45,2.45,2.34,3.55,3.27,3.0,2.74,31,1.76,1.66,2.3,2.12,20,0.0,1.84,1.76,2.14,2.06
3,0,2,0,1.66,3.6,5.0,1.7,3.75,4.1,1.65,3.6,5.25,1.65,3.5,4.5,1.61,3.5,4.5,1.61,3.6,4.33,1.65,3.25,4.5,45,1.75,1.66,3.9,3.53,5.8,4.7,31,1.93,1.81,2.07,1.92,21,-0.75,2.05,1.99,1.94,1.88
0,2,0,2,2.1,3.25,3.4,2.1,3.2,3.2,2.05,3.3,3.5,2.1,3.2,3.1,2.0,3.2,3.2,1.9,3.25,3.4,2.0,3.2,3.2,45,2.15,2.04,3.5,3.26,3.7,3.34,31,1.92,1.82,2.1,1.92,21,-0.5,2.2,2.13,1.8,1.75
1,2,1,1,1.3,5.0,9.0,1.33,4.65,7.45,1.28,5.0,10.0,1.27,4.6,9.0,1.28,4.5,8.0,1.3,4.33,8.0,1.28,4.5,8.0,43,1.33,1.29,5.6,4.71,11.8,9.09,30,1.6,1.5,2.6,2.4,19,-1.5,1.87,1.83,2.1,2.04
5,2,3,0,1.36,4.5,8.0,1.3,4.6,8.75,1.33,4.5,8.5,1.33,4.2,8.0,1.33,4.33,7.0,1.33,4.2,7.5,1.3,4.5,8.0,45,1.4,1.34,4.8,4.38,9.65,7.98,32,1.55,1.47,2.67,2.45,20,-1.25,1.96,1.94,1.98,1.93
1,2,0,0,2.2,3.4,3.0,2.2,3.2,3.0,2.2,3.3,3.0,2.1,3.3,3.0,2.2,3.2,2.8,2.1,3.2,3.0,2.1,3.2,3.0,45,2.3,2.17,3.6,3.28,3.35,2.99,32,1.56,1.51,2.7,2.34,20,-0.25,1.97,1.93,1.99,1.94
4,0,2,0,1.57,3.8,5.5,1.6,3.65,5.0,1.6,3.6,5.25,1.55,3.7,5.0,1.57,3.5,5.0,1.5,3.6,5.5,1.53,3.6,5.5,45,1.65,1.56,3.9,3.63,6.25,5.37,32,1.6,1.52,2.5,2.32,20,-0.75,1.86,1.83,2.1,2.05
0,3,0,0,1.9,3.4,3.8,1.85,3.3,3.9,1.85,3.3,4.0,1.8,3.2,4.0,1.8,3.25,3.75,1.72,3.25,4.2,1.85,3.2,3.75,45,2.0,1.87,3.5,3.29,4.55,3.82,32,1.75,1.64,2.35,2.12,19,-0.5,2.08,2.01,1.93,1.86
2,1,1,0,2.4,3.3,2.8,2.45,3.25,2.6,2.4,3.25,2.75,2.45,3.3,2.45,2.2,3.25,2.75,2.5,3.25,2.4,2.25,3.2,2.75,44,2.75,2.37,3.55,3.24,2.9,2.69,32,1.65,1.56,2.5,2.24,20,-0.25,2.19,2.1,1.83,1.78
0,2,0,1,2.5,3.4,2.62,2.65,3.35,2.35,2.6,3.25,2.5,2.5,3.2,2.5,2.5,3.25,2.4,2.5,3.25,2.4,2.4,3.25,2.5,43,2.8,2.55,3.5,3.26,2.63,2.49,31,1.7,1.55,2.5,2.24,19,0.0,1.96,1.89,2.02,1.91
2,1,2,0,1.22,6.0,11.0,1.2,6.5,8.85,1.25,5.5,9.5,1.22,5.0,10.0,1.2,5.5,9.0,1.28,5.0,7.0,1.2,5.5,9.5,45,1.25,1.23,6.25,5.43,13.1,9.79,31,1.5,1.44,2.81,2.53,20,-1.75,2.03,1.99,1.93,1.89
2,1,1,1,1.14,7.5,15.0,1.18,7.0,9.5,1.17,6.5,12.0,1.15,5.0,15.0,1.17,5.5,12.0,1.16,5.5,12.0,1.17,5.5,12.0,44,1.2,1.16,7.5,6.23,18.0,12.75,31,1.55,1.45,2.9,2.5,20,-1.75,1.84,1.8,2.12,2.08
0,2,0,0,3.6,3.6,1.9,3.4,3.4,1.95,3.6,3.3,1.95,3.2,3.3,2.0,3.2,3.2,2.0,3.25,3.3,1.95,3.5,3.25,1.9,45,3.8,3.48,3.75,3.3,2.1,1.96,32,1.55,1.48,2.7,2.43,20,0.5,1.92,1.88,2.01,1.97
