FTHG,FTAG,HTHG,HTAG,B365H,B365D,B365A,BWH,BWD,BWA,GBH,GBD,GBA,IWH,IWD,IWA,LBH,LBD,LBA,SBH,SBD,SBA,WHH,WHD,WHA,SJH,SJD,SJA,VCH,VCD,VCA,Bb1X2,BbMxH,BbAvH,BbMxD,BbAvD,BbMxA,BbAvA,BbOU,BbMx>2.5,BbAv>2.5,BbMx<2.5,BbAv<2.5,BbAH,BbAHh,BbMxAHH,BbAvAHH,BbMxAHA,BbAvAHA
0,0,0,0,7.0,3.75,1.5,7.0,3.7,1.45,7.0,3.7,1.5,5.4,3.5,1.5,6.5,3.6,1.44,7.0,3.75,1.5,6.0,3.4,1.5,6.5,3.6,1.5,6.5,3.75,1.45,66,8.31,6.83,4.35,3.7,1.55,1.45,43,1.94,1.78,2.05,1.92,21,1.25,1.92,1.84,2.1,2.02
3,0,0,0,2.0,3.25,3.25,1.95,3.15,3.65,1.95,3.25,3.85,1.9,3.0,3.6,1.91,3.2,3.5,1.91,3.3,3.6,1.9,3.0,3.75,1.91,3.2,3.75,,,,66,2.05,1.92,3.3,3.19,4.25,3.67,39,1.95,1.85,2.0,1.84,20,-0.5,2.04,1.96,1.95,1.87
1,0,0,0,2.0,3.25,3.25,1.75,3.3,4.4,1.95,3.25,3.85,1.9,3.0,3.6,1.91,3.2,3.5,1.91,3.25,4.0,1.95,3.1,3.5,2.0,3.2,3.5,1.85,3.25,3.75,65,2.1,1.94,3.4,3.19,4.2,3.63,42,2.13,1.99,1.85,1.72,23,-0.5,2.1,2.04,1.85,1.81
0,0,0,0,1.72,3.4,4.0,1.65,3.4,4.9,1.7,3.3,5.25,1.7,3.1,4.4,1.67,3.25,4.5,1.67,3.4,4.75,1.7,3.2,4.5,1.67,3.3,5.0,1.65,3.4,4.5,59,1.75,1.66,3.6,3.34,6.11,4.89,37,2.12,1.97,1.82,1.74,18,-0.75,1.92,1.88,2.05,1.98
1,2,0,1,7.5,4.0,1.44,8.0,4.25,1.35,7.5,3.9,1.45,5.4,3.5,1.5,6.5,4.0,1.4,7.0,3.75,1.5,6.5,3.6,1.44,7.0,3.75,1.44,6.5,3.6,1.45,65,8.8,7.0,4.2,3.77,1.55,1.43,40,1.88,1.7,2.15,1.98,20,1.25,1.92,1.85,2.08,2.0
2,0,1,0,2.1,3.25,3.0,2.1,3.1,3.3,2.1,3.2,3.4,2.1,2.9,3.2,2.1,3.2,3.0,2.1,3.2,3.2,2.15,3.1,3.0,2.0,3.2,3.5,2.0,3.2,3.25,63,2.2,2.06,3.35,3.17,3.9,3.34,40,2.2,2.02,1.75,1.67,19,-0.25,1.9,1.87,2.07,1.98
0,2,0,0,1.61,3.4,5.0,1.65,3.5,4.75,1.63,3.5,5.5,1.7,3.1,4.4,1.67,3.2,5.0,1.67,3.4,4.75,1.66,3.3,4.5,1.62,3.4,5.25,1.6,3.3,5.0,63,1.7,1.64,3.7,3.4,6.19,5.04,40,2.13,1.96,1.85,1.74,18,-0.75,1.95,1.9,2.0,1.96
0,1,0,1,2.7,3.2,2.3,2.65,3.1,2.5,2.7,3.2,2.5,2.3,3.0,2.7,2.6,3.2,2.38,2.62,3.1,2.5,2.37,3.1,2.62,2.55,3.15,2.55,2.5,3.1,2.5,64,2.8,2.56,3.35,3.14,2.8,2.53,40,2.01,1.88,1.95,1.81,20,0.0,1.93,1.86,2.03,1.98
2,1,1,0,2.7,3.2,2.3,2.7,3.15,2.4,2.75,3.2,2.45,2.5,3.0,2.5,2.75,3.2,2.25,2.8,3.2,2.3,2.75,3.2,2.25,2.88,3.0,2.38,2.9,3.0,2.25,61,3.2,2.83,3.4,3.18,2.5,2.3,39,2.13,1.95,1.9,1.75,18,0.25,1.95,1.91,1.99,1.94
1,0,1,0,1.66,3.4,4.5,1.65,3.5,4.7,1.63,3.5,5.5,1.6,3.3,4.8,1.67,3.2,5.0,1.67,3.3,5.0,1.57,3.3,5.5,1.62,3.4,5.25,1.6,3.3,5.0,63,1.67,1.6,3.79,3.43,7.35,5.41,40,2.1,1.94,1.85,1.74,18,-0.75,1.85,1.77,2.19,2.1
1,0,0,0,1.66,3.4,4.5,1.65,3.35,5.0,1.67,3.45,5.25,1.75,3.2,4.0,1.67,3.25,4.5,1.62,3.4,5.5,1.61,3.3,5.0,1.62,3.3,5.5,1.65,3.3,4.6,60,1.75,1.64,3.6,3.36,6.0,4.95,36,2.0,1.91,1.93,1.8,21,-0.75,1.98,1.93,2.0,1.93
1,0,0,0,2.0,3.25,3.25,2.15,3.1,3.2,2.15,3.25,3.25,2.0,3.1,3.2,2.0,3.2,3.2,2.25,3.2,3.1,2.0,3.1,3.3,2.1,3.2,3.2,1.9,3.2,3.6,58,2.3,2.1,3.3,3.15,3.85,3.17,34,2.2,2.05,1.73,1.67,22,-0.25,2.0,1.94,2.0,1.92
2,3,2,2,1.25,5.0,9.0,1.2,5.5,11.5,1.25,5.3,11.0,1.25,4.5,9.0,1.2,5.0,11.0,1.22,5.75,11.0,1.2,5.0,11.0,1.25,5.0,10.0,1.25,4.5,10.0,62,1.28,1.23,5.75,5.04,14.0,10.48,36,1.71,1.58,2.35,2.19,21,-1.5,1.96,1.88,2.05,1.95
2,0,2,0,1.2,5.0,12.0,1.2,5.5,11.5,1.2,5.5,13.0,1.25,4.5,9.0,1.17,5.5,12.0,1.2,6.0,12.0,1.2,5.0,11.0,1.2,6.0,11.0,1.18,5.5,11.0,60,1.25,1.2,6.5,5.4,17.0,11.71,33,1.65,1.57,2.4,2.19,19,-1.75,1.91,1.87,2.02,1.99
1,1,1,1,2.3,3.2,2.7,2.4,3.15,2.7,2.38,3.2,2.85,2.3,3.0,2.7,2.25,3.2,2.75,2.38,3.1,2.8,2.25,3.1,2.8,2.38,3.1,2.8,2.3,3.1,2.75,57,2.85,2.34,3.4,3.13,3.03,2.8,34,2.2,2.03,1.75,1.66,19,0.0,1.8,1.75,2.2,2.1
1,2,0,0,2.1,3.25,3.0,2.2,3.05,3.15,2.15,3.25,3.25,2.2,3.0,2.9,2.0,3.2,3.2,2.2,3.2,3.0,2.0,3.2,3.2,2.1,3.2,3.2,2.2,3.1,2.9,58,2.25,2.14,3.35,3.15,3.65,3.09,34,2.2,2.02,1.75,1.67,19,-0.25,1.95,1.91,2.02,1.95
0,1,0,0,1.9,3.25,3.5,1.9,3.1,3.95,1.9,3.3,4.0,1.9,3.1,3.5,1.73,3.2,4.33,1.91,3.2,3.8,1.83,3.2,3.75,1.91,3.2,3.75,1.84,3.2,3.75,55,2.1,1.89,3.4,3.22,4.33,3.8,32,2.2,2.02,1.75,1.68,19,-0.5,2.09,2.03,1.87,1.83
2,1,2,0,1.9,3.25,3.5,1.8,3.25,4.2,1.85,3.3,4.25,1.8,3.1,3.8,1.8,3.2,4.0,1.83,3.3,4.0,1.9,3.1,3.6,1.83,3.25,4.0,1.84,3.25,3.75,58,1.95,1.83,3.37,3.23,4.55,3.96,33,2.14,1.98,1.75,1.7,18,-0.5,1.98,1.94,1.95,1.91
1,1,0,1,1.8,3.25,4.0,1.85,3.2,4.0,1.9,3.3,4.0,1.8,3.1,3.8,1.83,3.2,3.75,1.91,3.25,3.75,1.9,3.2,3.5,1.91,3.2,3.75,1.84,3.25,3.75,60,2.0,1.87,3.4,3.21,4.3,3.78,32,2.12,2.01,1.75,1.68,19,-0.5,2.01,1.98,1.93,1.86
2,2,2,1,2.5,3.2,2.5,2.5,3.15,2.6,2.6,3.15,2.65,2.5,3.0,2.5,2.6,3.2,2.38,2.6,3.2,2.62,2.4,3.1,2.6,2.5,3.25,2.5,2.6,3.0,2.5,59,2.9,2.59,3.3,3.11,2.65,2.51,32,2.25,2.07,1.72,1.63,20,0.0,2.06,1.97,1.9,1.85
5,2,1,2,2.3,3.2,3.0,2.3,3.1,2.9,2.25,3.25,3.0,2.2,3.0,2.9,2.38,3.2,2.6,2.3,3.2,3.0,2.15,3.1,3.0,2.25,3.2,2.88,2.25,3.2,2.8,61,2.35,2.23,3.35,3.16,3.15,2.92,37,2.1,2.01,1.8,1.7,21,-0.25,2.05,2.01,1.9,1.85
2,2,0,1,2.0,3.2,3.75,1.8,3.25,4.15,1.85,3.3,4.1,1.9,3.1,3.5,1.83,3.0,4.0,1.85,3.2,4.333,1.83,3.2,3.75,1.8,3.2,4.33,1.8,3.25,4.0,61,2.0,1.86,3.45,3.2,4.33,3.86,37,2.2,2.04,1.75,1.67,21,-0.5,2.0,1.96,1.96,1.9
3,4,2,3,2.2,3.25,3.2,2.1,3.1,3.3,2.15,3.25,3.2,2.1,3.0,3.1,2.1,3.2,3.0,2.2,3.1,3.1,2.0,3.1,3.3,2.2,3.0,3.2,2.1,3.2,3.0,51,2.4,2.16,3.45,3.17,3.5,3.1,34,2.2,2.07,1.7,1.65,17,-0.25,2.0,1.96,1.95,1.9
1,2,0,0,1.72,3.3,5.0,1.7,3.35,4.65,1.7,3.4,5.0,1.75,3.2,4.0,1.62,3.25,5.0,1.666,3.4,4.8,1.66,3.3,4.5,1.73,3.3,4.5,1.73,3.4,4.0,53,1.77,1.7,3.6,3.33,6.2,4.66,35,2.1,1.96,1.85,1.73,16,-0.75,2.03,2.01,1.9,1.86
2,1,1,1,3.75,3.2,2.0,3.65,3.15,1.95,3.6,3.25,2.0,3.2,3.1,2.0,4.33,3.2,1.73,3.75,3.2,2.0,3.1,3.1,2.1,3.4,3.25,2.0,3.6,3.4,1.84,55,4.0,3.45,3.4,3.2,2.15,1.98,34,2.1,1.95,1.84,1.77,19,0.5,1.86,1.82,2.1,2.04
0,0,0,0,1.8,3.3,4.5,1.7,3.25,4.85,1.75,3.35,4.75,1.75,3.2,4.0,1.73,3.2,4.33,1.7,3.3,4.8,1.72,3.2,4.33,1.8,3.4,4.0,1.75,3.2,4.5,53,1.87,1.74,3.6,3.29,6.2,4.45,35,2.1,1.99,1.85,1.71,16,-0.75,2.2,2.13,1.8,1.75
1,1,1,1,3.0,3.2,2.3,3.5,3.15,2.0,3.2,3.1,2.25,2.6,3.0,2.4,2.8,3.2,2.2,3.1,3.1,2.2,2.75,3.1,2.3,3.0,3.2,2.2,2.8,3.2,2.2,52,3.85,2.93,3.4,3.17,2.4,2.24,33,2.15,1.99,1.8,1.71,17,0.25,1.95,1.9,1.99,1.96
0,1,0,0,1.8,3.4,4.5,1.8,3.25,4.15,1.75,3.4,4.5,1.85,3.1,3.6,1.62,3.25,5.0,1.7269999999999999,3.4,4.333,1.72,3.2,4.33,1.73,3.4,4.33,1.7,3.25,4.5,53,1.85,1.72,3.5,3.33,5.75,4.55,35,2.15,2.0,1.8,1.7,17,-0.5,1.84,1.77,2.15,2.09
1,0,0,0,4.0,3.3,1.9,4.15,3.2,1.8,4.25,3.25,1.85,3.5,3.1,1.9,3.75,3.25,1.8,4.0,3.4,1.85,3.75,3.3,1.8,3.75,3.2,1.91,3.6,3.4,1.84,58,7.5,3.9,3.8,3.27,2.0,1.85,36,1.89,1.78,2.05,1.94,19,0.5,2.0,1.93,1.96,1.92
1,0,0,0,2.5,3.2,2.75,2.7,3.0,2.5,2.6,3.2,2.6,2.4,3.0,2.6,2.5,3.2,2.5,2.625,3.1,2.5,2.37,3.1,2.62,2.25,3.2,2.88,2.4,3.25,2.5,55,2.63,2.48,3.35,3.15,3.0,2.61,35,2.15,2.02,1.75,1.68,19,0.0,1.84,1.8,2.1,2.02
2,2,1,0,1.57,3.6,6.0,1.5,3.6,6.25,1.57,3.6,6.0,1.55,3.5,4.8,1.53,3.5,5.5,1.5,3.8,6.5,1.61,3.3,5.0,1.53,3.6,6.0,1.5,3.5,6.0,68,1.65,1.55,3.8,3.49,6.7,5.73,40,2.02,1.86,1.95,1.86,21,-0.75,1.87,1.84,2.08,2.04
1,1,1,0,1.9,3.25,4.0,1.8,3.4,3.95,1.83,3.25,4.33,1.9,3.1,3.5,1.8,3.25,3.75,1.83,3.25,4.0,1.9,3.25,3.4,1.83,3.25,4.0,1.85,3.25,3.75,64,2.0,1.87,3.4,3.21,4.5,3.87,39,2.05,1.93,1.88,1.78,20,-0.5,2.0,1.96,1.95,1.9
1,1,1,1,2.0,3.3,3.5,2.0,3.15,3.5,2.0,3.25,3.56,2.0,3.1,3.2,2.1,3.0,3.2,2.2,3.0,3.2,1.95,3.1,3.5,2.0,3.2,3.5,2.0,3.1,3.4,64,2.1,2.0,3.4,3.15,3.85,3.44,39,2.15,2.01,1.78,1.7,20,-0.25,1.87,1.83,2.1,2.05
0,0,0,0,1.83,3.3,4.33,2.0,3.15,3.5,1.83,3.25,4.33,1.9,3.1,3.5,1.91,3.2,3.5,1.91,3.2,3.75,1.72,3.3,4.2,1.83,3.25,4.0,1.85,3.25,3.75,64,2.0,1.86,3.4,3.21,4.6,3.91,39,2.15,2.02,1.86,1.69,20,-0.5,1.95,1.9,2.0,1.95
1,0,0,0,2.3,3.25,2.87,2.4,3.05,2.8,2.35,3.1,2.95,2.4,3.0,2.6,2.38,3.2,2.6,2.38,3.1,2.8,2.3,3.2,2.62,2.38,3.2,2.75,2.4,3.1,2.6,66,2.53,2.36,3.3,3.13,3.05,2.74,39,2.15,2.03,1.78,1.68,20,-0.25,2.11,2.08,1.85,1.8
0,0,0,0,1.57,3.6,6.0,1.55,3.5,5.75,1.55,3.6,6.15,1.6,3.4,4.6,1.5,3.4,6.0,1.53,3.5,6.0,1.5,3.4,6.0,1.53,3.4,6.5,1.55,3.3,5.5,64,1.72,1.58,3.6,3.43,6.5,5.54,38,2.2,2.02,1.75,1.7,18,-0.75,2.06,2.01,1.9,1.87
3,2,0,2,2.37,3.2,2.8,2.7,3.0,2.5,2.45,3.1,2.8,2.5,3.0,2.5,2.25,3.2,2.75,2.5,3.1,2.62,2.25,3.2,2.75,2.4,3.2,2.7,2.4,3.2,2.65,64,2.6,2.43,3.3,3.13,2.95,2.65,38,2.1,1.98,1.9,1.73,19,0.0,1.9,1.84,2.05,1.99
1,2,0,1,1.66,3.6,5.0,1.7,3.3,4.75,1.66,3.3,5.5,1.75,3.2,4.0,1.73,3.2,4.33,1.67,3.4,4.75,1.66,3.3,4.5,1.62,3.5,5.0,1.65,3.25,5.0,66,1.75,1.66,3.75,3.37,5.8,4.83,39,1.97,1.89,1.95,1.82,18,-0.75,1.9,1.85,2.11,2.02
3,1,0,0,1.8,3.25,4.33,1.8,3.2,4.25,1.75,3.25,5.0,1.9,3.1,3.5,1.91,3.2,3.5,1.91,3.2,3.75,1.72,3.25,4.2,1.8,3.2,4.33,1.85,3.2,3.75,65,1.9,1.81,3.4,3.23,5.15,4.1,39,2.15,2.01,1.8,1.7,19,-0.5,1.93,1.87,2.03,1.98
3,1,0,1,1.44,4.0,7.5,1.4,4.0,7.5,1.4,4.0,8.0,1.5,3.7,5.0,1.4,3.75,7.0,1.4,4.33,7.5,1.4,3.75,7.0,1.4,4.0,7.5,1.4,3.75,7.0,64,1.5,1.41,4.33,3.9,8.75,7.07,34,1.8,1.71,2.13,1.99,16,-1.25,2.15,2.11,1.8,1.76
0,1,0,0,1.66,3.4,5.5,1.65,3.35,5.0,1.66,3.5,5.25,1.75,3.2,4.0,1.67,3.2,5.0,1.62,3.5,5.0,1.61,3.3,5.0,1.67,3.3,5.0,1.7,3.25,4.5,60,1.75,1.64,3.55,3.38,6.5,5.04,39,2.15,2.02,1.8,1.71,19,-0.75,1.9,1.87,2.04,2.01
1,4,1,1,3.4,3.25,2.1,3.65,3.15,1.95,3.35,3.25,2.1,3.1,3.0,2.1,3.0,3.2,2.1,3.6,3.3,2.0,3.0,3.2,2.1,3.2,3.2,2.1,3.25,3.2,2.0,62,3.6,3.19,3.4,3.2,2.4,2.08,41,2.08,1.92,1.9,1.8,22,0.25,1.9,1.88,2.04,1.99
1,2,0,1,2.3,3.2,3.0,2.4,3.0,2.85,2.3,3.2,3.0,2.3,3.0,2.7,2.2,3.2,2.8,2.38,3.2,2.75,2.25,3.2,2.75,2.3,3.0,3.0,2.1,3.2,3.0,61,2.45,2.29,3.3,3.15,3.2,2.86,40,2.3,2.09,1.74,1.65,22,-0.25,2.19,2.1,1.82,1.78
2,1,1,0,1.5,3.75,7.0,1.55,3.5,5.85,1.53,3.5,7.0,1.55,3.5,4.8,1.5,3.4,6.0,1.53,3.5,6.0,1.44,3.5,7.0,1.5,3.6,6.5,1.5,3.5,6.5,63,1.55,1.48,4.0,3.55,8.5,6.55,40,1.9,1.79,2.07,1.93,23,-1.0,1.93,1.88,2.06,1.94
1,1,1,1,2.4,3.25,2.8,2.35,3.05,2.9,2.38,3.2,2.9,2.4,3.0,2.6,2.5,3.2,2.5,2.38,3.2,2.75,2.3,3.2,2.62,2.3,3.0,3.0,2.4,3.2,2.6,62,2.53,2.36,3.3,3.13,3.15,2.77,39,2.1,1.97,1.84,1.74,22,-0.25,2.09,2.06,1.88,1.82
0,3,0,0,6.0,3.4,1.61,6.0,3.45,1.55,5.85,3.5,1.6,4.4,3.3,1.65,6.0,3.4,1.5,5.5,3.6,1.62,5.0,3.3,1.61,5.0,3.5,1.62,4.5,3.4,1.65,63,6.5,5.12,3.7,3.42,1.7,1.61,40,1.9,1.78,2.03,1.94,20,0.75,2.05,2.02,1.91,1.85
0,0,0,0,1.72,3.3,5.0,1.65,3.35,5.0,1.7,3.4,5.0,1.75,3.2,4.0,1.67,3.25,4.5,1.67,3.5,4.75,1.7,3.3,4.33,1.73,3.3,4.5,1.75,3.4,4.0,60,1.8,1.7,3.55,3.34,5.5,4.65,40,2.1,1.96,1.9,1.76,20,-0.5,1.82,1.78,2.16,2.09
2,1,2,0,2.2,3.2,3.25,2.4,3.0,2.85,2.2,3.2,3.2,2.2,3.0,2.9,2.2,3.2,2.8,2.3,3.2,3.0,2.25,3.1,2.8,2.25,3.0,3.1,2.1,3.2,3.0,62,2.5,2.24,3.25,3.13,3.3,2.94,42,2.3,2.1,1.75,1.64,22,-0.25,2.1,2.07,1.85,1.81
1,4,0,2,2.1,3.25,3.4,2.2,3.2,3.0,2.15,3.2,3.3,2.0,3.1,3.2,2.2,3.2,2.8,2.2,3.2,3.0,2.0,3.2,3.2,2.1,3.2,3.2,2.1,3.2,3.0,60,2.2,2.09,3.35,3.19,3.65,3.21,42,2.1,1.99,1.86,1.74,23,-0.25,1.9,1.86,2.06,2.01
2,0,1,0,1.9,3.25,4.0,1.8,3.25,4.15,1.83,3.25,4.4,1.8,3.1,3.8,1.67,3.25,4.5,1.83,3.25,4.0,1.8,3.25,3.8,1.91,3.2,3.75,1.85,3.2,3.75,60,2.0,1.86,3.3,3.21,4.4,3.91,41,2.4,2.14,1.7,1.62,21,-0.5,2.06,2.0,1.9,1.85
2,2,0,0,1.33,4.5,9.5,1.25,5.0,9.75,1.3,4.75,9.5,1.3,4.2,8.0,1.36,3.75,8.0,1.33,4.75,8.5,1.33,4.0,8.0,1.33,4.33,8.5,1.3,4.35,8.5,70,1.36,1.31,5.25,4.37,12.0,8.56,45,1.78,1.7,2.15,2.02,23,-1.5,2.05,2.0,1.9,1.83
2,1,1,1,2.6,3.2,2.62,2.6,3.0,2.6,2.7,3.2,2.5,2.7,3.0,2.5,2.6,3.2,2.38,2.8,3.1,2.5,2.62,3.1,2.37,2.8,3.25,2.3,2.6,3.2,2.4,69,3.0,2.71,3.35,3.11,2.62,2.4,44,2.2,2.04,1.75,1.68,23,0.0,2.09,2.01,1.89,1.82
1,1,1,1,2.5,3.2,2.75,2.5,3.15,2.6,2.55,3.2,2.65,2.5,3.0,2.5,2.62,2.88,2.5,2.5,3.1,2.62,2.4,3.1,2.6,2.5,3.2,2.6,2.5,3.1,2.5,68,2.72,2.49,3.35,3.11,2.95,2.59,39,2.21,2.05,1.76,1.68,21,0.0,1.91,1.83,2.08,2.01
0,1,0,1,1.66,3.4,5.5,1.6,3.6,5.0,1.67,3.4,5.25,1.6,3.4,4.6,1.67,3.2,5.0,1.67,3.3,5.0,1.66,3.3,4.5,1.67,3.3,5.0,1.55,3.5,5.0,69,1.72,1.63,3.55,3.36,6.0,5.01,42,2.22,2.01,1.81,1.72,20,-0.75,2.01,1.96,1.98,1.9
0,2,0,1,2.4,3.25,2.8,2.5,3.0,2.7,2.4,3.2,2.8,2.5,3.0,2.7,2.2,3.2,2.8,2.6,3.1,2.7,2.25,3.2,2.75,2.38,3.2,2.75,2.1,3.2,3.0,65,2.6,2.34,3.3,3.14,3.0,2.78,41,2.25,2.06,1.75,1.68,19,0.0,1.88,1.82,2.1,2.02
4,0,2,0,1.25,5.0,13.0,1.2,5.5,11.5,1.25,5.5,10.0,1.25,4.5,9.0,1.2,5.0,11.0,1.25,5.5,10.0,1.2,5.0,11.0,1.29,4.33,11.0,1.22,5.0,10.0,70,1.29,1.21,6.0,5.17,13.0,10.66,42,1.7,1.6,2.35,2.17,21,-1.5,1.86,1.81,2.1,2.03
1,2,0,1,1.9,3.25,4.0,1.95,3.15,3.65,1.91,3.2,4.0,1.85,3.1,3.6,1.73,3.2,4.33,1.91,3.2,3.75,1.83,3.2,3.75,2.0,3.2,3.5,1.84,3.25,3.75,66,2.1,1.89,3.3,3.18,4.5,3.8,42,2.33,2.12,1.7,1.63,19,-0.5,2.11,2.04,1.87,1.81
1,1,0,1,1.9,3.25,4.0,1.9,3.2,3.8,1.91,3.2,4.0,1.9,3.1,3.5,1.8,3.2,4.0,1.91,3.2,3.75,1.8,3.3,3.75,1.91,3.2,3.75,1.8,3.25,4.0,67,1.91,1.84,3.4,3.22,4.6,3.91,42,2.26,2.12,1.7,1.63,21,-0.5,1.88,1.83,2.1,2.02
1,1,0,1,2.5,3.2,2.75,2.45,3.0,2.8,2.4,3.2,2.8,2.3,3.0,2.7,2.2,3.25,2.75,2.4,3.1,2.75,2.05,3.2,3.1,2.25,3.25,2.88,2.2,3.2,2.8,67,2.45,2.28,3.4,3.16,3.2,2.83,42,2.12,1.94,1.87,1.78,20,-0.25,2.09,2.04,1.86,1.82
3,1,1,1,1.83,3.3,4.33,1.8,3.3,4.1,1.83,3.3,4.33,1.75,3.2,4.3,1.67,3.25,4.5,1.91,3.2,3.75,1.8,3.1,4.0,1.83,3.25,4.0,1.8,3.2,4.0,69,1.91,1.81,3.4,3.22,4.8,4.04,42,2.08,1.94,1.86,1.78,20,-0.5,1.92,1.87,2.08,1.98
1,1,1,1,2.62,3.2,2.37,2.85,3.0,2.4,2.85,3.15,2.4,2.8,3.0,2.4,2.6,3.2,2.38,2.8,3.1,2.38,2.62,3.1,2.37,2.88,3.2,2.25,2.6,3.1,2.35,66,2.95,2.69,3.25,3.12,2.76,2.44,45,2.1,1.94,1.86,1.78,24,0.0,2.0,1.93,1.99,1.9
0,3,0,1,3.0,3.25,2.1,3.25,3.25,2.05,3.25,3.2,2.15,3.3,3.1,2.1,3.2,3.0,2.1,3.3,3.3,2.1,3.0,3.1,2.15,3.2,3.2,2.1,3.0,3.2,2.1,65,3.5,3.15,3.3,3.16,2.25,2.12,44,1.9,1.76,2.05,1.94,25,0.25,1.98,1.94,1.99,1.92
3,3,1,2,3.0,3.25,2.1,3.75,3.25,1.9,3.35,3.2,2.1,3.3,3.1,2.1,3.2,3.2,2.0,3.4,3.2,2.1,3.1,3.1,2.1,3.5,3.2,2.0,3.25,3.25,2.0,68,4.25,3.35,3.43,3.16,2.2,2.04,46,2.03,1.89,2.0,1.83,25,0.5,1.8,1.76,2.17,2.1
0,1,0,1,2.2,3.25,2.8,2.1,3.1,3.3,2.15,3.2,3.25,2.1,3.0,3.1,2.1,3.2,3.0,2.2,3.2,3.2,2.05,3.1,3.2,2.2,3.2,3.0,2.1,3.2,3.0,62,2.2,2.12,3.25,3.15,3.75,3.22,40,2.25,2.04,1.75,1.67,23,-0.25,1.92,1.86,2.07,2.01
1,0,1,0,1.8,3.25,4.0,1.9,3.25,3.7,1.95,3.25,3.8,2.0,3.1,3.5,1.91,3.2,3.5,1.83,3.25,4.0,1.9,3.1,3.6,1.83,3.25,4.0,1.9,3.25,3.4,65,2.0,1.89,3.35,3.2,4.4,3.79,40,2.2,2.08,1.75,1.65,20,-0.5,2.0,1.95,1.98,1.9
0,2,0,0,1.72,3.25,4.33,1.8,3.2,4.25,1.8,3.25,4.5,1.8,3.1,3.8,1.8,2.9,4.5,1.8,3.25,4.2,1.8,3.1,4.0,1.8,3.3,4.2,1.8,3.25,3.75,60,1.85,1.76,3.4,3.27,5.0,4.43,39,2.25,2.1,1.67,1.64,21,-0.5,1.88,1.83,2.15,2.02
0,0,0,0,2.2,3.25,2.8,2.25,3.0,3.1,2.2,3.2,3.15,2.1,3.0,3.1,2.25,3.2,2.75,2.25,3.1,3.0,2.1,3.1,3.1,2.0,3.2,3.5,2.2,3.2,2.8,61,2.25,2.17,3.25,3.15,3.6,3.12,40,2.2,2.04,1.75,1.67,22,-0.25,1.98,1.93,1.97,1.93
2,0,0,0,2.1,3.25,3.0,2.1,3.05,3.35,2.15,3.2,3.25,2.1,3.0,3.1,2.1,3.2,3.0,2.2,3.1,3.1,2.1,3.1,3.1,2.1,3.2,3.2,2.2,3.2,2.8,65,2.27,2.14,3.3,3.14,3.55,3.13,40,2.2,2.02,1.75,1.69,23,-0.25,1.9,1.86,2.03,2.0
2,1,1,0,1.57,3.6,5.0,1.55,3.8,5.15,1.55,3.6,6.2,1.55,3.5,4.8,1.57,3.25,5.5,1.53,3.6,6.5,1.53,3.5,5.5,1.5,3.6,6.5,1.5,3.4,6.0,66,1.6,1.52,3.7,3.52,8.0,6.12,39,2.09,1.91,1.9,1.81,22,-1.0,2.04,1.97,1.92,1.86
0,1,0,1,1.72,3.25,4.33,1.8,3.3,4.1,1.8,3.3,4.4,1.8,3.1,3.8,1.73,3.2,4.33,1.85,3.2,4.0,1.83,3.0,4.0,1.73,3.3,4.6,1.8,3.2,4.0,61,1.85,1.79,3.5,3.25,5.15,4.28,40,1.8,1.75,2.1,1.96,20,-0.5,1.88,1.83,2.11,2.03
3,0,0,0,1.36,4.33,9.0,1.25,5.0,10.0,1.33,4.55,9.15,1.3,4.2,8.0,1.36,3.75,8.0,1.3,4.75,10.0,1.3,4.33,8.0,1.29,4.5,9.5,1.3,4.35,8.0,71,1.37,1.31,5.0,4.43,11.15,8.82,45,1.86,1.73,2.1,1.99,25,-1.5,2.18,2.04,1.88,1.8
2,0,1,0,1.72,3.4,5.0,1.6,3.3,5.75,1.7,3.35,5.0,1.7,3.2,4.2,1.67,3.25,4.5,1.7,3.4,5.0,1.61,3.3,5.0,1.62,3.4,5.25,1.65,3.25,5.0,70,1.85,1.66,3.53,3.35,6.45,4.91,43,2.3,2.03,1.75,1.7,24,-0.75,1.93,1.89,2.03,1.98
1,0,1,0,2.25,3.2,3.1,2.3,3.0,3.0,2.25,3.15,3.1,2.2,3.0,2.9,2.1,3.0,3.2,2.3,3.1,2.9,2.25,3.0,2.87,2.2,3.1,3.1,2.2,3.0,3.1,68,2.43,2.25,3.25,3.12,3.35,2.96,43,2.2,2.05,1.75,1.67,26,-0.25,2.13,2.07,1.86,1.79
1,0,0,0,2.0,3.3,3.6,1.95,3.25,3.55,1.95,3.25,3.8,1.9,3.1,3.5,1.73,3.2,4.33,1.91,3.25,3.75,2.0,3.1,3.3,2.0,3.2,3.5,1.8,3.2,4.0,68,2.01,1.91,3.3,3.21,4.2,3.72,42,2.22,2.03,1.75,1.69,24,-0.5,2.14,2.02,1.94,1.83
5,2,4,0,2.2,3.2,3.25,2.05,3.1,3.4,2.1,3.2,3.3,2.1,3.0,3.3,2.1,3.2,3.0,2.1,3.1,3.3,2.15,3.0,3.1,2.1,3.2,3.2,2.0,3.25,3.25,67,2.3,2.12,3.35,3.17,3.55,3.19,43,2.21,2.06,1.75,1.67,25,-0.25,2.02,1.9,2.05,1.96
5,0,2,0,2.4,3.25,2.8,2.45,3.15,2.65,2.5,3.2,2.7,2.4,3.0,2.6,2.38,3.2,2.6,2.5,3.2,2.62,2.37,3.0,2.7,2.62,3.1,2.5,2.4,3.1,2.6,68,2.63,2.46,3.25,3.12,2.95,2.66,43,2.25,2.1,1.7,1.64,26,0.0,1.93,1.83,2.11,2.0
1,2,1,2,1.66,3.4,5.5,1.6,3.4,5.5,1.65,3.45,5.3,1.6,3.5,5.0,1.57,3.25,5.5,1.62,3.6,5.5,1.61,3.3,5.0,1.67,3.3,5.0,1.55,3.5,5.0,70,1.82,1.65,3.65,3.34,5.8,5.07,43,2.0,1.81,2.0,1.9,24,-0.75,2.13,2.07,1.85,1.78
0,1,0,1,2.6,3.2,2.62,2.5,3.15,2.6,2.55,3.2,2.65,2.6,3.0,2.6,2.38,3.2,2.6,2.6,3.2,2.6,2.4,3.1,2.6,2.62,3.1,2.5,2.5,3.0,2.6,67,2.85,2.53,3.3,3.12,2.8,2.57,42,2.3,2.09,1.8,1.64,24,0.0,2.02,1.92,1.95,1.91
2,0,0,0,2.4,3.25,2.8,2.5,3.0,2.7,2.45,3.15,2.8,2.4,3.1,2.7,2.25,3.2,2.75,2.5,3.0,2.7,2.3,3.0,2.8,2.5,3.1,2.62,2.4,3.1,2.6,70,3.0,2.41,3.35,3.1,2.9,2.71,43,2.2,2.01,1.85,1.71,26,0.0,1.89,1.82,2.11,2.01
3,0,3,0,1.57,3.6,6.0,1.5,3.5,6.6,1.55,3.6,6.25,1.6,3.4,4.6,1.5,3.4,6.0,1.57,3.4,6.0,1.53,3.5,5.5,1.53,3.4,6.5,1.55,3.5,5.0,69,1.62,1.56,3.75,3.46,7.0,5.8,43,2.0,1.88,2.03,1.83,24,-1.0,2.05,1.97,1.96,1.87
2,0,0,0,1.25,5.0,13.0,1.2,5.55,11.0,1.23,5.5,11.0,1.27,4.3,8.5,1.29,4.5,8.0,1.25,5.5,10.0,1.22,5.0,9.5,1.22,5.0,12.0,1.22,5.0,9.5,71,1.3,1.24,6.0,4.97,13.0,10.14,40,1.67,1.58,2.33,2.2,24,-1.5,1.89,1.84,2.06,2.0
2,3,1,1,2.25,3.2,3.1,1.95,3.3,3.5,2.2,3.25,3.1,2.2,3.0,2.9,2.2,3.0,3.0,2.2,3.2,3.0,2.25,3.1,2.8,2.25,3.1,3.0,2.2,3.2,2.8,71,2.43,2.21,3.3,3.12,3.4,2.97,40,2.2,2.03,1.8,1.69,24,-0.25,2.14,2.07,1.86,1.81
3,1,2,0,2.87,3.25,2.37,2.9,3.25,2.25,2.9,3.25,2.3,2.7,3.0,2.5,3.0,3.2,2.1,2.88,3.2,2.38,2.75,3.1,2.3,2.7,3.2,2.4,2.8,3.2,2.2,71,3.1,2.78,3.39,3.14,2.73,2.34,42,2.02,1.88,1.95,1.83,25,0.0,2.0,1.94,2.01,1.9
1,0,0,0,2.5,3.2,2.75,2.65,3.1,2.5,2.55,3.2,2.65,2.4,3.0,2.6,2.6,3.2,2.38,2.5,3.2,2.6,2.37,3.1,2.62,2.5,3.1,2.62,2.3,3.25,2.6,69,2.7,2.5,3.3,3.13,2.86,2.58,39,2.2,1.95,1.85,1.77,24,0.0,1.86,1.8,2.15,2.04
3,2,1,1,1.9,3.25,4.0,1.75,3.4,4.2,1.83,3.3,4.25,1.85,3.1,3.6,1.73,3.2,4.33,1.91,3.25,3.75,1.83,3.2,3.75,1.91,3.2,3.75,1.9,3.25,3.5,69,2.05,1.85,3.4,3.23,4.5,3.91,39,2.2,2.05,1.75,1.68,23,-0.5,2.15,2.02,1.9,1.82
1,1,1,1,2.3,3.25,3.0,2.35,3.05,2.85,2.3,3.2,2.9,2.2,3.0,2.9,2.2,3.2,2.8,2.25,3.2,2.88,2.25,3.1,2.8,2.4,3.2,2.7,2.2,3.2,2.8,69,2.4,2.29,3.35,3.15,3.1,2.82,34,2.2,2.05,1.75,1.66,23,-0.25,2.16,2.09,1.83,1.78
3,0,1,0,1.72,3.4,5.0,1.65,3.45,4.8,1.65,3.5,5.25,1.75,3.2,4.0,1.62,3.25,5.0,1.62,3.4,5.25,1.66,3.3,4.5,1.67,3.3,5.0,1.65,3.4,4.5,69,1.75,1.65,3.5,3.35,6.0,4.87,34,2.2,2.07,1.72,1.65,22,-0.75,1.97,1.91,2.01,1.94
3,0,3,0,2.1,3.25,3.4,2.1,3.2,3.2,2.1,3.3,3.3,2.1,3.0,3.1,2.1,3.2,3.0,2.1,3.2,3.2,1.95,3.1,3.5,2.2,3.2,3.0,2.0,3.0,3.4,69,2.25,2.09,3.35,3.16,3.75,3.19,35,2.13,1.97,1.85,1.75,22,-0.25,1.96,1.92,2.0,1.94
0,2,0,1,1.66,3.4,5.5,1.7,3.35,4.6,1.7,3.4,5.0,1.65,3.3,4.4,1.67,3.25,4.5,1.7,3.4,5.0,1.72,3.1,4.5,1.67,3.3,5.0,1.65,3.25,5.0,68,1.8,1.69,3.42,3.28,5.7,4.73,35,2.22,2.0,1.85,1.72,21,-0.75,2.14,2.06,1.9,1.82
1,1,1,0,1.83,3.3,4.33,1.85,3.3,3.85,1.85,3.3,4.0,1.85,3.1,3.6,1.73,3.2,4.33,1.83,3.1,4.33,1.83,3.0,4.0,1.8,3.25,4.2,1.9,3.25,3.5,69,1.95,1.82,3.3,3.16,4.7,4.06,34,2.3,2.08,1.7,1.64,21,-0.5,1.92,1.88,2.04,1.97
1,1,1,0,2.25,3.25,2.75,2.2,3.1,3.05,2.2,3.1,3.2,2.3,3.0,2.7,2.25,3.2,2.75,2.3,3.2,3.0,2.15,3.1,3.0,2.1,3.2,3.2,2.25,3.1,2.8,69,2.4,2.22,3.32,3.16,3.52,2.99,41,2.18,2.02,1.8,1.7,25,-0.25,1.9,1.86,2.06,2.0
0,2,0,1,2.8,3.25,2.2,3.3,3.1,2.1,3.2,3.1,2.2,2.7,3.1,2.4,2.75,3.25,2.2,3.1,3.2,2.25,3.0,3.1,2.15,3.0,3.2,2.2,3.25,3.25,2.0,70,3.52,3.08,3.35,3.17,2.45,2.16,43,1.95,1.83,1.97,1.89,25,0.25,1.92,1.88,2.03,1.99
0,0,0,0,2.2,3.25,2.8,2.15,3.15,3.15,2.2,3.2,3.1,2.2,3.0,2.9,2.2,3.2,2.8,2.2,3.2,3.0,2.2,3.1,2.87,2.2,3.2,3.0,2.35,3.2,2.6,67,2.4,2.24,3.25,3.15,3.36,3.0,42,2.28,2.1,1.7,1.64,23,-0.25,1.98,1.95,1.97,1.92
1,1,1,0,2.2,3.25,2.8,2.1,3.1,3.3,2.15,3.25,3.15,2.2,3.0,2.9,2.0,3.2,3.2,2.2,3.2,3.2,2.15,3.1,3.0,2.25,3.2,2.88,2.3,2.9,2.9,71,2.3,2.16,3.3,3.15,3.51,3.08,44,2.24,2.02,1.8,1.72,24,-0.25,1.95,1.92,2.0,1.95
5,0,2,0,1.33,4.33,7.5,1.2,5.55,11.0,1.33,4.5,8.5,1.3,4.2,8.0,1.33,4.0,8.0,1.33,4.5,9.5,1.33,4.0,8.0,1.29,4.5,10.0,1.22,5.0,9.0,70,1.36,1.3,5.2,4.49,11.0,8.72,44,1.81,1.68,2.2,2.05,23,-1.5,2.19,2.08,1.85,1.76
1,0,1,0,1.8,3.25,4.0,1.9,3.2,3.8,1.85,3.25,4.1,1.8,3.1,3.8,1.8,3.2,4.0,1.83,3.25,4.0,1.72,3.2,4.33,1.73,3.3,4.5,1.85,3.2,3.75,71,1.93,1.81,3.49,3.23,4.65,4.05,43,2.15,1.97,1.82,1.74,23,-0.5,1.9,1.86,2.09,1.99
1,1,1,1,2.5,3.2,2.5,3.0,3.2,2.2,2.75,3.2,2.4,2.5,3.0,2.5,2.75,3.2,2.25,2.8,3.1,2.38,2.6,3.1,2.4,2.8,3.1,2.38,2.6,3.2,2.4,69,2.88,2.71,3.25,3.13,2.61,2.41,43,2.19,2.06,1.75,1.66,23,0.0,2.1,2.01,1.89,1.84
2,0,1,0,1.83,3.25,3.75,1.8,3.4,4.0,1.83,3.25,4.25,1.85,3.1,3.6,1.8,3.2,4.0,1.8,3.25,4.2,1.72,3.2,4.33,1.83,3.25,4.0,1.75,3.2,4.35,70,2.0,1.83,3.5,3.21,4.7,4.03,43,2.2,2.07,1.7,1.65,23,-0.5,2.04,1.98,1.91,1.87
1,1,1,1,1.4,4.0,6.5,1.5,3.6,6.25,1.45,3.9,7.0,1.45,3.8,5.4,1.36,3.75,8.0,1.44,3.75,7.0,1.44,3.6,6.5,1.4,3.75,8.5,1.4,3.75,7.0,71,1.5,1.41,4.25,3.82,9.1,7.28,43,2.15,1.95,1.87,1.78,24,-1.0,1.83,1.75,2.25,2.12
1,1,1,1,2.0,3.25,3.25,1.85,3.35,3.8,1.9,3.25,3.9,1.9,3.1,3.5,2.1,3.2,3.0,1.91,3.2,3.75,2.0,3.1,3.3,2.0,3.2,3.5,2.0,3.2,3.25,68,2.1,1.96,3.35,3.17,4.08,3.61,42,2.25,2.01,1.8,1.7,23,-0.5,2.04,2.0,1.91,1.86
1,1,0,1,2.1,3.25,3.4,1.95,3.2,3.6,2.0,3.2,3.6,2.2,3.1,2.8,2.0,3.2,3.2,2.05,3.25,3.5,2.1,3.1,3.1,2.1,3.2,3.2,2.0,3.2,3.2,66,2.34,2.12,3.25,3.15,3.6,3.18,38,2.29,2.07,1.72,1.66,23,-0.25,2.06,1.98,1.96,1.89
1,2,1,1,2.1,3.25,3.0,1.95,3.2,3.6,2.05,3.2,3.45,2.1,3.1,3.3,2.1,3.2,3.0,2.1,3.2,3.4,2.0,3.1,3.3,2.2,3.2,3.0,2.0,3.2,3.2,67,2.2,2.07,3.25,3.15,3.83,3.29,39,2.19,2.01,1.84,1.7,23,-0.25,1.88,1.83,2.1,2.04
1,0,1,0,2.37,3.2,2.87,2.3,3.15,2.85,2.25,3.15,3.05,2.3,3.0,3.0,2.25,3.2,2.75,2.38,3.2,2.88,2.3,3.1,2.75,2.38,3.1,2.8,2.3,3.1,2.7,68,2.55,2.31,3.25,3.09,3.3,2.86,38,2.14,1.96,1.85,1.76,23,0.0,1.86,1.79,2.16,2.04
1,2,1,1,2.0,3.25,3.25,1.8,3.35,4.0,2.0,3.2,3.6,2.0,3.1,3.2,1.91,3.2,3.5,1.95,3.2,3.6,2.0,3.1,3.3,2.0,3.2,3.5,2.0,3.2,3.2,58,2.1,2.01,3.3,3.19,3.85,3.45,34,2.22,2.08,1.7,1.64,22,-0.25,1.84,1.81,2.1,2.04
2,1,1,0,1.72,3.25,4.33,1.65,3.5,4.7,1.67,3.4,5.0,1.75,3.2,4.0,1.62,3.25,5.0,1.67,3.4,4.75,1.7,3.2,4.5,1.57,3.4,6.0,1.65,3.25,4.5,61,1.75,1.67,3.5,3.36,6.0,4.9,35,2.19,2.05,1.71,1.67,20,-0.75,2.06,2.03,1.9,1.83
1,3,0,1,4.5,3.6,1.72,4.3,3.35,1.75,4.3,3.3,1.8,4.3,3.2,1.75,4.5,3.25,1.67,4.5,3.5,1.75,4.2,3.25,1.72,4.5,3.25,1.73,4.0,3.4,1.75,64,5.2,4.35,3.6,3.32,1.9,1.74,35,1.87,1.75,2.1,1.96,20,0.5,2.19,2.12,1.77,1.74
1,1,0,0,2.4,3.2,2.6,2.4,3.1,2.75,2.55,3.15,2.65,2.6,3.0,2.6,2.38,3.2,2.6,2.4,3.1,2.75,2.5,3.1,2.5,2.4,3.1,2.75,2.5,3.2,2.4,63,2.65,2.48,3.25,3.1,2.85,2.64,35,2.23,2.08,1.75,1.64,22,0.0,1.9,1.86,2.03,1.97
1,0,0,0,1.36,4.33,9.0,1.33,4.2,9.0,1.35,4.3,8.5,1.35,4.2,7.5,1.4,3.75,7.0,1.33,4.5,9.0,1.36,3.75,8.0,1.33,4.33,8.5,1.35,4.0,7.0,64,1.42,1.35,4.55,4.15,10.0,7.99,35,1.7,1.63,2.25,2.12,20,-1.25,2.08,2.04,1.86,1.82
1,1,0,1,2.3,3.25,2.75,2.2,3.2,3.0,2.3,3.15,2.95,2.4,3.0,2.6,2.25,3.2,2.75,2.25,3.2,2.88,2.2,3.2,2.8,2.38,3.0,2.8,2.25,3.2,2.7,61,2.54,2.31,3.25,3.11,3.35,2.87,35,2.3,2.12,1.66,1.62,22,0.0,1.81,1.76,2.17,2.08
0,0,0,0,2.0,3.25,3.4,2.1,3.2,3.2,2.05,3.2,3.45,2.2,3.0,3.1,2.0,3.2,3.2,2.2,3.2,3.0,2.1,3.1,3.1,2.2,3.2,3.0,2.0,3.2,3.2,62,2.25,2.09,3.29,3.14,3.65,3.29,35,2.26,2.12,1.7,1.62,22,-0.25,1.88,1.85,2.09,2.01
0,0,0,0,2.25,3.0,3.0,2.1,3.1,3.3,2.2,3.2,3.1,2.2,3.1,2.8,2.25,3.2,2.75,2.25,3.2,2.88,2.25,3.1,2.8,2.25,3.1,3.0,2.25,3.2,2.75,72,2.4,2.23,3.3,3.11,3.35,2.97,42,2.22,2.05,1.75,1.67,22,-0.25,2.0,1.98,1.95,1.89
0,3,0,1,2.37,3.2,2.62,2.25,3.25,2.85,2.45,3.2,2.75,2.3,3.1,2.9,2.38,3.2,2.6,2.5,3.2,2.7,2.37,3.0,2.7,2.38,3.2,2.7,2.35,3.1,2.65,72,2.6,2.39,3.4,3.15,3.1,2.75,44,1.85,1.72,2.19,2.03,22,0.0,1.86,1.82,2.1,2.03
1,0,0,0,2.0,3.0,3.5,1.85,3.25,3.9,2.0,3.15,3.7,2.0,3.1,3.5,1.91,3.2,3.5,2.0,3.2,3.75,2.0,2.87,3.6,1.83,3.1,4.25,2.0,2.9,3.6,71,2.1,1.98,3.25,3.07,4.25,3.58,42,2.55,2.18,1.65,1.59,22,-0.5,2.15,2.07,1.84,1.81
0,0,0,0,1.72,3.25,4.33,1.75,3.35,4.3,1.77,3.25,4.75,1.75,3.2,4.0,1.73,3.2,4.33,1.75,3.25,4.5,1.8,3.0,4.2,1.8,3.2,4.33,1.75,3.25,4.35,69,2.15,1.82,3.4,3.22,5.15,4.14,41,2.15,2.01,1.75,1.7,20,-0.5,2.13,2.05,1.85,1.81
0,2,0,1,1.83,3.25,3.75,1.8,3.3,4.1,1.8,3.25,4.45,1.85,3.1,3.6,1.8,3.25,3.75,1.8,3.25,4.2,1.8,3.1,4.0,1.83,3.1,4.25,1.73,3.25,4.35,68,1.91,1.77,3.41,3.23,5.4,4.37,43,2.2,2.05,1.75,1.67,19,-0.5,1.78,1.75,2.24,2.15
0,1,0,0,2.8,3.2,2.25,2.9,3.2,2.25,2.95,3.2,2.3,2.7,3.0,2.5,3.0,3.0,2.2,2.88,3.2,2.25,3.0,3.0,2.2,2.8,3.1,2.38,2.8,3.2,2.2,71,3.45,2.96,3.4,3.14,2.4,2.23,43,2.32,2.06,1.7,1.65,21,-0.25,1.97,1.93,2.0,1.94
2,1,1,0,2.25,3.25,2.75,2.2,3.2,3.0,2.25,3.1,3.1,2.2,3.0,3.1,2.2,3.0,3.0,2.25,3.2,3.1,2.3,3.0,2.8,2.1,3.1,3.3,2.1,3.1,3.1,71,2.43,2.2,3.25,3.1,3.5,3.03,43,2.4,2.14,1.65,1.61,21,-0.25,2.12,2.05,1.86,1.82
2,0,2,0,2.0,3.25,3.25,2.0,3.25,3.4,2.05,3.2,3.5,2.2,3.0,2.9,2.0,3.2,3.2,2.0,3.2,3.5,2.1,3.1,3.1,1.91,3.2,3.75,2.0,3.25,3.25,69,2.15,2.02,3.35,3.18,3.86,3.39,43,2.24,2.05,1.75,1.66,21,-0.5,2.1,2.05,1.86,1.81
3,1,0,0,2.2,3.2,2.87,2.25,3.1,3.0,2.2,3.2,3.1,2.2,3.0,2.9,2.0,3.2,3.2,2.2,3.1,3.1,2.1,3.1,3.1,2.2,3.1,3.1,2.1,3.2,3.0,69,2.35,2.16,3.25,3.14,3.55,3.1,43,2.15,2.01,1.8,1.7,21,-0.25,1.92,1.87,2.04,2.0
0,3,0,1,2.6,3.2,2.4,2.5,3.1,2.65,2.6,3.1,2.6,2.7,3.0,2.5,2.75,3.0,2.38,2.7,3.1,2.6,2.7,3.0,2.37,2.6,3.0,2.6,2.6,3.1,2.4,69,2.95,2.63,3.25,3.07,2.75,2.51,44,2.4,2.14,1.7,1.62,21,0.0,2.14,2.03,1.85,1.82
0,1,0,0,2.2,3.25,3.2,2.15,3.25,3.0,2.1,3.25,3.25,2.2,3.1,2.8,1.91,3.2,3.5,2.25,3.2,3.1,2.1,3.0,3.2,2.1,3.0,3.4,1.9,3.25,3.4,72,2.35,2.12,3.35,3.17,3.55,3.2,42,2.19,2.02,1.78,1.71,23,-0.25,2.08,2.01,1.9,1.86
2,0,0,0,1.72,3.4,5.0,1.65,3.5,4.75,1.73,3.3,4.75,1.7,3.2,4.2,1.67,3.25,4.5,1.73,3.4,4.75,1.8,3.0,4.2,1.67,3.3,5.0,1.8,3.25,3.75,74,1.87,1.73,3.55,3.27,5.15,4.53,41,2.19,2.02,1.79,1.72,21,-0.5,1.9,1.83,2.08,2.03
1,1,1,1,1.72,3.4,5.0,1.7,3.4,4.5,1.73,3.4,4.6,1.75,3.2,4.3,1.67,3.2,5.0,1.7,3.4,4.6,1.8,3.0,4.2,1.67,3.3,5.0,1.75,3.2,4.35,72,1.8,1.71,3.6,3.29,6.0,4.61,38,2.27,2.08,1.71,1.65,20,-0.5,1.77,1.74,2.19,2.13
4,1,1,0,1.16,6.5,15.0,1.12,7.25,14.0,1.17,6.0,14.0,1.15,6.0,12.0,1.14,6.0,12.0,1.17,6.5,15.0,1.16,5.5,12.0,1.12,6.5,17.0,1.15,5.5,12.0,71,1.2,1.15,7.82,6.04,20.0,14.19,37,1.65,1.56,2.5,2.21,21,-1.75,1.8,1.77,2.18,2.1
1,1,1,0,1.8,3.3,4.5,1.75,3.4,4.25,1.77,3.3,4.5,1.8,3.1,3.8,1.73,3.1,4.5,1.8,3.3,4.2,1.8,3.0,4.2,1.91,3.1,4.0,1.75,3.2,4.35,69,2.0,1.79,3.4,3.24,4.9,4.22,38,2.33,2.13,1.7,1.62,21,-0.5,1.88,1.83,2.06,2.01
3,2,2,1,2.0,3.2,3.75,1.95,3.3,3.5,2.0,3.25,3.5,2.0,3.1,3.2,2.0,3.2,3.2,2.05,3.2,3.3,2.15,3.0,3.1,2.0,3.1,3.6,2.0,3.2,3.2,69,2.2,2.04,3.35,3.17,4.0,3.4,38,2.15,2.0,1.83,1.73,22,-0.5,2.16,2.1,1.82,1.76
0,2,0,0,2.1,3.2,3.5,2.1,3.15,3.25,2.0,3.25,3.5,2.1,3.1,3.3,1.91,3.2,3.5,2.1,3.2,3.2,2.1,3.0,3.2,2.0,3.1,3.6,2.1,3.0,3.2,73,2.2,2.04,3.35,3.15,3.75,3.36,38,2.25,2.03,1.8,1.68,23,-0.25,1.89,1.84,2.08,2.02
3,2,0,0,1.61,3.6,5.5,1.5,3.65,6.25,1.62,3.4,5.5,1.65,3.3,4.4,1.57,3.25,5.5,1.62,3.5,5.0,1.7,3.2,4.5,1.62,3.3,5.5,1.6,3.25,5.0,70,1.72,1.63,3.6,3.39,6.11,5.17,38,2.25,2.04,1.8,1.68,21,-0.75,1.93,1.89,2.07,1.97
2,2,1,0,3.4,3.25,2.1,3.65,3.3,1.9,3.2,3.3,2.1,3.0,3.1,2.2,3.2,3.2,2.0,3.3,3.3,2.1,3.2,3.1,2.05,3.4,3.25,2.0,3.2,3.2,2.0,73,4.1,3.27,3.4,3.21,2.2,2.05,38,1.87,1.77,2.1,1.96,23,0.25,2.12,2.07,1.84,1.78
0,2,0,0,2.37,3.2,2.9,2.35,3.05,2.85,2.3,3.1,3.0,2.4,3.0,2.8,2.38,3.0,2.75,2.5,3.0,2.7,2.4,2.9,2.75,2.25,3.0,3.1,2.3,3.1,2.7,68,2.55,2.35,3.25,3.07,3.4,2.86,37,2.3,2.13,1.71,1.62,23,0.0,1.75,1.71,2.27,2.15
1,1,0,1,2.3,3.2,2.7,2.35,3.15,2.75,2.4,3.15,2.8,2.3,3.1,2.9,2.38,3.2,2.6,2.38,3.2,2.88,2.15,3.0,3.1,2.3,3.0,3.0,2.25,3.1,2.8,72,2.45,2.25,3.4,3.12,3.5,2.96,41,2.3,2.11,1.68,1.62,23,-0.25,1.95,1.89,2.05,1.97
2,1,2,0,1.8,3.25,4.0,1.7,3.45,4.5,1.9,3.2,4.1,1.8,3.1,3.8,1.73,3.2,4.33,1.85,3.25,4.0,1.83,3.2,3.75,1.8,3.2,4.33,1.8,3.2,4.0,74,2.0,1.86,3.3,3.2,4.5,3.96,42,2.32,2.1,1.7,1.64,23,-0.5,2.11,2.02,1.88,1.84
1,0,1,0,1.4,3.75,7.5,1.3,4.5,9.0,1.37,4.25,8.0,1.35,4.2,7.5,1.4,3.75,7.0,1.33,4.5,9.0,1.36,3.75,8.0,1.3,4.5,9.0,1.35,4.0,8.5,75,1.42,1.35,5.0,4.2,10.0,8.07,42,1.75,1.66,2.3,2.06,22,-1.25,2.0,1.94,2.0,1.93
0,3,0,1,2.1,3.25,3.0,2.35,3.05,2.85,2.25,3.1,3.1,2.2,3.0,2.9,2.0,3.2,3.2,2.2,3.2,3.0,2.15,3.0,3.1,2.1,3.1,3.25,2.2,3.0,3.0,72,2.3,2.18,3.25,3.12,3.53,3.11,45,2.2,2.05,1.71,1.67,24,-0.25,1.95,1.89,2.07,1.98
1,2,1,0,2.3,3.1,2.87,2.15,3.05,3.25,2.3,3.1,3.0,2.3,2.9,2.8,2.2,3.0,3.0,2.2,3.0,3.2,2.2,3.0,3.0,2.1,3.0,3.4,2.2,3.1,2.9,72,2.35,2.21,3.25,3.09,3.5,3.09,43,2.4,2.17,1.65,1.59,23,-0.25,2.04,1.94,2.0,1.92
1,3,0,2,2.62,3.2,2.37,2.65,3.15,2.45,2.85,3.1,2.4,2.7,3.0,2.5,2.6,3.2,2.38,2.8,3.1,2.38,2.8,3.0,2.3,2.8,3.1,2.38,2.8,3.1,2.25,76,3.15,2.78,3.25,3.11,2.55,2.37,44,2.32,2.1,1.7,1.63,25,0.25,1.85,1.8,2.12,2.06
1,2,1,2,2.4,3.2,2.6,2.4,3.1,2.75,2.35,3.1,2.9,2.3,3.0,2.7,2.38,3.2,2.6,2.38,3.2,2.75,2.37,3.0,2.7,2.25,3.1,3.0,2.3,3.25,2.65,74,2.5,2.33,3.3,3.12,3.2,2.83,44,2.21,2.01,1.75,1.7,24,-0.25,2.19,2.09,1.83,1.79
2,2,0,1,2.37,3.2,2.62,2.2,3.0,3.2,2.35,3.15,2.85,2.4,3.0,2.6,2.38,3.2,2.6,2.3,3.1,2.9,2.37,3.0,2.7,2.3,3.0,3.0,2.3,3.1,2.75,73,2.57,2.36,3.25,3.1,3.1,2.8,45,2.26,2.06,1.71,1.66,24,0.0,1.9,1.82,2.07,2.02
0,2,0,2,2.0,3.25,3.25,2.05,3.1,3.4,2.15,3.1,3.35,2.1,3.0,3.4,1.91,3.2,3.5,2.1,3.1,3.5,2.0,3.0,3.4,2.2,3.1,3.1,2.1,3.0,3.2,76,2.25,2.06,3.27,3.11,3.65,3.35,44,2.4,2.16,1.65,1.6,24,-0.25,1.9,1.85,2.07,2.02
0,2,0,1,3.75,3.25,1.83,3.8,3.35,1.85,3.95,3.35,1.85,3.7,3.1,1.9,3.75,3.2,1.83,3.75,3.3,1.95,3.4,3.25,1.9,3.75,3.25,1.91,4.0,3.4,1.75,76,4.55,3.85,3.6,3.24,2.0,1.86,46,1.92,1.78,2.04,1.94,25,0.5,2.0,1.97,1.96,1.89
1,3,1,1,2.6,3.2,2.62,2.4,3.15,2.7,2.55,3.2,2.65,2.5,3.0,2.5,2.5,3.2,2.5,2.5,3.2,2.7,2.37,3.1,2.62,2.5,3.2,2.6,2.5,3.1,2.5,73,2.78,2.52,3.25,3.12,2.8,2.59,45,2.15,1.99,1.85,1.73,23,0.0,2.07,1.98,1.9,1.85
1,1,0,0,1.5,3.75,7.0,1.45,3.75,6.75,1.55,3.55,6.5,1.55,3.5,4.8,1.44,3.6,6.5,1.53,3.6,6.5,1.53,3.5,5.5,1.44,3.75,7.0,1.45,3.6,6.5,75,1.57,1.49,4.05,3.57,7.7,6.4,44,2.12,1.98,1.83,1.74,24,-1.0,2.07,1.99,1.9,1.84
1,1,0,0,1.57,3.5,6.5,1.6,3.45,5.35,1.65,3.5,5.3,1.65,3.3,4.4,1.57,3.25,5.5,1.57,3.5,5.5,1.66,3.1,5.0,1.57,3.5,5.5,1.6,3.25,5.0,76,1.66,1.59,3.75,3.41,7.8,5.52,44,2.2,2.02,1.8,1.72,23,-1.0,2.02,1.98,1.95,1.86
2,1,0,0,1.3,5.0,9.5,1.25,5.0,10.0,1.33,4.6,9.0,1.35,4.0,7.0,1.33,4.0,8.0,1.3,4.75,10.0,1.36,3.75,8.0,1.3,4.5,9.0,1.3,4.35,8.0,78,1.36,1.3,5.53,4.4,11.66,8.76,45,1.75,1.68,2.22,2.04,25,-1.5,1.98,1.9,1.98,1.94
0,0,0,0,2.1,3.2,3.5,2.05,3.2,3.3,2.15,3.2,3.3,2.1,3.0,3.1,1.91,3.2,3.5,2.1,3.2,3.2,2.1,3.0,3.2,2.1,3.0,3.4,2.1,3.0,3.25,77,2.2,2.06,3.3,3.14,3.79,3.29,44,2.37,2.16,1.72,1.61,24,-0.25,1.84,1.8,2.14,2.08
1,2,1,1,1.8,3.3,4.5,1.7,3.35,4.65,1.8,3.3,4.5,1.8,3.1,3.8,1.73,3.2,4.33,1.75,3.25,4.5,1.8,3.1,4.0,1.73,3.3,4.5,1.73,3.25,4.35,74,1.85,1.77,3.45,3.23,5.05,4.33,44,2.2,2.06,1.77,1.69,22,-0.5,1.89,1.84,2.06,2.02
1,0,0,0,1.57,3.5,6.5,1.55,3.6,5.45,1.6,3.5,5.85,1.55,3.5,4.8,1.5,3.4,6.0,1.57,3.4,6.0,1.61,3.1,5.5,1.62,3.4,5.25,1.55,3.4,5.5,76,1.63,1.57,3.74,3.43,7.0,5.74,44,2.27,2.05,1.82,1.69,25,-0.75,1.84,1.79,2.13,2.09
0,2,0,2,4.5,3.25,1.83,4.0,3.35,1.8,4.0,3.3,1.9,3.6,3.1,1.85,3.75,3.2,1.83,4.0,3.4,1.85,3.5,3.2,1.9,4.0,3.25,1.83,3.5,3.4,1.84,78,4.75,3.86,3.6,3.28,1.93,1.84,45,1.94,1.81,2.07,1.91,23,0.5,2.05,2.0,1.95,1.86
1,0,1,0,1.57,3.6,6.0,1.55,3.5,5.75,1.6,3.5,5.85,1.65,3.3,4.4,1.5,3.4,6.0,1.57,3.5,5.5,1.6,3.4,4.8,1.53,3.5,6.0,1.55,3.25,5.5,78,1.67,1.59,3.67,3.4,6.6,5.39,44,2.08,1.94,1.86,1.79,23,-0.75,1.95,1.91,2.0,1.96
1,0,0,0,2.37,3.25,2.87,2.4,3.1,2.75,2.4,3.1,2.95,2.4,3.0,2.6,2.25,3.2,2.75,2.4,3.1,2.75,2.37,3.0,2.7,2.5,3.2,2.6,2.25,3.1,2.8,76,2.5,2.36,3.3,3.1,3.1,2.79,44,2.27,2.1,1.71,1.63,24,-0.25,2.2,2.09,1.82,1.78
2,0,2,0,2.2,3.0,3.5,2.1,3.15,3.25,2.15,3.15,3.4,2.0,3.1,3.2,1.91,3.2,3.5,2.1,3.2,3.4,2.1,3.0,3.2,2.1,3.0,3.4,2.1,3.1,3.25,76,2.35,2.12,3.25,3.08,3.6,3.22,45,2.4,2.14,1.7,1.62,25,-0.25,2.08,2.02,1.92,1.84
1,3,0,2,9.0,4.33,1.36,9.0,4.75,1.28,9.0,4.25,1.38,6.0,3.9,1.4,8.0,4.0,1.33,8.5,4.0,1.4,8.0,3.75,1.36,8.5,4.0,1.36,7.5,4.0,1.35,76,11.0,8.02,5.0,3.97,1.44,1.37,46,1.81,1.69,2.15,2.04,24,1.25,2.0,1.85,2.11,2.03
0,3,0,3,2.37,3.0,3.1,2.2,3.15,3.05,2.3,3.15,3.05,2.3,3.0,2.7,2.2,3.2,2.8,2.3,3.1,2.9,2.3,3.0,2.8,2.38,3.0,2.88,2.25,3.1,2.8,77,2.5,2.28,3.2,3.08,3.1,2.89,45,2.16,2.03,1.78,1.7,25,0.0,1.86,1.79,2.17,2.06
0,1,0,1,4.2,3.2,1.9,4.0,3.35,1.8,4.0,3.25,1.91,3.3,3.0,2.0,3.5,3.2,1.91,4.2,3.25,1.8,3.75,3.0,1.9,3.75,3.2,1.91,4.0,3.2,1.8,74,4.55,3.81,3.35,3.19,2.0,1.89,46,2.18,2.01,1.8,1.72,25,0.5,1.93,1.89,2.05,1.97
2,2,0,0,2.2,3.2,3.25,2.05,3.1,3.4,2.2,3.1,3.3,2.2,2.9,3.0,2.2,3.2,2.8,2.1,3.2,3.2,2.3,2.9,2.9,2.1,3.0,3.4,2.2,3.0,3.0,71,2.5,2.2,3.25,3.09,3.4,3.08,46,2.35,2.11,1.7,1.63,25,-0.25,2.19,2.1,1.83,1.78
2,2,1,2,2.5,3.1,2.8,2.5,3.1,2.65,2.5,3.1,2.8,2.4,3.0,2.6,2.38,3.0,2.75,2.6,3.1,2.7,2.4,3.1,2.6,2.38,3.0,2.88,2.3,3.1,2.7,72,2.7,2.46,3.25,3.09,2.8,2.68,46,2.25,2.11,1.75,1.64,24,0.0,1.95,1.86,2.03,1.98
1,1,0,0,1.5,3.75,7.0,1.5,3.85,5.65,1.53,3.6,7.0,1.55,3.5,4.8,1.5,3.4,6.0,1.53,3.8,6.0,1.53,3.5,5.5,1.5,3.6,6.5,1.5,3.6,5.5,71,1.6,1.5,4.0,3.59,7.0,6.17,47,1.84,1.72,2.2,2.01,25,-1.0,2.03,1.97,1.93,1.87
1,1,1,1,2.25,3.1,3.2,2.2,3.1,3.1,2.2,3.1,3.25,2.1,3.0,3.1,2.1,3.2,3.0,2.2,3.1,3.1,2.2,3.0,3.0,2.1,3.0,3.4,2.2,3.1,2.9,72,2.35,2.18,3.2,3.09,3.4,3.11,46,2.19,2.02,1.8,1.7,25,-0.25,2.07,2.0,1.93,1.87
3,2,0,1,1.72,3.4,5.0,1.7,3.4,4.5,1.72,3.3,5.0,1.75,3.2,4.0,1.62,3.25,5.0,1.73,3.3,4.5,1.8,3.1,4.0,1.67,3.25,5.0,1.65,3.25,4.5,73,1.8,1.69,3.6,3.3,6.0,4.76,46,2.15,2.01,1.83,1.71,24,-0.75,2.0,1.9,2.08,1.97
2,1,1,1,1.57,3.5,6.5,1.6,3.4,5.45,1.57,3.6,6.0,1.55,3.5,4.8,1.5,3.25,6.5,1.57,3.5,5.5,1.57,3.3,5.5,1.53,3.5,6.0,1.45,3.5,6.5,74,1.62,1.55,3.85,3.46,8.0,5.93,46,2.1,1.97,1.85,1.74,25,-1.0,1.99,1.94,1.96,1.9
2,0,1,0,1.22,5.5,13.0,1.2,5.35,12.0,1.2,5.5,15.0,1.25,4.5,9.0,1.22,5.0,10.0,1.22,5.5,12.0,1.25,4.5,10.0,1.2,5.5,12.0,1.18,5.5,11.0,72,1.25,1.2,6.7,5.29,18.15,11.5,40,1.59,1.54,2.5,2.3,23,-1.75,1.9,1.88,2.08,1.99
3,0,1,0,1.83,3.3,4.33,1.8,3.25,4.15,1.83,3.3,4.25,1.8,3.1,3.8,1.83,3.2,3.75,1.8,3.2,4.33,1.8,3.25,3.8,1.8,3.2,4.33,1.8,3.2,4.0,72,1.9,1.8,3.54,3.21,5.0,4.18,43,2.29,2.09,1.73,1.65,22,-0.5,1.85,1.81,2.1,2.05
1,0,1,0,2.5,3.25,2.7,2.3,3.1,2.9,2.55,3.2,2.65,2.5,3.0,2.5,2.6,3.2,2.38,2.5,3.2,2.6,2.4,3.25,2.5,2.5,3.2,2.6,2.3,3.2,2.65,72,2.8,2.47,3.3,3.12,2.9,2.62,43,2.26,2.07,1.7,1.66,22,0.0,1.95,1.89,2.03,1.95
1,2,0,0,1.57,3.6,6.0,1.55,3.5,5.75,1.57,3.5,6.0,1.6,3.3,4.8,1.5,3.4,6.0,1.57,3.4,6.0,1.57,3.3,5.5,1.57,3.4,6.0,1.55,3.25,5.5,74,1.65,1.57,3.65,3.4,6.5,5.59,43,2.23,2.06,1.75,1.69,22,-0.75,1.92,1.86,2.05,2.01
0,0,0,0,3.1,3.2,2.25,3.0,3.1,2.25,3.1,3.25,2.2,2.7,3.0,2.3,3.0,3.2,2.1,3.0,3.2,2.2,2.75,3.2,2.25,3.0,3.2,2.2,2.8,3.2,2.2,73,3.82,3.15,3.4,3.14,2.3,2.12,43,2.15,1.98,1.84,1.75,24,0.25,2.1,2.01,1.95,1.85
1,2,0,2,1.25,5.0,13.0,1.25,5.0,10.0,1.25,5.0,11.0,1.25,4.5,9.0,1.3,4.0,9.0,1.25,5.5,10.0,1.28,4.5,8.0,1.25,5.0,10.0,1.25,4.5,10.0,74,1.3,1.24,6.0,4.88,15.0,10.24,43,1.75,1.65,2.25,2.09,23,-1.75,1.9,1.87,2.03,1.99
2,0,1,0,1.83,3.3,4.33,1.75,3.35,4.35,1.83,3.3,4.25,1.8,3.1,3.8,1.67,3.2,5.0,1.8,3.25,4.2,1.8,3.25,3.8,1.91,3.2,3.75,1.73,3.2,4.35,72,2.05,1.81,3.35,3.21,5.0,4.13,42,2.12,1.97,1.84,1.76,21,-0.5,2.0,1.95,1.96,1.91
3,0,0,0,1.44,4.0,7.5,1.4,4.0,7.25,1.44,3.9,7.0,1.4,3.9,6.0,1.5,3.25,6.5,1.44,3.75,8.0,1.44,3.6,6.5,1.4,3.75,8.0,1.35,3.75,8.0,74,1.47,1.41,4.45,3.77,9.96,7.33,43,2.05,1.91,1.96,1.81,23,-1.0,1.78,1.75,2.22,2.12
3,2,0,1,2.0,3.2,3.75,2.0,3.0,3.75,2.05,3.25,3.5,2.1,3.0,3.1,1.91,3.25,3.4,2.0,3.2,3.5,1.9,3.25,3.4,2.0,3.1,3.6,1.84,3.25,3.75,71,2.35,2.04,3.25,3.12,3.75,3.42,43,2.29,2.1,1.7,1.64,23,-0.25,2.0,1.94,1.98,1.92
2,1,2,1,1.9,3.25,4.0,1.7,3.35,4.6,1.9,3.3,4.0,1.75,3.1,4.2,1.73,3.2,4.33,1.91,3.25,4.0,1.72,3.25,4.2,1.8,3.2,4.33,1.73,3.2,4.35,66,2.0,1.82,3.4,3.23,4.6,4.07,32,2.22,2.06,1.8,1.67,18,-0.5,2.04,1.98,1.92,1.87
1,2,0,1,2.6,3.2,2.62,2.55,3.05,2.6,2.6,3.2,2.6,2.55,3.1,2.55,2.5,3.2,2.5,2.6,3.1,2.7,2.5,2.9,2.62,2.62,3.0,2.5,2.6,3.0,2.5,45,2.75,2.57,3.2,3.1,2.85,2.59,29,2.2,2.06,1.7,1.66,19,0.0,2.01,1.92,1.93,1.89
1,2,0,1,7.5,4.0,1.44,8.0,4.2,1.35,7.5,3.75,1.45,5.5,3.5,1.5,6.5,3.6,1.44,7.5,4.0,1.44,6.5,3.6,1.44,8.0,3.75,1.4,6.5,3.6,1.45,44,8.5,6.99,4.3,3.8,1.5,1.44,28,1.88,1.8,2.07,1.92,19,1.0,2.18,2.12,1.8,1.73
0,2,0,0,2.6,3.2,2.62,2.6,3.0,2.6,2.55,3.1,2.65,2.5,3.0,2.7,2.6,3.1,2.4,2.5,3.0,2.7,2.5,2.9,2.62,2.4,3.1,2.75,2.5,3.1,2.5,41,2.7,2.5,3.2,3.1,2.95,2.67,27,2.2,2.06,1.75,1.66,18,0.0,1.94,1.87,2.02,1.94
0,0,0,0,3.0,3.2,2.3,3.4,3.25,2.0,3.0,3.1,2.2,3.0,3.1,2.2,2.75,3.2,2.25,,,,2.7,3.0,2.37,,,,2.8,3.1,2.25,25,3.2,2.92,3.25,3.14,2.38,2.25,16,2.2,2.08,1.72,1.69,14,0.25,1.93,1.86,2.05,1.99
1,0,1,0,2.37,3.2,2.9,2.35,3.15,2.8,2.4,3.2,2.75,2.4,3.0,2.8,2.38,3.2,2.6,2.38,3.1,2.8,2.4,3.1,2.6,2.4,3.1,2.75,2.4,3.1,2.6,41,2.5,2.39,3.25,3.14,3.0,2.78,27,2.2,2.07,1.7,1.65,19,0.0,1.8,1.76,2.2,2.05
1,0,1,0,1.9,3.25,4.0,1.8,3.3,4.1,1.9,3.3,4.0,1.8,3.2,4.0,1.8,3.2,4.0,1.8,3.3,4.2,1.8,3.1,4.0,1.83,3.25,4.0,1.8,3.25,3.75,41,1.91,1.84,3.36,3.24,4.4,4.04,27,1.95,1.86,1.99,1.86,18,-0.5,2.0,1.94,1.94,1.9
1,1,1,1,2.3,3.2,3.0,2.2,3.2,3.0,2.3,3.2,2.95,2.1,3.1,3.2,2.25,3.2,2.75,2.25,3.2,2.88,2.2,3.0,3.0,2.1,3.2,3.2,2.2,3.2,2.8,40,2.4,2.26,3.2,3.16,3.2,2.96,27,2.2,2.05,1.72,1.67,19,-0.25,2.05,2.04,1.85,1.81
1,1,1,1,1.61,3.4,6.0,1.5,3.6,6.4,1.63,3.4,5.5,1.7,3.3,4.5,1.57,3.5,5.0,1.57,3.5,5.5,1.57,3.3,5.5,1.53,3.6,6.0,1.55,3.25,6.0,41,1.7,1.6,3.65,3.45,6.25,5.5,27,2.05,1.94,1.88,1.78,18,-0.75,1.8,1.79,2.1,2.06
3,1,1,0,1.7,3.5,5.0,1.65,3.45,4.8,1.7,3.3,5.0,1.65,3.5,4.5,1.67,3.25,4.5,1.67,3.4,4.75,1.66,3.1,5.0,1.67,3.4,4.75,1.65,3.25,4.5,41,1.74,1.67,3.5,3.37,5.8,4.89,27,2.2,2.04,1.73,1.68,18,-0.75,2.11,2.07,1.83,1.79
0,0,0,0,2.5,3.2,2.75,2.4,3.2,2.7,2.5,3.2,2.7,2.4,3.1,2.7,2.5,3.2,2.5,2.5,3.2,2.7,2.3,3.2,2.62,2.3,3.2,2.8,2.4,3.1,2.6,40,2.6,2.46,3.25,3.16,2.88,2.68,27,2.06,1.94,1.86,1.78,18,0.0,1.9,1.85,2.03,1.96
1,0,1,0,2.2,3.25,3.2,2.3,3.15,2.85,2.25,3.15,3.15,2.2,2.8,3.3,2.2,3.0,3.0,2.25,3.2,3.1,2.2,3.0,3.0,2.2,3.2,3.0,2.2,3.1,2.9,47,2.35,2.22,3.25,3.13,3.4,3.04,33,2.33,2.1,1.7,1.66,20,-0.25,2.04,2.0,1.91,1.87
2,0,1,0,1.72,3.4,5.0,1.75,3.4,4.3,1.7,3.35,5.25,1.8,3.1,4.0,1.73,3.1,4.5,1.73,3.3,5.0,1.7,3.2,4.5,1.73,3.25,4.75,1.65,3.2,5.0,47,1.8,1.71,3.6,3.31,5.75,4.77,33,2.17,2.0,1.8,1.73,19,-0.75,1.96,1.93,1.98,1.94
2,1,1,1,1.16,6.5,15.0,1.2,5.5,12.0,1.2,5.5,15.0,1.2,5.0,12.0,1.17,5.5,12.0,1.15,6.5,17.0,1.2,5.0,11.0,1.14,6.0,15.0,1.22,5.0,9.5,44,1.24,1.18,7.6,5.82,19.6,13.03,31,1.6,1.53,2.5,2.29,17,-1.75,1.86,1.82,2.08,2.04
1,1,1,0,2.2,3.25,3.2,2.05,3.2,3.3,2.25,3.2,3.1,2.2,3.0,3.1,2.2,3.2,2.8,2.2,3.1,3.1,2.15,3.0,3.1,2.1,3.2,3.2,2.2,3.25,2.8,44,2.33,2.22,3.25,3.16,3.4,3.05,31,2.13,2.02,1.77,1.7,19,-0.25,2.05,2.01,1.89,1.85
0,2,0,1,1.44,4.0,7.5,1.4,4.0,7.15,1.4,4.2,8.0,1.4,3.8,7.0,1.44,3.6,6.5,1.4,4.0,7.5,1.5,3.4,6.0,1.4,4.0,7.5,1.4,3.75,7.0,44,1.5,1.42,4.25,3.87,9.0,7.5,31,1.86,1.77,2.1,1.94,18,-1.25,2.03,2.01,1.9,1.85
0,2,0,2,1.9,3.3,4.0,1.95,3.25,3.55,1.95,3.3,3.8,1.9,3.1,3.8,2.0,3.0,3.5,2.0,3.2,3.5,1.95,3.0,3.6,2.0,3.2,3.5,1.9,3.2,3.5,44,2.05,1.96,3.3,3.19,4.15,3.64,29,2.22,2.07,1.76,1.68,19,-0.5,2.08,2.02,1.85,1.83
4,2,1,0,1.61,3.6,5.5,1.5,3.55,6.5,1.62,3.4,6.0,1.6,3.5,5.0,1.57,3.5,5.0,1.53,3.8,6.0,1.6,3.4,4.8,1.53,3.6,6.0,1.53,3.6,5.5,45,1.7,1.55,3.8,3.53,6.8,5.8,32,1.89,1.76,2.05,1.96,18,-0.75,1.85,1.82,2.1,2.03
1,0,1,0,3.0,3.2,2.3,2.65,3.15,2.45,3.0,3.1,2.35,2.9,2.9,2.4,2.75,3.0,2.38,2.9,3.1,2.3,2.8,3.0,2.3,2.88,3.1,2.25,2.8,3.0,2.35,45,3.5,2.85,3.25,3.1,2.47,2.35,31,2.2,2.06,1.7,1.66,19,0.25,1.94,1.9,2.02,1.96
0,1,0,0,2.0,3.3,3.6,2.05,3.1,3.45,2.1,3.25,3.4,2.1,3.0,3.3,2.0,3.2,3.2,2.0,3.2,3.5,2.1,3.0,3.2,2.1,3.2,3.2,1.9,3.2,3.5,45,2.2,2.05,3.31,3.18,3.8,3.37,31,2.05,1.92,1.88,1.8,19,-0.25,1.95,1.89,2.01,1.97
3,1,2,0,1.72,3.4,5.0,1.8,3.35,4.0,1.8,3.3,4.5,1.8,3.1,4.0,1.67,3.2,5.0,1.8,3.25,4.2,1.72,3.2,4.33,1.67,3.3,5.0,1.6,3.25,5.0,44,1.86,1.75,3.4,3.27,5.5,4.53,29,2.1,1.98,1.83,1.74,18,-0.5,1.8,1.78,2.15,2.08
3,1,0,0,1.25,5.0,13.0,1.2,5.5,12.0,1.23,5.5,12.0,1.22,5.0,10.0,1.25,4.5,10.0,1.22,5.5,12.0,1.25,5.0,8.0,1.2,5.25,13.0,1.2,5.0,11.0,49,1.25,1.22,6.75,5.34,15.0,11.39,32,1.7,1.62,2.3,2.16,20,-1.5,1.83,1.79,2.14,2.06
0,2,0,1,2.1,3.25,3.4,2.1,3.2,3.2,2.05,3.25,3.5,2.0,3.1,3.4,1.83,3.2,3.75,2.1,3.25,3.4,1.95,3.0,3.6,2.1,3.2,3.2,1.9,3.2,3.5,48,2.15,2.02,3.3,3.18,3.9,3.47,31,2.2,2.06,1.75,1.67,20,-0.25,1.88,1.85,2.05,2.02
2,0,0,0,1.14,6.5,21.0,1.15,7.0,11.0,1.15,6.5,17.0,1.17,5.4,13.0,1.14,6.0,12.0,1.14,7.0,17.0,1.12,6.0,15.0,1.1,6.75,21.0,1.14,6.0,12.0,47,1.18,1.14,8.0,6.56,23.0,15.75,28,1.6,1.5,2.55,2.34,18,-2.0,2.08,2.03,1.83,1.78
0,2,0,1,2.9,3.2,2.37,2.85,3.15,2.3,2.85,3.2,2.37,2.8,3.0,2.4,2.6,3.2,2.38,2.8,3.1,2.4,2.8,2.9,2.37,3.1,3.0,2.25,2.75,3.1,2.3,46,3.1,2.86,3.3,3.13,2.44,2.34,27,2.25,2.08,1.7,1.64,18,0.25,1.85,1.83,2.05,2.02
5,0,2,0,2.25,3.2,3.1,2.05,3.2,3.3,2.2,3.2,3.15,2.2,3.0,3.1,2.2,3.2,2.8,2.2,3.2,3.0,2.15,3.0,3.1,2.2,3.1,3.1,2.2,3.1,2.9,47,2.35,2.23,3.25,3.14,3.35,3.04,28,2.2,2.07,1.7,1.65,19,-0.25,2.05,2.01,1.92,1.85
2,2,2,0,1.44,4.0,7.5,1.45,3.75,6.8,1.5,3.75,7.0,1.45,3.9,6.0,1.5,3.4,6.0,1.44,3.75,7.0,1.5,3.3,6.5,1.4,3.75,8.5,1.4,4.0,6.5,46,1.55,1.46,4.0,3.72,8.5,6.92,27,2.01,1.87,1.95,1.85,18,-1.0,1.84,1.81,2.11,2.03
0,2,0,0,2.5,3.2,2.75,2.35,3.1,2.85,2.45,3.2,2.75,2.5,3.0,2.7,2.4,3.1,2.6,2.4,3.1,2.8,2.5,2.9,2.62,2.25,3.1,3.0,2.35,3.1,2.65,47,2.55,2.43,3.25,3.12,3.0,2.75,28,2.15,2.06,1.7,1.66,18,0.0,1.89,1.82,2.05,2.0
2,3,1,1,2.6,3.2,2.62,2.3,3.15,2.85,2.4,3.15,2.85,2.4,3.0,2.8,2.25,3.2,2.75,2.4,3.1,2.8,2.37,3.0,2.7,2.5,3.1,2.62,2.35,3.1,2.65,47,2.64,2.44,3.25,3.12,2.9,2.73,28,2.3,2.1,1.7,1.63,18,0.0,1.95,1.87,2.0,1.94
3,3,2,0,2.2,3.2,3.25,1.95,3.3,3.5,2.25,3.15,3.15,2.1,3.1,3.2,2.0,3.2,3.2,2.1,3.2,3.4,2.1,3.0,3.2,2.0,3.2,3.5,2.2,3.1,3.0,47,2.3,2.13,3.25,3.15,3.55,3.25,28,2.06,1.94,1.85,1.76,19,-0.25,2.05,2.0,1.91,1.86
2,1,0,1,1.8,3.4,4.33,1.85,3.3,3.85,1.83,3.3,4.25,1.8,3.1,4.2,1.8,3.2,4.0,1.75,3.25,4.5,1.83,3.0,4.0,1.8,3.2,4.33,1.7,3.25,4.5,47,1.9,1.79,3.4,3.25,4.92,4.27,28,2.21,2.04,1.71,1.68,18,-0.5,1.85,1.79,2.12,2.06
1,0,0,0,2.1,3.25,3.0,2.1,3.15,3.25,2.1,3.2,3.4,2.1,3.0,3.3,2.0,3.0,3.5,2.1,3.2,3.4,2.1,3.1,3.1,2.1,3.2,3.2,2.0,3.25,3.25,48,2.25,2.1,3.31,3.19,3.65,3.29,33,2.2,2.03,1.75,1.69,20,-0.25,1.85,1.8,2.12,2.06
3,2,1,0,2.2,3.25,2.8,2.35,3.15,2.8,2.35,3.1,2.95,2.4,2.9,2.9,2.25,3.2,2.75,2.38,3.1,3.0,2.3,3.1,2.75,2.3,3.1,2.88,2.25,3.0,2.9,48,2.45,2.33,3.26,3.11,3.3,2.91,33,2.2,2.07,1.75,1.66,20,-0.25,2.02,1.99,1.91,1.86
1,1,0,0,2.2,3.25,2.8,2.3,3.15,2.85,2.25,3.15,3.05,2.3,3.0,2.9,2.2,3.0,3.0,2.25,3.1,3.0,2.25,3.1,2.8,2.2,3.1,3.1,2.2,3.1,2.9,48,2.4,2.26,3.26,3.12,3.25,3.01,31,2.2,2.08,1.72,1.65,20,-0.25,2.0,1.96,1.92,1.9
3,1,1,0,2.37,3.2,2.62,2.55,3.15,2.55,2.5,3.1,2.75,2.4,3.0,2.8,2.2,3.2,2.8,2.5,3.1,2.62,2.5,2.9,2.62,2.3,3.2,2.8,2.4,3.2,2.6,48,2.65,2.46,3.25,3.14,2.88,2.7,29,2.2,2.0,1.75,1.7,19,0.0,1.91,1.8,2.05,2.0
1,2,1,1,3.5,3.25,1.9,3.65,3.3,1.9,3.65,3.25,1.95,3.8,3.1,1.9,3.5,3.2,1.91,3.6,3.3,2.0,3.3,3.25,1.95,4.0,3.25,1.83,3.5,3.25,1.9,47,4.0,3.56,3.36,3.24,2.15,1.99,31,1.98,1.85,1.95,1.88,20,0.5,1.87,1.82,2.05,2.01
3,1,3,1,1.9,3.25,3.5,1.9,3.25,3.7,1.95,3.2,3.85,1.85,3.2,3.8,1.8,3.2,4.0,1.91,3.2,3.75,1.95,3.1,3.5,1.91,3.2,3.75,1.85,3.25,3.75,48,2.0,1.9,3.41,3.22,4.25,3.83,29,2.1,1.98,1.76,1.72,19,-0.5,2.0,1.95,1.94,1.88
0,3,0,1,6.5,4.0,1.4,7.5,5.0,1.3,8.0,4.25,1.38,7.0,3.6,1.45,8.0,4.0,1.33,8.0,4.5,1.36,8.0,3.75,1.36,9.5,4.33,1.3,7.0,3.75,1.4,48,10.0,7.96,4.85,4.17,1.45,1.37,31,1.75,1.65,2.25,2.09,20,1.25,1.92,1.86,2.06,2.0
0,2,0,1,1.8,3.25,4.0,1.7,3.45,4.5,1.8,3.25,4.4,1.7,3.3,4.5,1.67,3.25,4.5,1.8,3.4,4.33,1.8,3.3,3.75,1.73,3.25,4.75,1.65,3.4,4.35,48,1.87,1.79,3.46,3.28,4.8,4.31,29,2.2,2.04,1.75,1.68,19,-0.5,1.9,1.87,2.04,1.97
2,0,1,0,2.2,3.25,2.8,2.2,3.15,3.05,2.3,3.15,3.05,2.4,2.9,2.9,2.1,3.2,3.0,2.25,3.1,3.0,2.25,3.1,2.8,2.2,3.1,3.1,2.25,3.1,2.8,48,2.4,2.28,3.26,3.13,3.1,2.95,29,2.2,2.05,1.7,1.67,20,-0.25,2.05,2.01,1.88,1.84
2,2,0,1,1.53,3.75,5.0,1.6,3.7,4.85,1.6,3.5,5.75,1.65,3.3,4.9,1.62,3.25,5.0,1.62,3.4,5.25,1.61,3.1,5.5,1.53,3.6,6.0,1.6,3.25,5.5,48,1.65,1.59,3.76,3.46,7.0,5.58,29,2.1,1.96,1.87,1.76,19,-0.75,1.88,1.85,2.04,2.01
0,1,0,1,2.6,3.25,2.6,2.4,3.1,2.75,2.45,3.1,2.8,2.4,3.0,2.8,2.38,3.0,2.75,2.5,3.1,2.8,2.4,3.1,2.6,2.3,3.1,2.88,2.4,3.0,2.7,55,2.7,2.44,3.25,3.11,2.95,2.73,33,2.15,2.01,1.85,1.72,20,0.0,1.93,1.85,2.02,1.97
2,1,1,1,2.3,3.25,3.0,2.2,3.15,3.05,2.35,3.2,2.85,2.3,3.1,2.8,2.38,3.0,2.75,2.38,3.2,2.88,2.25,3.1,2.8,2.1,3.2,3.2,2.25,3.1,2.8,55,2.45,2.31,3.26,3.15,3.2,2.86,33,2.12,2.0,1.82,1.73,21,-0.25,2.11,2.08,1.82,1.79
4,0,3,0,1.33,4.5,9.5,1.3,4.65,8.5,1.31,4.5,9.5,1.33,4.2,8.0,1.25,4.5,10.0,1.3,4.8,9.5,1.3,4.33,8.0,1.29,4.5,10.0,1.3,4.35,8.0,55,1.35,1.3,5.38,4.56,10.5,8.99,35,1.67,1.6,2.3,2.18,20,-1.5,2.06,2.02,1.87,1.83
1,3,0,1,1.4,4.33,7.5,1.35,4.5,7.25,1.4,4.0,8.0,1.45,3.9,6.0,1.33,4.0,8.0,1.36,4.5,8.0,1.36,3.75,8.0,1.33,4.33,8.5,1.3,4.35,8.0,53,1.48,1.37,4.5,4.15,8.5,7.8,32,1.7,1.62,2.25,2.14,19,-1.0,1.88,1.84,2.1,1.99
2,2,1,1,1.8,3.3,4.5,1.75,3.3,4.35,1.8,3.3,4.33,1.75,3.2,4.3,1.73,3.2,4.33,1.8,3.25,4.2,1.72,3.1,4.5,1.73,3.25,4.75,1.75,3.2,4.35,54,1.87,1.78,3.45,3.25,4.75,4.33,30,2.1,1.95,1.85,1.76,19,-0.5,1.9,1.85,2.03,1.98
0,1,0,0,2.5,3.25,3.0,2.35,3.15,2.8,2.37,3.15,2.85,2.4,3.0,2.8,2.38,3.0,2.75,2.38,3.1,2.8,2.25,3.1,2.8,2.3,3.1,2.88,2.35,3.1,2.65,54,2.52,2.35,3.26,3.14,3.0,2.82,30,2.2,2.08,1.75,1.65,19,0.0,1.83,1.77,2.13,2.05
0,1,0,0,1.8,3.3,4.5,1.8,3.35,4.0,1.8,3.25,4.5,1.85,3.1,4.0,1.8,3.2,4.0,1.8,3.3,4.5,1.8,3.1,4.0,1.73,3.25,4.75,1.7,3.3,4.35,54,1.9,1.78,3.4,3.25,5.1,4.3,30,2.2,2.07,1.75,1.66,19,-0.5,1.85,1.8,2.13,2.05
2,1,1,1,1.83,3.3,4.33,1.85,3.25,3.9,1.87,3.25,4.1,1.9,3.2,3.6,1.83,3.2,3.75,1.85,3.25,4.3,1.8,3.1,4.0,1.91,3.2,3.75,1.8,3.2,4.0,54,1.9,1.84,3.6,3.24,4.5,4.0,30,1.9,1.81,2.08,1.91,20,-0.5,1.9,1.86,2.08,1.98
1,1,0,1,1.53,3.6,6.5,1.5,3.65,6.25,1.55,3.5,6.5,1.5,3.5,6.3,1.5,3.4,6.0,1.53,3.6,6.0,1.57,3.3,5.5,1.57,3.4,6.0,1.5,3.5,6.0,54,1.57,1.52,3.93,3.53,7.71,6.23,30,2.18,1.98,1.8,1.75,20,-1.0,2.03,1.96,1.93,1.86
4,3,4,1,2.0,3.2,3.75,1.95,3.15,3.65,2.0,3.2,3.6,1.9,3.1,3.8,1.91,3.2,3.5,2.0,3.2,3.5,1.9,3.1,3.6,2.0,3.2,3.5,1.9,3.2,3.5,54,2.06,1.96,3.36,3.19,4.05,3.62,30,2.15,2.02,1.8,1.7,20,-0.5,2.06,2.02,1.86,1.82
0,2,0,1,4.33,3.3,1.83,4.3,3.2,1.8,4.15,3.3,1.87,3.6,3.2,1.9,4.33,3.2,1.73,3.75,3.3,1.95,3.6,3.1,1.9,3.75,3.2,1.91,4.0,3.4,1.75,55,4.5,4.02,3.47,3.26,1.95,1.84,38,1.83,1.75,2.11,1.98,20,0.5,1.98,1.94,1.95,1.9
0,4,0,1,2.75,3.2,2.5,2.7,3.0,2.5,2.75,3.1,2.55,2.7,3.0,2.5,2.62,2.88,2.5,2.62,3.1,2.5,2.5,2.9,2.62,2.5,3.1,2.62,2.4,3.1,2.6,54,2.84,2.64,3.21,3.09,2.79,2.53,35,2.25,2.09,1.7,1.65,20,0.0,1.98,1.94,1.95,1.88
1,1,1,1,2.0,3.2,3.75,2.0,3.15,3.55,2.05,3.25,3.5,2.1,3.1,3.2,1.91,3.2,3.5,2.05,3.2,3.6,2.1,3.1,3.1,1.91,3.25,3.75,1.9,3.2,3.5,54,2.25,2.01,3.31,3.18,3.86,3.49,35,2.05,1.94,1.89,1.79,21,-0.25,1.93,1.89,2.03,1.97
3,2,1,0,2.2,3.25,3.2,2.1,3.2,3.2,2.15,3.2,3.3,2.1,3.1,3.2,1.91,3.2,3.5,2.2,3.1,3.1,2.05,3.1,3.2,2.0,3.2,3.5,2.1,3.2,3.0,53,2.2,2.1,3.39,3.16,3.55,3.27,36,2.14,1.99,1.83,1.74,19,-0.25,1.85,1.8,2.12,2.08
1,0,0,0,1.66,3.6,5.0,1.65,3.4,5.0,1.7,3.4,5.0,1.7,3.2,4.7,1.62,3.25,5.0,1.67,3.4,5.25,1.7,3.2,4.5,1.73,3.3,4.5,1.6,3.5,4.6,54,1.71,1.63,3.79,3.4,6.25,5.14,36,1.87,1.8,2.1,1.93,19,-0.75,1.9,1.8,2.16,2.08
0,1,0,0,2.4,3.25,2.8,2.5,3.15,2.6,2.45,3.1,2.85,2.4,3.0,2.8,2.2,3.0,3.0,2.4,3.1,2.75,2.3,3.1,2.75,2.3,3.1,2.88,2.3,3.1,2.75,52,2.57,2.38,3.26,3.13,3.05,2.79,35,2.22,2.04,1.75,1.68,18,0.0,1.83,1.78,2.13,2.06
1,0,1,0,2.2,3.25,3.2,2.25,3.2,2.9,2.2,3.2,3.2,2.2,2.9,3.2,2.0,3.2,3.2,2.2,3.2,3.0,2.1,3.1,3.1,2.2,3.1,3.1,2.1,3.1,3.1,53,2.25,2.17,3.3,3.17,3.6,3.14,36,2.25,2.09,1.7,1.66,20,-0.25,1.9,1.86,2.03,2.01
0,2,0,0,2.1,3.25,3.4,2.1,3.25,3.15,2.1,3.2,3.4,2.1,3.0,3.3,2.1,3.2,3.0,2.1,3.2,3.2,2.15,3.1,3.0,2.1,3.2,3.2,2.1,3.2,3.0,52,2.25,2.11,3.26,3.17,3.7,3.24,35,2.2,2.02,1.8,1.71,19,-0.25,1.95,1.92,2.0,1.95
1,1,0,0,2.3,3.25,3.0,2.3,3.15,2.85,2.3,3.15,3.0,2.2,3.0,3.1,2.2,3.2,2.8,2.3,3.2,2.8,2.3,3.1,2.75,2.38,3.1,2.8,2.2,3.1,2.9,53,2.48,2.3,3.3,3.16,3.2,2.88,36,2.17,1.99,1.8,1.73,20,-0.25,2.02,1.97,1.92,1.89
1,0,1,0,2.9,3.2,2.37,2.7,3.25,2.35,2.85,3.2,2.4,2.6,3.1,2.5,2.8,3.2,2.2,2.7,3.2,2.5,2.6,3.1,2.4,2.88,3.2,2.25,2.65,3.2,2.3,53,2.8,2.61,3.26,3.17,2.95,2.52,39,2.17,1.94,1.95,1.79,19,0.0,1.85,1.82,2.15,2.01
5,1,3,0,1.28,5.0,10.0,1.2,5.65,11.0,1.27,5.0,11.0,1.3,4.4,8.5,1.29,4.33,9.0,1.25,5.4,10.5,1.2,5.0,11.0,1.25,5.0,10.0,1.22,5.0,9.0,53,1.32,1.26,5.52,4.96,14.0,10.27,37,1.68,1.6,2.35,2.2,19,-1.5,2.08,1.98,1.9,1.86
3,0,2,0,1.22,5.5,13.0,1.2,5.5,11.5,1.25,5.25,11.0,1.27,4.4,10.0,1.2,5.0,11.0,1.22,5.75,11.0,1.2,5.0,11.0,1.22,5.0,12.0,1.22,5.0,9.0,52,1.29,1.22,6.4,5.25,14.4,11.29,37,1.63,1.56,2.35,2.27,19,-1.5,1.8,1.74,2.17,2.11
1,0,1,0,1.9,3.25,4.0,1.85,3.1,4.05,1.9,3.2,4.0,2.0,3.1,3.4,2.0,3.0,3.5,1.9,3.25,4.0,1.9,3.1,3.6,1.91,3.2,3.75,1.9,3.2,3.5,52,2.1,1.95,3.3,3.18,4.05,3.69,34,2.37,2.17,1.67,1.62,20,-0.5,2.14,2.07,1.83,1.78
4,0,3,0,1.72,3.3,5.0,1.75,3.25,4.5,1.75,3.3,4.75,1.75,3.2,4.3,1.67,3.1,5.0,1.65,3.5,4.75,1.72,3.25,4.2,1.67,3.4,4.75,1.65,3.2,5.0,52,1.82,1.72,3.4,3.28,5.5,4.66,34,2.22,2.09,1.7,1.67,19,-0.75,2.06,2.0,1.89,1.82
1,3,1,2,2.62,3.2,2.6,2.65,3.1,2.5,2.6,3.2,2.6,2.6,3.0,2.6,2.6,3.2,2.38,2.62,3.1,2.5,2.6,3.1,2.4,2.8,3.2,2.3,2.5,3.1,2.5,51,2.82,2.6,3.2,3.11,2.75,2.53,33,2.25,2.08,1.75,1.67,19,0.0,1.99,1.93,1.92,1.89
0,3,0,1,2.62,3.2,2.6,2.4,3.1,2.75,2.55,3.15,2.65,2.6,3.0,2.6,2.5,3.2,2.5,2.6,3.2,2.6,2.4,3.1,2.6,2.38,3.2,2.75,2.5,3.2,2.4,52,2.88,2.56,3.25,3.14,2.75,2.56,33,2.14,2.0,1.85,1.73,19,0.0,2.03,1.97,1.93,1.85
1,1,0,1,2.0,3.2,3.75,1.9,3.2,3.8,2.0,3.15,3.65,2.0,3.1,3.4,1.91,3.2,3.5,1.91,3.2,3.75,2.05,3.1,3.2,1.91,3.2,3.75,2.0,3.2,3.2,51,2.15,1.97,3.26,3.19,4.0,3.58,33,2.06,1.94,1.86,1.78,19,-0.5,2.15,2.07,1.82,1.76
0,2,0,0,2.0,3.2,3.75,2.05,3.15,3.35,2.05,3.25,3.4,2.0,3.2,3.3,1.91,3.2,3.5,2.0,3.25,3.4,2.05,3.1,3.2,1.91,3.2,3.75,2.0,3.2,3.2,51,2.1,2.02,3.3,3.2,3.8,3.42,33,2.11,1.96,1.85,1.76,19,-0.25,1.83,1.79,2.15,2.06
0,1,0,0,2.1,3.25,3.4,2.15,3.15,3.15,2.1,3.2,3.3,2.3,2.9,3.0,2.0,3.2,3.2,2.2,3.2,3.0,1.95,3.1,3.5,2.0,3.2,3.5,2.1,3.2,3.0,52,2.32,2.11,3.26,3.17,3.5,3.25,33,2.2,2.02,1.85,1.7,18,-0.25,2.03,1.98,1.9,1.87
1,2,1,0,3.5,3.2,2.1,3.3,3.1,2.1,3.3,3.2,2.1,3.3,3.0,2.1,3.5,3.2,1.91,3.4,3.25,2.1,3.1,3.1,2.1,3.1,3.1,2.2,3.0,3.1,2.1,51,3.9,3.27,3.3,3.17,2.25,2.09,33,2.1,1.98,1.85,1.74,19,0.25,2.25,2.1,1.8,1.76
5,0,3,0,1.5,3.75,7.0,1.5,3.65,6.15,1.55,3.5,6.5,1.55,3.5,5.5,1.5,3.4,6.0,1.53,3.6,6.5,1.44,3.6,6.5,1.44,3.6,7.5,1.45,3.5,7.0,49,1.63,1.49,4.0,3.63,8.4,6.56,32,2.05,1.92,1.87,1.81,20,-1.0,1.9,1.79,2.12,2.03
0,2,0,0,5.0,3.3,1.72,4.55,3.4,1.7,4.5,3.25,1.8,4.0,3.1,1.85,4.33,3.4,1.67,4.2,3.4,1.83,4.2,3.25,1.72,4.5,3.4,1.73,4.35,3.3,1.7,51,5.0,4.38,3.6,3.35,1.87,1.75,35,1.7,1.64,2.3,2.13,20,0.5,2.1,2.04,1.85,1.78
2,2,2,1,2.5,3.2,2.75,2.2,3.1,3.05,2.3,3.1,3.1,2.2,2.9,3.2,2.2,3.2,2.8,2.3,3.2,2.8,2.5,2.9,2.62,2.2,3.2,3.0,2.2,3.1,2.9,50,2.55,2.3,3.26,3.13,3.2,2.88,31,2.3,2.08,1.7,1.66,20,0.0,1.88,1.78,2.1,2.03
1,1,1,1,2.5,3.2,2.75,2.35,3.15,2.8,2.5,3.15,2.75,2.5,3.1,2.6,2.5,3.2,2.5,2.5,3.1,2.62,2.4,3.1,2.6,2.38,3.2,2.75,2.4,3.1,2.6,50,2.6,2.46,3.25,3.13,3.06,2.66,31,2.25,2.1,1.7,1.65,20,0.0,1.83,1.78,2.13,2.03
2,0,1,0,1.9,3.25,4.0,1.8,3.35,4.0,1.95,3.2,3.9,2.0,3.2,3.3,1.91,3.2,3.5,1.91,3.25,3.75,1.9,3.1,3.6,2.0,3.25,3.4,1.85,3.25,3.75,50,2.05,1.92,3.41,3.22,4.15,3.71,31,2.1,1.99,1.85,1.74,20,-0.5,2.0,1.96,1.94,1.87
2,0,1,0,1.61,3.4,6.0,1.6,3.6,5.0,1.6,3.5,6.0,1.6,3.5,5.0,1.57,3.25,5.5,1.57,3.6,5.5,1.6,3.4,4.8,1.57,3.4,6.0,1.55,3.5,5.0,50,1.65,1.6,3.76,3.43,6.85,5.5,31,2.3,2.09,1.75,1.66,19,-0.75,1.88,1.85,2.02,1.99
5,0,1,0,2.62,3.2,2.6,2.5,3.15,2.6,2.65,3.1,2.65,2.55,3.1,2.55,2.5,3.2,2.5,2.5,3.2,2.6,2.62,3.1,2.37,2.7,3.2,2.38,2.5,3.1,2.5,50,3.05,2.65,3.25,3.12,2.7,2.48,31,2.25,2.05,1.75,1.68,20,0.0,2.21,2.05,1.8,1.76
2,1,0,1,6.0,3.8,1.53,6.0,4.05,1.45,6.0,3.75,1.55,5.5,3.5,1.55,6.0,3.75,1.44,6.0,4.0,1.5,6.0,3.4,1.5,6.0,3.6,1.53,6.0,3.5,1.5,50,6.55,5.96,4.0,3.65,1.62,1.52,34,1.74,1.67,2.2,2.06,20,1.0,1.9,1.85,2.05,1.96
1,2,1,0,2.2,3.2,3.25,2.2,3.2,3.0,2.2,3.2,3.2,2.2,3.0,3.1,2.1,3.2,3.0,2.25,3.2,3.1,2.15,3.1,3.0,2.1,3.2,3.2,2.0,3.25,3.2,50,2.26,2.16,3.31,3.17,3.4,3.12,34,2.25,2.08,1.71,1.67,20,-0.25,2.0,1.96,1.93,1.89
1,1,0,0,1.36,4.33,9.0,1.4,4.05,7.0,1.4,4.1,8.0,1.4,3.7,7.5,1.36,4.0,7.0,1.33,4.1,9.5,1.33,4.0,8.0,1.36,4.0,8.5,1.35,3.8,7.5,50,1.45,1.39,4.7,4.02,9.3,7.69,31,1.97,1.88,1.94,1.84,19,-1.25,1.8,1.79,2.1,2.06
3,2,2,2,1.44,4.1,7.0,1.45,3.85,6.5,1.47,3.75,7.5,1.5,3.7,5.8,1.44,3.75,6.0,1.5,4.0,6.0,1.44,3.6,6.5,1.44,3.75,7.0,1.4,3.75,7.0,46,1.56,1.46,4.2,3.76,7.6,6.7,35,1.73,1.63,2.25,2.14,20,-1.0,2.13,2.01,1.85,1.8
2,0,0,0,2.4,3.2,2.87,2.4,3.15,2.7,2.4,3.15,2.9,2.4,3.1,2.7,2.4,3.25,2.5,2.4,3.1,2.75,2.3,3.1,2.75,2.3,3.2,2.8,2.35,3.1,2.65,46,2.6,2.4,3.25,3.14,2.95,2.75,32,2.24,2.06,1.75,1.69,20,0.0,1.93,1.83,2.05,1.98
2,1,2,1,1.75,3.5,4.5,1.8,3.4,4.0,1.87,3.2,4.3,1.75,3.3,4.2,1.73,3.2,4.33,1.91,3.4,3.75,1.7,3.2,4.5,1.7,3.4,4.5,1.75,3.2,4.35,46,2.0,1.8,3.5,3.28,4.5,4.15,35,1.73,1.67,2.25,2.07,19,-0.5,2.05,2.0,1.87,1.85
3,2,1,2,1.57,3.6,6.0,1.55,3.55,5.8,1.6,3.5,6.0,1.65,3.4,4.7,1.62,3.25,5.0,1.57,3.5,5.5,1.61,3.3,5.0,1.57,3.5,5.5,1.55,3.4,5.5,46,1.65,1.56,3.7,3.49,6.91,5.74,32,2.11,1.96,1.84,1.77,17,-0.75,1.8,1.78,2.16,2.08
2,0,1,0,2.1,3.25,3.4,2.05,3.15,3.35,2.15,3.15,3.3,2.1,3.0,3.3,2.0,3.2,3.2,2.1,3.2,3.25,1.95,3.1,3.5,2.1,3.2,3.2,1.9,3.25,3.5,46,2.25,2.06,3.3,3.18,3.86,3.32,32,2.2,2.07,1.75,1.67,20,-0.25,1.86,1.82,2.07,2.03
1,0,1,0,2.2,3.25,3.2,2.0,3.25,3.4,2.1,3.2,3.4,2.1,3.1,3.2,2.2,3.2,2.8,2.1,3.25,3.2,2.2,3.0,3.0,2.2,3.1,3.1,2.1,3.25,3.0,45,2.3,2.15,3.3,3.17,3.4,3.13,32,2.14,1.99,1.81,1.74,20,-0.25,2.08,2.0,1.9,1.86
0,0,0,0,5.0,3.4,1.72,4.75,3.5,1.65,4.85,3.4,1.72,4.2,3.3,1.75,4.5,3.25,1.67,5.2,3.5,1.67,5.0,3.1,1.66,5.25,3.4,1.62,4.5,3.4,1.65,46,5.81,4.77,3.58,3.35,1.77,1.69,35,2.12,1.98,1.82,1.75,19,0.75,1.95,1.92,1.97,1.92
0,0,0,0,2.0,3.3,3.6,1.95,3.25,3.55,2.1,3.2,3.4,2.0,3.1,3.4,2.0,3.2,3.2,2.0,3.25,3.4,2.1,3.0,3.2,2.0,3.2,3.5,2.0,3.2,3.25,45,2.2,2.04,3.29,3.17,4.0,3.39,32,2.18,2.0,1.78,1.73,20,-0.5,2.21,2.13,1.81,1.73
2,1,1,1,1.75,3.5,4.5,1.75,3.4,4.25,1.8,3.3,4.5,1.75,3.3,4.2,1.62,3.25,5.0,1.8,3.4,4.33,1.7,3.2,4.5,1.62,3.4,5.25,1.75,3.2,4.35,45,1.8,1.72,3.5,3.32,5.25,4.59,32,2.17,2.02,1.79,1.72,19,-0.5,1.8,1.77,2.19,2.09
1,3,1,0,2.4,3.2,2.87,2.3,3.1,2.9,2.35,3.2,2.9,2.4,3.1,2.7,2.5,3.2,2.5,2.38,3.1,2.8,2.25,3.0,2.87,2.5,3.2,2.6,2.35,3.1,2.65,46,2.5,2.36,3.25,3.14,3.0,2.79,32,2.08,1.97,1.85,1.76,20,0.0,1.83,1.77,2.06,2.0
2,0,2,0,2.4,3.25,2.8,2.35,3.15,2.8,2.4,3.2,2.85,2.5,3.2,2.5,2.38,3.2,2.6,2.4,3.2,2.7,2.37,3.1,2.62,2.5,3.2,2.6,2.25,3.2,2.75,48,2.55,2.4,3.3,3.16,2.97,2.72,31,2.35,2.12,1.75,1.65,19,0.0,1.85,1.79,2.1,2.04
0,1,0,0,1.57,3.6,6.0,1.55,3.6,5.5,1.62,3.4,6.0,1.55,3.7,5.0,1.5,3.4,6.0,1.57,3.6,6.0,1.61,3.3,5.0,1.53,3.6,6.0,1.65,3.25,4.5,48,1.73,1.6,3.7,3.47,6.09,5.52,33,1.95,1.85,2.0,1.88,20,-0.75,1.99,1.91,2.0,1.95
0,0,0,0,2.3,3.25,3.0,2.35,3.2,2.75,2.3,3.2,3.0,2.4,3.1,2.7,2.2,3.0,3.0,2.25,3.2,3.1,2.2,3.2,2.8,2.25,3.25,2.88,2.25,3.25,2.7,46,2.4,2.27,3.35,3.18,3.35,2.91,33,2.09,1.96,1.87,1.77,19,-0.25,2.02,1.97,1.94,1.89
2,1,2,1,2.8,3.25,2.4,2.65,3.05,2.55,2.8,3.1,2.5,2.6,3.1,2.5,2.6,3.2,2.38,2.7,3.2,2.4,2.62,3.1,2.37,2.6,3.2,2.5,2.6,3.25,2.3,48,2.95,2.71,3.3,3.16,2.5,2.41,31,2.15,2.02,1.8,1.7,18,0.0,2.14,2.05,1.82,1.77
1,0,0,0,1.83,3.25,4.5,1.75,3.45,4.15,1.85,3.3,4.25,1.85,3.1,4.0,1.8,3.2,4.0,1.8,3.25,4.2,1.9,3.2,3.5,1.73,3.3,4.5,1.8,3.25,3.75,48,1.9,1.83,3.4,3.26,4.7,4.07,31,2.25,2.08,1.75,1.66,18,-0.5,1.9,1.86,2.05,1.98
2,1,0,0,1.57,3.6,6.0,1.5,3.75,5.75,1.6,3.4,6.0,1.65,3.3,4.9,1.57,3.5,5.0,1.53,3.8,6.0,1.61,3.3,5.0,1.57,3.5,5.5,,,,48,1.66,1.59,3.68,3.44,7.46,5.6,31,2.16,2.02,1.8,1.7,18,-0.75,1.85,1.81,2.11,2.05
1,1,1,0,1.8,3.4,4.33,1.75,3.35,4.3,1.75,3.4,4.75,1.8,3.1,4.2,1.62,3.25,5.0,1.75,3.25,4.5,1.8,3.1,4.0,1.8,3.2,4.33,1.75,3.4,4.0,45,1.8,1.76,3.45,3.29,5.15,4.41,29,2.2,2.05,1.75,1.69,17,-0.5,1.82,1.79,2.12,2.05
1,1,1,1,2.75,3.2,2.5,2.65,3.15,2.45,2.75,3.1,2.55,2.55,3.1,2.55,2.38,3.0,2.75,2.6,3.2,2.5,2.5,2.9,2.62,2.88,3.2,2.25,2.6,3.1,2.4,48,2.95,2.64,3.25,3.14,2.63,2.49,31,2.2,2.06,1.72,1.67,18,0.0,2.1,1.99,1.9,1.83
2,1,1,0,5.5,3.4,1.66,4.85,3.45,1.65,4.75,3.4,1.75,4.5,3.3,1.7,4.5,3.25,1.67,5.0,3.4,1.7,4.5,3.3,1.66,4.75,3.4,1.67,4.35,3.2,1.73,48,5.86,4.76,3.68,3.33,1.8,1.7,31,1.88,1.76,2.04,1.96,18,0.75,1.95,1.89,2.02,1.97
1,2,1,1,1.8,3.3,4.5,1.85,3.3,3.85,1.8,3.3,4.5,1.8,3.1,4.2,1.62,3.25,5.0,1.75,3.25,4.5,1.83,3.2,3.75,1.67,3.4,4.75,1.65,3.4,4.35,47,1.85,1.77,3.45,3.28,5.2,4.35,31,2.1,1.99,1.87,1.73,18,-0.5,1.83,1.79,2.14,2.07
1,2,0,1,2.4,3.2,2.87,2.35,3.2,2.75,2.45,3.15,2.8,2.3,3.1,2.8,2.38,3.2,2.6,2.5,3.2,2.7,2.4,3.1,2.6,2.5,3.2,2.6,2.3,3.25,2.65,49,2.5,2.4,3.25,3.14,3.1,2.75,31,2.2,2.04,1.75,1.69,19,-0.25,2.06,2.03,1.88,1.83
0,2,0,1,6.0,3.8,1.53,5.85,3.75,1.5,5.4,3.6,1.62,4.8,3.6,1.6,5.0,3.5,1.57,6.0,3.6,1.57,5.5,3.5,1.53,6.0,3.6,1.53,5.5,3.6,1.5,49,6.5,5.48,3.85,3.55,1.7,1.58,34,1.75,1.67,2.25,2.1,18,1.0,1.95,1.9,2.01,1.95
1,1,1,0,2.25,3.1,3.2,2.1,3.2,3.2,2.2,3.2,3.2,2.1,3.0,3.3,2.25,3.0,2.88,2.2,3.2,3.2,2.25,3.0,2.87,2.0,3.25,3.4,2.2,3.2,2.8,49,2.45,2.21,3.3,3.15,3.35,3.05,31,2.22,2.05,1.76,1.69,19,-0.25,2.12,2.05,1.85,1.81
0,0,0,0,2.0,3.25,4.0,2.1,3.1,3.3,2.1,3.2,3.4,2.1,3.1,3.2,1.91,3.2,3.5,1.91,3.2,3.75,1.9,3.0,3.75,2.0,3.2,3.5,2.0,3.2,3.2,48,2.1,1.98,3.31,3.2,4.2,3.5,30,2.2,2.05,1.75,1.68,18,-0.5,2.07,2.01,1.9,1.85
0,1,0,1,1.8,3.3,4.5,1.75,3.4,4.25,1.8,3.3,4.5,1.75,3.3,4.2,1.67,3.25,4.5,1.8,3.4,4.33,1.66,3.3,4.5,1.62,3.5,5.0,1.65,3.25,4.5,49,1.87,1.75,3.51,3.29,5.0,4.44,30,2.2,2.07,1.75,1.67,16,-0.5,1.9,1.87,2.04,1.99
2,4,1,3,2.2,3.2,3.25,2.05,3.2,3.3,2.1,3.25,3.4,2.3,3.1,2.8,2.1,3.2,3.0,2.1,3.1,3.3,2.1,3.1,3.1,2.25,3.25,2.88,2.2,3.2,2.8,48,2.3,2.13,3.26,3.17,4.0,3.16,30,2.2,2.06,1.72,1.67,18,-0.25,1.9,1.84,2.12,2.02
0,1,0,0,2.5,3.2,2.75,2.5,3.1,2.65,2.55,3.1,2.75,2.5,3.0,2.7,2.6,3.2,2.38,2.5,3.1,2.62,2.4,3.1,2.6,2.5,3.2,2.6,2.4,3.2,2.5,48,2.65,2.49,3.25,3.14,2.9,2.63,30,2.2,2.01,1.8,1.71,17,0.0,1.88,1.84,2.05,1.98
0,0,0,0,1.33,4.5,9.5,1.4,4.0,7.25,1.4,4.0,8.0,1.37,4.1,7.0,1.4,3.75,7.0,1.36,4.5,8.0,1.3,4.33,8.0,1.3,4.33,10.0,1.35,4.0,7.0,47,1.46,1.37,4.55,4.15,10.0,7.9,31,1.7,1.64,2.25,2.12,17,-1.25,1.92,1.87,2.07,1.99
2,1,1,0,4.33,3.3,1.83,3.45,3.2,2.0,3.75,3.25,1.95,3.4,3.1,2.0,3.75,3.2,1.83,4.0,3.25,1.85,4.0,3.0,1.83,3.75,3.25,1.91,3.75,3.25,1.84,48,4.4,3.74,3.36,3.21,2.05,1.91,30,2.3,2.11,1.71,1.65,17,0.5,2.0,1.95,1.92,1.9
1,1,1,0,1.66,3.4,5.5,1.7,3.45,4.5,1.7,3.45,5.0,1.65,3.5,4.5,1.73,3.1,4.5,1.67,3.4,4.75,1.7,3.2,4.5,1.57,3.6,5.5,1.6,3.25,5.0,48,1.75,1.66,3.61,3.41,5.6,4.93,30,2.2,2.03,1.8,1.7,17,-0.75,2.08,2.02,1.86,1.83
3,1,1,1,1.25,5.0,13.0,1.21,5.5,10.5,1.2,5.5,12.0,1.2,5.0,12.0,1.22,5.0,10.0,1.2,6.0,12.0,1.22,5.0,9.5,1.2,5.5,12.0,1.2,5.5,9.0,49,1.25,1.21,6.5,5.37,15.0,11.33,28,1.61,1.54,2.5,2.33,18,-1.75,2.1,2.05,1.86,1.81
1,0,0,0,2.37,3.2,2.9,2.35,3.2,2.75,2.4,3.15,2.75,2.3,3.0,2.9,2.25,3.2,2.75,2.4,3.2,2.7,2.37,3.0,2.7,2.38,3.2,2.75,2.5,3.1,2.5,49,2.55,2.36,3.25,3.15,3.11,2.78,26,2.35,2.11,1.71,1.65,18,0.0,1.83,1.77,2.1,2.07
1,1,0,1,2.0,3.2,3.75,2.1,3.2,3.2,1.95,3.2,3.7,2.0,3.1,3.4,1.83,3.2,3.75,1.95,3.25,3.6,1.83,3.0,4.0,1.91,3.2,3.75,2.1,3.2,3.0,49,2.1,1.98,3.3,3.19,4.25,3.56,26,2.2,2.06,1.71,1.67,18,-0.5,2.08,2.0,1.9,1.85
1,0,1,0,2.0,3.2,3.75,1.9,3.3,3.65,2.0,3.15,3.6,2.1,3.0,3.3,1.91,3.2,3.5,2.0,3.2,3.5,2.1,3.0,3.2,2.0,3.0,3.75,2.1,3.0,3.2,49,2.15,1.99,3.3,3.17,3.95,3.53,26,2.3,2.11,1.71,1.65,18,-0.5,2.17,2.08,1.8,1.79
2,1,0,1,1.57,3.75,5.5,1.5,3.75,5.85,1.55,3.55,5.85,1.55,3.5,5.5,1.62,3.25,5.0,1.53,3.5,6.0,1.61,3.3,5.0,1.53,3.4,6.5,1.55,3.5,5.0,49,1.63,1.55,3.76,3.53,7.5,5.83,26,2.0,1.87,1.95,1.85,18,-1.0,2.1,2.03,1.84,1.79
1,0,1,0,1.83,3.3,4.33,1.8,3.35,4.0,1.8,3.25,4.25,1.8,3.2,4.0,1.73,3.2,4.33,1.85,3.25,4.0,1.8,3.1,4.0,1.8,3.2,4.33,1.9,3.2,3.5,48,1.9,1.83,3.4,3.25,4.55,4.05,26,2.3,2.07,1.75,1.67,17,-0.5,1.92,1.89,2.0,1.96
2,0,1,0,1.66,3.4,5.5,1.6,3.5,5.25,1.65,3.4,5.15,1.65,3.4,4.7,1.5,3.4,6.0,1.65,3.4,5.0,1.57,3.3,5.5,1.62,3.4,5.25,1.6,3.25,5.0,49,1.72,1.62,3.61,3.42,6.0,5.23,27,2.1,1.95,1.85,1.76,17,-0.75,1.95,1.92,2.01,1.93
1,1,1,0,1.72,3.3,5.0,1.75,3.4,4.25,1.75,3.25,4.6,1.8,3.1,4.2,1.73,3.2,4.33,1.75,3.4,4.6,1.72,3.1,4.5,1.73,3.1,5.0,1.65,3.25,4.5,49,1.85,1.74,3.4,3.26,5.45,4.62,26,2.25,2.07,1.71,1.67,17,-0.5,1.86,1.84,2.08,2.01
1,1,0,0,3.4,3.25,2.1,3.4,3.25,2.0,3.3,3.25,2.05,3.4,3.1,2.0,2.8,3.4,2.1,3.25,3.4,2.1,3.0,3.2,2.1,3.2,3.2,2.1,3.5,3.4,1.85,49,3.5,3.29,3.4,3.24,2.25,2.06,26,1.86,1.75,2.07,1.97,18,0.25,2.05,1.96,1.92,1.87
0,1,0,1,2.0,3.2,3.75,1.85,3.35,3.8,1.95,3.2,3.75,1.9,3.1,3.8,1.83,3.2,3.75,1.91,3.25,4.0,1.9,3.1,3.6,2.0,3.2,3.5,2.0,3.2,3.2,49,2.0,1.92,3.35,3.22,4.05,3.74,25,2.2,2.01,1.8,1.71,16,-0.5,2.12,2.07,1.82,1.8
1,0,0,0,2.4,3.2,2.87,2.4,3.2,2.7,2.4,3.2,2.9,2.4,3.0,2.8,2.25,3.2,2.75,2.4,3.25,2.8,2.37,3.1,2.62,2.5,3.2,2.6,2.25,3.2,2.75,48,2.55,2.39,3.25,3.17,3.1,2.74,27,2.2,2.06,1.75,1.67,18,-0.25,2.1,2.07,1.84,1.81
0,0,0,0,7.5,4.33,1.4,9.0,4.5,1.3,8.5,4.0,1.4,6.5,3.7,1.45,6.0,3.75,1.44,8.0,4.2,1.4,8.0,3.75,1.36,8.5,4.33,1.33,7.5,4.0,1.35,47,8.85,7.66,4.4,4.01,1.48,1.4,26,1.7,1.65,2.25,2.09,17,1.0,2.13,2.03,1.86,1.81
1,2,0,2,1.8,3.3,4.5,1.65,3.4,5.1,1.8,3.2,4.7,1.7,3.2,4.7,1.7,3.2,4.5,1.73,3.4,4.5,1.66,3.3,4.5,1.62,3.25,5.75,1.65,3.2,5.0,48,1.87,1.72,3.5,3.27,5.5,4.76,27,2.2,2.06,1.74,1.67,16,-0.5,1.96,1.89,2.0,1.96
1,1,0,1,2.87,3.25,2.37,2.4,3.15,2.7,2.65,3.25,2.4,2.9,3.0,2.3,3.0,3.0,2.2,2.8,3.25,2.4,2.87,3.1,2.2,2.88,3.2,2.3,2.75,3.2,2.25,47,3.05,2.79,3.3,3.18,2.7,2.35,26,2.2,2.05,1.71,1.67,16,0.0,2.03,1.96,2.0,1.86
2,0,2,0,1.72,3.3,5.0,1.7,3.45,4.5,1.73,3.35,5.0,1.75,3.1,4.5,1.73,3.1,4.5,1.75,3.25,4.5,1.8,3.1,4.0,1.57,3.5,5.75,1.65,3.4,4.5,47,1.9,1.75,3.4,3.28,5.5,4.52,26,2.2,2.05,1.75,1.67,14,-0.5,1.95,1.91,2.01,1.94
0,0,0,0,1.83,3.3,4.33,1.75,3.4,4.2,1.85,3.25,4.33,1.85,3.1,4.0,1.8,3.2,4.0,1.8,3.25,4.2,1.95,3.1,3.5,1.83,3.25,4.0,1.75,3.3,4.0,48,1.95,1.84,3.3,3.25,4.85,4.07,27,2.21,1.99,1.8,1.74,16,-0.5,1.94,1.9,1.98,1.95
2,1,1,1,1.9,3.25,4.0,1.9,3.25,3.75,1.95,3.3,3.8,1.9,3.1,3.8,1.8,3.25,3.75,1.91,3.25,3.75,1.83,3.2,3.75,1.83,3.25,4.0,1.84,3.25,3.6,48,2.06,1.91,3.31,3.23,4.1,3.74,27,2.12,1.98,1.83,1.76,18,-0.5,2.05,2.01,1.92,1.85
4,0,2,0,1.61,3.4,6.0,1.6,3.6,5.0,1.65,3.45,5.5,1.7,3.2,4.7,1.62,3.5,4.5,1.62,3.6,5.5,1.66,3.3,4.5,1.62,3.4,5.5,1.53,3.5,5.5,48,1.73,1.64,3.56,3.41,6.0,5.16,27,1.96,1.8,2.05,1.93,17,-0.75,2.1,2.02,1.9,1.83
0,0,0,0,2.4,3.2,2.87,2.4,3.1,2.75,2.4,3.1,2.85,2.4,2.8,3.0,2.5,3.2,2.5,2.4,3.1,2.75,2.37,3.1,2.62,2.5,3.0,2.75,2.3,3.1,2.75,48,2.5,2.38,3.3,3.1,3.0,2.82,27,2.2,2.06,1.74,1.66,17,0.0,1.86,1.79,2.08,2.03
1,0,0,0,2.4,3.0,3.0,2.5,3.15,2.6,2.45,3.2,2.8,2.5,3.0,2.7,2.5,2.88,2.62,2.5,3.1,2.62,2.37,3.1,2.62,2.38,3.2,2.75,2.5,2.9,2.65,47,2.55,2.48,3.2,3.1,3.0,2.7,27,2.25,2.11,1.71,1.63,17,0.0,1.86,1.8,2.1,2.02
1,1,1,1,1.83,3.3,4.33,1.8,3.4,4.0,1.9,3.2,4.0,1.85,3.2,3.8,1.8,3.2,4.0,1.83,3.25,4.33,1.72,3.2,4.33,1.73,3.4,4.5,1.85,3.25,3.75,50,1.95,1.85,3.4,3.26,4.5,4.03,35,1.85,1.76,2.11,1.99,20,-0.5,2.0,1.95,2.01,1.91
3,0,1,0,1.8,3.3,4.5,1.75,3.35,4.3,1.8,3.3,4.25,1.85,3.2,3.8,1.8,3.25,3.75,1.8,3.25,4.2,1.83,3.2,3.75,1.73,3.4,4.4,1.7,3.3,4.35,50,1.9,1.8,3.5,3.27,4.8,4.18,33,2.0,1.92,1.95,1.81,20,-0.5,1.85,1.8,2.13,2.07
0,1,0,1,2.0,3.2,3.75,2.0,3.15,3.5,2.1,3.1,3.5,2.1,3.0,3.3,2.1,3.2,3.0,2.0,3.2,3.75,2.1,3.0,3.2,2.0,3.1,3.6,2.0,3.1,3.4,49,2.1,2.0,3.3,3.13,4.3,3.54,33,2.22,2.07,1.75,1.67,21,-0.5,2.02,1.99,1.93,1.87
0,0,0,0,2.37,3.25,2.87,2.35,3.15,2.8,2.35,3.15,2.9,2.3,2.8,3.1,2.1,3.2,3.0,2.38,3.1,2.8,2.2,3.1,2.87,2.3,3.0,3.0,2.25,3.1,2.8,50,2.45,2.32,3.25,3.12,3.15,2.89,30,2.27,2.09,1.7,1.66,22,-0.25,2.15,2.1,1.8,1.76
0,3,0,0,1.9,3.25,4.0,1.9,3.3,3.65,1.95,3.25,3.75,1.9,3.2,3.6,1.83,3.2,3.75,1.91,3.25,4.0,1.9,3.1,3.6,1.91,3.2,3.8,1.85,3.25,3.75,50,2.0,1.91,3.3,3.23,4.2,3.77,30,2.24,2.07,1.75,1.67,22,-0.5,2.0,1.94,1.98,1.92
2,1,2,1,2.5,3.0,2.87,2.3,3.15,2.85,2.35,3.15,2.9,2.55,2.8,2.85,2.38,3.0,2.75,2.5,3.1,2.8,2.4,2.8,2.87,2.5,3.0,2.75,2.35,3.1,2.65,50,2.6,2.43,3.2,3.0,3.15,2.86,32,2.35,2.18,1.68,1.61,22,0.0,1.82,1.77,2.18,2.06
2,0,1,0,1.72,3.4,5.0,1.65,3.5,4.75,1.75,3.3,4.7,1.7,3.2,4.7,1.73,3.2,4.33,1.7,3.4,4.6,1.72,3.2,4.33,1.67,3.33,5.0,1.75,3.2,4.35,49,1.9,1.75,3.5,3.26,5.0,4.46,31,2.16,2.0,1.8,1.75,21,-0.5,2.0,1.9,1.98,1.94
0,0,0,0,2.1,3.25,3.4,2.1,3.2,3.2,2.15,3.2,3.2,2.0,3.1,3.4,1.91,3.2,3.5,2.1,3.2,3.2,2.0,3.1,3.3,2.1,3.2,3.25,2.1,3.2,3.0,51,2.2,2.09,3.25,3.16,3.75,3.27,31,2.19,2.07,1.74,1.67,22,-0.25,1.92,1.88,2.04,2.0
0,4,0,2,1.66,3.4,5.5,1.6,3.5,5.15,1.7,3.4,4.75,1.75,3.2,4.3,1.67,3.25,4.5,1.7,3.4,4.6,1.66,3.3,4.5,1.62,3.4,5.5,1.6,3.5,4.6,50,1.76,1.67,3.6,3.38,5.7,4.93,31,2.16,2.01,1.8,1.73,21,-0.75,1.99,1.95,1.96,1.93
5,3,3,1,1.4,4.0,9.0,1.35,4.25,8.0,1.4,4.0,8.0,1.4,3.7,7.5,1.44,3.5,7.0,1.4,4.0,7.5,1.4,3.75,7.0,1.36,4.0,8.5,1.35,3.75,8.5,50,1.45,1.39,4.4,3.91,9.54,8.03,31,2.12,1.96,1.85,1.78,21,-1.25,2.05,1.99,1.95,1.88
1,1,0,0,2.37,3.2,2.9,2.35,3.15,2.8,2.5,3.15,2.75,2.5,3.0,2.7,2.5,3.2,2.5,2.4,3.2,2.7,2.37,3.0,2.7,2.5,3.0,2.75,2.35,3.0,2.75,48,2.6,2.45,3.25,3.11,3.09,2.71,30,2.26,2.1,1.7,1.65,23,0.0,1.89,1.79,2.12,2.02
0,1,0,1,2.5,3.2,2.75,2.55,3.0,2.65,2.5,3.15,2.75,2.5,3.0,2.7,2.25,3.2,2.75,2.6,3.0,2.75,2.4,3.1,2.6,2.25,3.2,2.88,2.4,3.2,2.5,47,2.7,2.49,3.2,3.12,2.88,2.67,33,2.4,2.13,1.7,1.64,22,0.0,1.99,1.89,1.98,1.91
1,2,0,1,2.4,3.25,2.8,2.4,3.15,2.7,2.47,3.2,2.75,2.4,3.1,2.7,2.5,3.2,2.5,2.4,3.2,2.7,2.5,3.1,2.5,2.5,3.2,2.62,2.3,3.2,2.7,48,2.55,2.45,3.25,3.15,2.98,2.69,30,2.16,2.03,1.75,1.69,23,0.0,1.85,1.78,2.09,2.02
1,1,1,0,1.33,4.5,9.5,1.35,4.25,8.0,1.33,4.6,9.0,1.35,4.0,8.0,1.3,4.33,8.0,1.33,4.8,8.0,1.33,4.0,8.0,1.25,5.0,10.0,1.3,4.35,8.0,48,1.36,1.31,5.34,4.53,11.0,8.92,33,1.7,1.63,2.3,2.16,22,-1.5,1.98,1.95,1.96,1.9
1,2,0,1,2.6,3.0,2.75,2.5,3.15,2.6,2.5,3.1,2.8,2.25,3.0,3.0,2.38,3.2,2.6,2.6,3.05,2.6,2.4,2.9,2.75,2.38,3.0,2.88,2.4,3.1,2.6,48,2.63,2.48,3.25,3.07,3.01,2.71,29,2.24,2.07,1.74,1.67,20,0.0,1.91,1.82,2.1,1.97
1,1,1,1,1.9,3.25,4.0,1.9,3.3,3.65,1.9,3.25,4.0,1.9,3.1,3.8,1.8,3.2,4.0,1.85,3.25,4.0,1.9,2.87,4.0,1.8,3.2,4.33,1.9,3.2,3.5,48,2.05,1.9,3.3,3.2,4.33,3.83,29,2.32,2.15,1.7,1.62,21,-0.5,2.1,2.05,1.89,1.8
1,1,0,0,2.37,3.2,2.9,2.3,3.2,2.8,2.4,3.2,2.85,2.3,3.1,2.8,2.6,3.2,2.38,2.4,3.25,2.8,2.5,3.1,2.5,2.5,3.2,2.6,2.3,3.2,2.65,48,2.5,2.37,3.25,3.14,3.08,2.78,29,2.2,2.03,1.77,1.69,21,0.0,1.79,1.71,2.21,2.05
2,2,2,2,6.5,3.6,1.53,6.5,3.85,1.45,6.25,3.75,1.53,5.5,3.5,1.55,6.0,3.4,1.5,6.5,3.8,1.5,5.5,3.5,1.53,6.0,3.4,1.57,5.5,3.6,1.5,47,7.3,6.03,3.85,3.55,1.62,1.53,29,1.92,1.81,2.0,1.91,20,1.0,2.3,1.85,2.4,2.03
1,1,0,0,1.72,3.4,5.0,1.8,3.35,4.0,1.75,3.35,4.75,1.7,3.3,4.5,1.67,3.4,4.33,1.75,3.25,4.5,1.72,3.25,4.2,1.73,3.25,4.75,1.65,3.25,4.5,48,1.85,1.73,3.5,3.29,5.2,4.6,29,2.23,2.08,1.75,1.67,20,-0.5,1.8,1.77,2.17,2.08
1,1,0,0,2.1,3.25,3.4,2.1,3.2,3.2,2.15,3.2,3.3,2.1,3.0,3.3,2.1,3.2,3.0,2.1,3.2,3.4,2.2,3.1,2.87,2.2,3.2,3.0,2.0,3.2,3.25,48,2.2,2.12,3.25,3.16,3.63,3.2,30,2.2,2.02,1.8,1.7,20,-0.25,1.88,1.82,2.08,2.02
1,0,1,0,1.53,3.6,7.0,1.4,4.0,7.25,1.57,3.5,6.0,1.6,3.2,5.7,1.44,3.6,6.5,1.55,3.75,6.0,1.44,3.75,6.0,1.53,3.4,6.5,1.5,3.5,6.0,48,1.66,1.53,3.8,3.51,7.4,6.39,35,2.06,1.88,1.91,1.85,23,-0.75,1.98,1.9,2.05,1.97
0,0,0,0,2.1,3.25,3.4,2.0,3.25,3.4,2.1,3.2,3.4,2.0,3.0,3.6,2.1,3.2,3.0,2.05,3.25,3.5,2.1,3.1,3.1,2.1,3.2,3.2,1.9,3.2,3.5,51,2.3,2.09,3.25,3.16,3.6,3.28,35,2.25,2.07,1.74,1.68,25,-0.25,1.96,1.89,2.05,1.97
0,0,0,0,2.0,3.3,3.5,2.0,3.15,3.5,2.05,3.15,3.6,2.0,3.0,3.6,1.91,3.25,3.4,2.1,3.1,3.3,1.95,3.0,3.6,1.91,3.2,3.75,1.9,3.25,3.6,51,2.1,1.98,3.25,3.16,4.1,3.59,32,2.37,2.15,1.7,1.63,24,-0.5,2.09,2.03,1.88,1.85
1,0,0,0,2.0,3.2,3.75,1.95,3.2,3.6,2.05,3.15,3.6,2.1,2.9,3.4,1.91,3.2,3.5,2.0,3.2,3.75,2.0,3.1,3.3,2.0,3.2,3.5,2.0,3.2,3.25,38,2.15,2.02,3.25,3.15,4.0,3.48,23,2.15,2.04,1.77,1.72,19,-0.5,2.15,2.07,1.84,1.8
1,0,0,0,1.83,3.25,4.5,1.75,3.35,4.35,1.9,3.2,4.15,1.85,3.0,4.2,1.8,3.2,4.0,1.85,3.4,4.0,1.83,3.0,4.0,1.8,3.2,4.33,1.84,3.25,3.75,50,2.05,1.85,3.35,3.17,4.5,4.11,33,2.25,2.1,1.7,1.65,25,-0.5,2.05,1.95,1.96,1.91
0,2,0,1,2.25,3.2,3.1,2.15,3.1,3.2,2.25,3.15,3.1,2.2,3.1,3.0,2.1,3.0,3.2,2.2,3.1,3.1,2.2,3.1,2.87,2.1,3.2,3.2,2.1,3.2,3.0,49,2.35,2.2,3.25,3.15,3.4,3.02,32,2.4,2.21,1.65,1.58,25,-0.25,2.02,1.94,1.96,1.93
1,1,0,0,4.0,3.3,1.9,3.55,3.25,1.95,4.0,3.25,1.91,3.6,3.2,1.9,3.4,3.25,1.91,3.75,3.4,1.91,3.5,3.2,1.9,3.75,3.2,1.91,4.35,3.2,1.75,49,4.3,3.76,3.3,3.22,2.05,1.92,37,1.91,1.84,2.0,1.89,26,0.5,1.88,1.84,2.11,2.03
1,1,1,0,1.44,4.0,7.5,1.5,3.7,6.0,1.45,3.85,7.5,1.5,3.9,5.3,1.4,3.75,7.0,1.44,3.8,7.0,1.4,3.75,7.0,1.36,4.0,8.5,1.4,3.75,8.0,50,1.5,1.43,4.35,3.83,9.25,7.36,33,2.0,1.9,1.95,1.83,25,-1.0,1.9,1.84,2.05,2.0
4,0,1,0,1.44,4.0,7.5,1.5,3.75,5.85,1.5,3.75,7.0,1.5,3.6,6.0,1.4,3.75,7.0,1.5,3.75,7.0,1.44,3.75,6.0,1.4,3.75,8.5,1.4,3.6,8.0,48,1.55,1.47,4.0,3.7,8.5,6.94,31,2.15,2.0,1.85,1.72,25,-1.0,1.96,1.89,2.02,1.94
1,2,1,1,1.8,3.3,4.5,1.7,3.4,4.5,1.8,3.4,4.3,1.7,3.4,4.3,1.62,3.5,4.5,1.73,3.4,4.33,1.72,3.25,4.2,1.67,3.4,4.75,1.8,3.2,4.0,49,1.94,1.79,3.45,3.3,4.75,4.22,33,2.2,2.1,1.74,1.65,25,-0.5,1.95,1.92,2.0,1.95
0,1,0,1,2.2,3.2,3.25,2.3,3.15,2.85,2.25,3.15,3.15,2.3,3.0,2.9,2.2,3.2,2.8,2.2,3.25,3.1,2.25,3.2,2.75,2.38,3.2,2.75,2.25,3.25,2.75,48,2.4,2.25,3.25,3.16,3.45,2.97,31,2.38,2.14,1.7,1.62,25,-0.25,1.96,1.92,2.0,1.94
4,0,1,0,1.8,3.4,3.75,1.85,3.35,3.8,1.8,3.3,4.5,1.75,3.3,4.2,1.8,3.2,4.0,1.73,3.4,4.75,1.7,3.3,4.33,1.73,3.25,4.75,1.65,3.4,4.35,47,1.9,1.79,3.4,3.27,4.95,4.31,32,2.3,2.12,1.7,1.64,22,-0.5,1.94,1.88,2.05,1.98
0,2,0,2,1.83,3.25,3.75,1.95,3.2,3.65,2.0,3.2,3.75,2.1,3.1,3.2,1.91,3.2,3.5,2.05,3.2,3.6,2.0,3.2,3.2,1.91,3.2,3.75,1.9,3.25,3.6,45,2.4,2.14,3.2,3.11,3.85,3.24,30,2.2,2.05,1.75,1.68,23,-0.25,2.13,2.08,1.83,1.8
0,3,0,0,2.8,3.1,2.25,2.85,3.15,2.3,3.05,3.15,2.3,2.7,3.1,2.4,2.75,3.2,2.25,2.88,3.2,2.25,2.87,3.1,2.2,2.88,3.2,2.25,2.8,3.2,2.2,49,3.49,2.98,3.3,3.12,2.4,2.26,32,2.35,2.17,1.7,1.61,25,0.25,2.03,1.96,1.96,1.9
1,1,0,1,2.62,3.2,2.37,2.7,3.15,2.4,2.75,3.1,2.55,2.6,3.1,2.5,2.6,3.2,2.38,2.8,3.2,2.3,2.75,3.2,2.25,2.5,3.2,2.6,2.6,3.1,2.4,49,2.8,2.65,3.26,3.14,2.7,2.48,32,2.25,2.1,1.7,1.66,25,0.0,2.05,1.95,1.93,1.86
2,0,1,0,2.1,3.25,3.0,2.15,3.15,3.15,2.15,3.2,3.3,2.2,3.0,3.1,2.0,3.2,3.2,2.15,3.1,3.2,2.1,3.2,3.0,2.2,3.2,3.0,2.1,3.2,3.0,49,2.2,2.13,3.25,3.17,3.65,3.2,32,2.23,2.09,1.75,1.65,25,-0.25,1.89,1.83,2.1,2.05
0,1,0,0,2.5,3.2,2.5,2.6,3.15,2.5,2.6,3.1,2.7,2.4,3.1,2.7,2.38,3.2,2.6,2.5,3.15,2.6,2.5,3.1,2.5,2.6,3.2,2.5,2.4,3.1,2.65,49,2.6,2.51,3.25,3.13,2.9,2.64,32,2.3,2.13,1.7,1.63,25,0.0,1.93,1.84,2.09,1.97
2,1,0,1,1.16,6.5,10.0,1.15,7.0,11.0,1.18,6.5,13.0,1.25,4.8,9.5,1.22,5.0,10.0,1.18,6.0,15.0,1.2,5.0,11.0,1.18,5.25,16.0,1.18,5.5,11.0,49,1.25,1.19,7.0,5.71,16.5,12.38,36,1.62,1.57,2.4,2.24,21,-1.75,1.96,1.93,1.98,1.94
1,3,1,1,2.1,3.25,3.0,2.25,3.15,2.95,2.2,3.2,3.2,2.2,3.1,3.0,2.25,3.2,2.75,2.25,3.2,2.88,2.2,3.1,2.87,2.1,3.2,3.2,2.1,3.25,3.0,49,2.25,2.16,3.3,3.18,3.6,3.13,32,2.25,2.08,1.73,1.66,25,-0.25,1.87,1.83,2.12,2.05
1,0,1,0,1.2,5.5,17.0,1.18,6.0,11.5,1.21,5.5,12.0,1.22,4.8,11.0,1.2,5.0,11.0,1.22,5.5,12.0,1.22,5.0,9.5,1.18,5.5,13.0,1.17,6.0,10.0,53,1.25,1.2,6.64,5.45,17.53,12.21,36,1.72,1.62,2.35,2.18,21,-1.75,2.07,2.02,1.9,1.85
1,1,1,0,2.1,3.2,3.5,2.0,3.15,3.5,2.1,3.15,3.4,2.1,2.9,3.4,1.91,3.2,3.5,2.1,3.2,3.2,2.1,2.87,3.3,2.1,3.2,3.2,2.1,2.9,3.3,51,2.3,2.1,3.25,3.05,4.0,3.39,30,2.38,2.17,1.7,1.62,23,-0.25,2.0,1.94,1.95,1.92
0,2,0,1,2.1,3.2,3.5,2.0,3.1,3.6,2.15,3.2,3.2,2.1,3.1,3.2,2.2,3.2,2.8,2.2,3.2,3.2,2.2,3.0,3.0,2.1,3.2,3.2,2.2,3.2,2.8,52,2.34,2.15,3.25,3.13,3.5,3.17,32,2.37,2.16,1.7,1.62,24,-0.25,2.06,1.99,1.96,1.87
0,1,0,0,1.83,3.25,4.5,1.7,3.4,4.5,1.75,3.4,4.5,1.75,3.2,4.3,1.67,3.4,4.33,1.73,3.4,4.75,1.7,3.3,4.33,1.67,3.4,4.75,1.75,3.25,4.2,54,1.87,1.73,3.5,3.32,5.2,4.49,33,2.45,2.15,1.7,1.63,25,-0.5,1.93,1.82,2.08,2.03
1,1,1,1,2.3,3.1,3.1,2.15,3.1,3.2,2.15,3.2,3.2,2.1,3.0,3.3,2.2,3.2,2.8,2.2,3.2,3.0,2.15,3.1,3.0,2.2,3.2,3.0,2.1,3.2,3.0,54,2.2,2.12,3.3,3.17,3.95,3.19,32,2.27,2.05,1.7,1.67,26,-0.25,1.96,1.86,2.08,2.02
2,3,2,1,2.62,3.2,2.6,2.45,3.15,2.65,2.65,3.2,2.5,2.5,3.2,2.5,2.38,3.2,2.6,2.6,3.2,2.5,2.6,3.1,2.4,2.5,3.2,2.6,2.5,3.4,2.4,54,2.94,2.63,3.4,3.18,2.6,2.47,33,2.26,2.07,1.73,1.67,25,0.0,2.11,2.01,1.86,1.8
0,1,0,0,2.87,3.2,2.4,2.7,3.15,2.4,2.75,3.2,2.4,3.1,3.0,2.2,2.75,3.2,2.25,3.0,3.2,2.3,2.75,3.1,2.3,2.8,3.25,2.3,2.75,3.2,2.25,54,3.05,2.79,3.25,3.16,2.59,2.35,37,2.14,1.96,1.87,1.78,26,0.0,2.1,2.0,1.9,1.79
1,2,0,0,2.4,3.2,2.87,2.35,3.1,2.8,2.45,3.2,2.7,2.4,3.1,2.7,2.38,2.8,2.88,2.38,3.1,2.8,2.37,3.1,2.62,2.3,3.25,2.8,,,,54,2.5,2.36,3.25,3.08,3.21,2.84,33,2.22,2.05,1.75,1.69,25,0.0,1.75,1.71,2.2,2.04
3,0,2,0,1.36,4.33,9.0,1.35,4.25,8.0,1.37,4.3,8.0,1.4,3.7,7.5,1.25,5.0,8.0,1.36,4.33,7.5,1.4,3.75,7.0,1.36,4.33,7.5,1.3,4.35,8.0,54,1.4,1.34,5.0,4.26,11.0,8.33,33,2.0,1.84,1.96,1.88,24,-1.25,1.85,1.82,2.08,2.05
1,1,1,0,2.25,3.1,3.2,2.1,3.15,3.25,2.2,3.2,3.1,2.2,3.2,2.9,2.2,3.2,2.8,2.2,3.2,3.0,2.3,3.0,2.8,2.0,3.2,3.5,2.25,3.25,2.7,54,2.4,2.22,3.3,3.13,3.5,3.03,33,2.27,2.05,1.75,1.68,26,-0.25,2.1,2.04,1.91,1.83
2,0,1,0,2.3,3.1,3.1,2.25,3.15,2.95,2.3,3.2,2.9,2.2,3.0,3.1,2.25,3.2,2.75,2.3,3.1,2.9,2.2,3.2,2.8,2.2,3.2,3.0,2.25,3.2,2.75,47,2.4,2.27,3.25,3.15,3.1,2.89,24,2.15,2.07,1.72,1.66,23,-0.25,2.12,2.05,1.88,1.83
1,0,0,0,1.72,3.4,5.0,1.75,3.4,4.25,1.75,3.3,4.75,1.65,3.4,4.7,1.67,3.4,4.33,1.7,3.3,4.75,1.72,3.1,4.5,1.73,3.25,4.75,1.75,3.4,4.0,48,1.75,1.68,3.6,3.38,5.8,4.68,25,2.25,2.12,1.7,1.64,22,-0.75,1.98,1.94,1.97,1.92
0,1,0,1,2.37,3.25,2.87,2.1,3.2,3.2,2.25,3.2,3.0,2.2,3.1,3.0,2.2,3.25,2.75,2.2,3.2,3.0,2.25,3.1,2.8,2.3,3.2,2.8,2.2,3.25,2.8,48,2.4,2.22,3.3,3.18,3.2,2.94,23,2.25,2.11,1.7,1.63,23,0.0,1.78,1.67,2.2,2.1
2,2,0,1,2.2,3.1,3.3,2.25,3.15,2.95,2.2,3.2,3.1,2.2,3.1,3.0,2.25,3.2,2.75,2.25,3.2,2.88,2.15,3.3,2.8,2.1,3.2,3.2,2.25,3.2,2.75,47,2.3,2.21,3.3,3.17,3.35,2.97,24,2.2,2.09,1.7,1.65,23,-0.25,2.0,1.95,1.95,1.91
0,1,0,0,2.87,3.25,2.37,3.1,3.1,2.2,2.9,3.2,2.3,2.8,3.0,2.4,3.0,3.2,2.1,2.88,3.2,2.4,2.8,3.1,2.25,3.0,3.2,2.2,2.9,3.1,2.2,47,3.0,2.83,3.2,3.15,2.56,2.32,27,2.23,2.04,1.8,1.7,22,0.0,2.11,2.0,1.85,1.79
1,2,1,0,2.4,3.2,2.87,2.4,3.15,2.7,2.3,3.2,2.9,2.3,3.1,2.8,2.25,3.2,2.75,2.4,3.1,2.8,2.2,3.1,2.87,2.3,3.2,2.8,2.4,3.0,2.6,47,2.35,2.23,3.3,3.16,3.5,2.96,23,2.25,2.08,1.75,1.65,23,-0.25,1.9,1.86,2.05,2.02
2,1,1,1,4.0,3.0,2.0,3.5,3.15,2.0,3.4,3.1,2.1,3.4,2.9,2.1,3.2,3.2,2.0,3.5,3.2,2.0,3.3,3.1,2.05,3.2,3.2,2.1,3.2,3.2,2.0,48,4.0,3.53,3.25,3.16,2.1,1.99,24,2.2,2.07,1.7,1.66,23,0.5,1.92,1.88,2.03,2.0
3,0,3,0,1.8,3.3,4.5,1.75,3.4,4.25,1.8,3.25,4.4,1.8,3.0,4.4,1.8,3.25,3.75,1.75,3.25,4.5,1.72,3.1,4.5,1.91,3.2,3.75,1.75,3.4,4.0,48,1.9,1.76,3.5,3.26,5.45,4.39,24,2.2,2.05,1.9,1.68,20,-0.75,2.05,2.04,1.88,1.85
2,1,2,1,1.4,4.33,7.5,1.4,3.9,7.5,1.4,3.9,8.0,1.4,3.7,7.5,1.44,3.6,6.5,1.4,4.0,7.5,1.4,3.6,7.5,1.4,3.75,8.5,1.4,3.75,7.5,48,1.44,1.4,4.33,3.89,10.05,7.69,24,2.13,1.95,1.9,1.76,21,-1.25,2.1,2.02,1.9,1.84
2,3,0,1,4.33,3.4,1.8,4.65,3.35,1.7,4.5,3.3,1.76,4.0,3.1,1.85,4.0,3.4,1.73,4.6,3.5,1.73,4.5,3.2,1.7,4.5,3.4,1.7,4.0,3.4,1.73,47,4.75,4.3,3.5,3.3,1.86,1.76,25,2.2,2.02,1.9,1.73,19,0.5,2.06,2.01,1.91,1.85
2,0,1,0,1.57,3.6,6.0,1.45,3.75,6.75,1.55,3.6,6.0,1.6,3.5,5.0,1.4,3.75,7.0,1.57,3.8,5.5,1.5,3.6,5.5,1.5,3.6,6.5,1.45,3.6,6.5,51,1.74,1.58,3.75,3.51,6.5,5.53,35,2.05,1.89,1.95,1.83,21,-0.75,2.09,2.04,1.88,1.83
0,2,0,1,5.0,3.4,1.72,4.5,3.45,1.7,4.75,3.4,1.7,4.5,3.3,1.7,4.5,3.5,1.62,4.6,3.4,1.75,5.0,3.3,1.61,4.33,3.4,1.73,4.0,3.4,1.75,52,4.85,4.24,3.5,3.3,2.0,1.78,32,2.2,2.02,1.8,1.71,21,0.5,1.9,1.84,2.09,2.01
1,1,1,1,1.61,3.6,5.5,1.55,3.55,5.5,1.6,3.5,5.5,1.55,3.4,5.8,1.44,3.75,6.0,1.57,3.6,6.0,1.44,3.75,6.0,1.62,3.4,5.25,1.53,3.6,5.5,51,1.62,1.54,3.93,3.59,7.0,5.81,36,2.22,2.08,1.75,1.68,21,-1.0,1.99,1.91,2.0,1.93
2,1,2,0,1.9,3.1,4.33,1.95,3.2,3.6,1.91,3.15,4.0,1.9,3.0,4.0,1.83,3.0,4.0,1.91,3.25,3.75,1.9,3.0,3.75,2.0,3.0,3.75,1.8,3.25,4.0,51,1.95,1.88,3.4,3.12,4.5,3.96,32,2.42,2.18,1.65,1.61,21,-0.5,1.95,1.93,1.98,1.94
3,1,0,1,1.83,3.5,4.0,1.75,3.45,4.15,1.8,3.3,4.33,,,,1.73,3.4,4.0,1.85,3.4,3.75,1.8,3.3,3.75,1.83,3.5,3.75,1.75,3.3,4.0,50,2.02,1.86,3.5,3.28,4.1,3.8,31,2.1,2.01,1.8,1.72,20,-0.5,2.11,2.08,1.83,1.8
1,2,1,0,1.9,3.25,4.0,1.7,3.4,4.5,1.83,3.3,4.2,1.9,3.3,3.5,1.8,3.4,3.6,1.91,3.4,3.75,1.83,3.0,4.0,1.91,3.3,3.6,1.8,3.25,4.0,49,2.05,1.88,3.4,3.23,4.2,3.84,30,2.31,2.14,1.67,1.64,20,-0.5,2.16,2.09,1.81,1.78
3,3,1,2,1.53,3.75,6.0,1.55,3.5,5.75,1.5,3.75,6.5,1.55,3.5,5.5,1.5,3.4,6.0,1.5,3.8,6.5,1.44,3.6,6.5,1.44,3.75,7.0,1.5,3.6,6.0,48,1.55,1.49,4.09,3.65,7.2,6.22,33,2.03,1.87,1.95,1.86,19,-1.0,2.0,1.95,1.97,1.89
2,1,0,0,2.8,3.25,2.4,2.85,3.15,2.3,2.8,3.25,2.35,2.7,3.1,2.4,2.75,3.2,2.25,2.75,3.2,2.38,2.6,3.3,2.3,2.7,3.25,2.38,2.65,3.2,2.4,49,2.9,2.7,3.35,3.18,2.69,2.38,29,2.38,2.11,1.7,1.66,20,0.0,2.0,1.94,1.98,1.88
2,2,2,1,2.4,3.25,2.8,2.6,3.15,2.5,2.5,3.25,2.62,2.5,3.2,2.5,2.5,3.2,2.5,2.4,3.2,2.7,2.5,2.9,2.62,2.5,3.2,2.8,2.35,3.1,2.65,49,2.55,2.45,3.35,3.16,3.0,2.65,32,2.27,2.09,1.7,1.66,22,0.0,1.83,1.76,2.2,2.05
3,0,0,0,2.4,3.25,2.8,2.25,3.4,2.75,2.4,3.3,2.7,2.3,3.2,2.5,2.25,3.2,2.75,2.3,3.4,2.7,2.5,3.25,2.4,2.2,3.5,2.75,2.35,3.2,2.6,50,2.55,2.32,3.4,3.21,3.06,2.74,30,2.3,2.08,1.71,1.66,20,-0.25,2.05,2.01,1.88,1.86
1,0,0,0,2.1,3.25,3.0,2.1,3.4,3.0,2.15,3.4,3.1,2.0,3.3,3.0,2.2,3.25,2.75,2.1,3.3,3.1,2.3,3.4,2.5,2.25,3.2,2.88,2.0,3.2,3.2,52,2.3,2.15,3.6,3.29,3.25,3.0,27,2.09,1.99,1.85,1.75,21,-0.25,2.08,2.02,1.95,1.86
1,1,1,0,1.72,3.4,4.2,1.75,3.3,4.4,1.85,3.25,4.2,1.85,3.1,3.6,1.73,3.2,4.33,1.85,3.3,4.2,1.9,3.1,3.6,1.73,3.3,4.5,1.8,3.25,3.75,53,1.95,1.83,3.4,3.25,4.5,4.03,29,2.22,2.07,1.8,1.69,23,-0.5,1.94,1.9,2.03,1.97
5,0,1,0,1.83,3.25,3.75,1.75,3.45,4.15,1.83,3.25,4.3,1.75,3.1,4.2,1.73,3.2,4.33,1.8,3.5,3.8,1.83,3.2,3.75,1.8,3.2,4.33,1.8,3.4,3.75,53,2.0,1.84,3.4,3.24,4.35,4.0,28,2.12,1.95,1.9,1.79,22,-0.5,2.08,2.01,1.93,1.86
1,0,1,0,1.8,3.4,3.75,1.8,3.3,4.1,1.85,3.25,4.2,1.9,3.1,3.5,1.73,3.2,4.33,1.85,3.25,4.0,1.9,3.4,3.25,1.73,3.3,4.5,1.84,3.25,3.6,51,1.95,1.85,3.5,3.27,4.5,3.91,29,2.05,1.95,1.91,1.79,22,-0.5,2.09,2.02,1.92,1.85
1,0,0,0,1.44,4.0,6.0,1.55,3.6,5.6,1.5,3.7,6.5,1.55,3.3,5.2,1.44,3.75,6.0,1.44,3.75,7.0,1.5,3.4,6.0,1.5,3.75,6.0,1.45,3.75,6.0,51,1.55,1.46,4.65,3.76,8.5,6.47,26,1.95,1.88,1.96,1.86,21,-1.25,1.94,1.91,2.01,1.98
3,1,1,1,2.1,3.25,3.0,2.25,3.1,3.0,2.2,3.2,3.15,2.1,3.0,3.1,2.2,3.25,2.75,2.25,3.2,2.88,2.1,3.1,3.1,2.3,3.2,2.8,2.2,3.2,2.8,51,2.3,2.17,3.4,3.17,3.6,3.09,30,2.15,2.02,1.89,1.72,22,-0.25,1.95,1.93,1.97,1.94
3,2,2,2,1.9,3.25,3.5,1.9,3.25,3.75,,,,1.9,3.2,3.4,1.8,3.4,3.6,1.8,3.6,4.0,1.83,3.4,3.5,1.91,3.3,3.6,1.65,3.4,4.35,44,1.9,1.75,3.75,3.48,4.75,4.04,24,2.22,2.05,1.8,1.7,19,-0.75,1.98,1.95,1.96,1.92
2,0,1,0,1.53,3.6,5.5,1.55,3.4,6.25,1.57,3.6,6.0,1.6,3.3,4.8,1.57,3.5,5.0,1.5,3.6,6.5,1.36,4.0,7.0,1.57,3.5,5.5,1.45,3.75,6.0,53,1.57,1.5,4.65,3.69,8.1,6.21,28,1.91,1.83,2.11,1.91,21,-1.0,1.91,1.81,2.12,2.07
2,1,0,0,2.7,3.2,2.5,2.5,3.4,2.45,2.65,3.2,2.55,2.5,3.3,2.5,2.5,3.2,2.5,2.75,3.3,2.4,2.5,3.1,2.5,2.63,3.3,2.38,2.5,3.2,2.4,28,2.8,2.6,3.35,3.2,2.59,2.48,30,2.27,2.07,1.75,1.67,27,0.0,2.09,1.99,1.85,1.81
4,3,4,2,2.5,3.4,2.6,2.4,3.4,2.55,2.4,3.45,2.65,2.4,3.3,2.6,2.38,3.2,2.6,2.4,3.5,2.63,2.15,3.3,2.8,2.38,3.3,2.63,2.35,3.25,2.5,53,2.61,2.38,3.45,3.27,2.9,2.68,34,2.1,1.97,1.85,1.77,28,0.0,1.89,1.8,2.06,1.98
3,1,0,1,2.3,3.25,3.0,2.35,3.3,2.7,2.35,3.3,2.75,2.4,3.0,2.6,2.2,3.25,2.75,2.25,3.4,2.9,2.2,3.25,2.75,2.25,3.25,2.8,2.2,3.3,2.75,50,2.4,2.26,3.5,3.25,3.0,2.8,27,1.82,1.75,2.15,2.0,18,0.0,1.75,1.7,2.23,2.17
