Div,Date,HomeTeam,AwayTeam,FTHG,FTAG,FTR,HTHG,HTAG,HTR,Attendance,HS,AS,HST,AST,HHW,AHW,HC,AC,HF,AF,HO,AO,HY,AY,HR,AR,HBP,ABP,GBH,GBD,GBA,IWH,IWD,IWA,LBH,LBD,LBA,SBH,SBD,SBA,SYH,SYD,SYA,WHH,WHD,WHA
D1,2028-7-1,Cottbus,Hamburg,1,0,H,0,0,D,17781,11,6,2,1,0,0,6,3,24,23,0,1,2,2,0,0,20,20,2.35,3.15,2.65,2.4,2.9,2.4,2.4,3.25,2.5,2.4,3.1,2.6,2.5,3,2.6,2.37,3.25,2.5
D1,2028-7-1,Dortmund,Nurnberg,2,0,H,1,0,H,68000,16,4,10,1,0,0,5,4,15,17,10,1,2,2,0,0,20,20,1.33,4.1,7.4,1.4,3.6,5.5,1.33,4.33,7,1.33,4.2,7.5,,,,1.36,3.75,8
D1,2028-7-1,Freiburg,Werder Bremen,3,0,H,0,0,D,25000,11,13,5,3,0,0,9,5,11,12,2,2,1,4,0,1,10,65,2.2,3.1,2.85,2.1,2.9,2.9,2.2,3.25,2.75,2.1,3.2,3,2.25,3,3,2.1,3.2,3
D1,2028-7-1,Leverkusen,Wolfsburg,2,1,H,1,0,H,22500,13,4,7,2,1,0,11,0,6,15,3,1,2,1,0,0,20,10,1.47,3.8,5.8,1.55,3.3,4.5,1.5,3.4,6,1.5,3.4,6,1.57,3.6,5,1.5,3.6,5.5
D1,2028-7-1,M'gladbach,Bayern Munich,1,0,H,1,0,H,34500,15,10,4,3,0,0,5,7,19,25,5,1,0,4,0,0,0,40,3.55,3.3,1.9,3,2.9,2,3.5,3.2,1.91,3.4,3.3,1.91,3.5,3.25,1.91,3.7,3.3,1.8
D1,2028-7-1,Munich 1860,Kaiserslautern,0,4,A,0,0,D,24000,8,7,2,5,1,0,7,4,17,20,1,0,2,3,0,0,20,30,2.2,3.2,2.85,2.1,2.9,2.9,2,3.4,3,2.1,3.2,3,2.25,3,3,2,3.3,3.1
D1,2028-7-1,Stuttgart,FC Koln,0,0,D,0,0,D,30000,16,9,6,2,2,1,4,0,19,22,1,3,1,1,0,0,10,10,1.95,3.2,3.5,1.9,2.9,3.2,1.91,3.25,3.4,2,3,3.4,1.91,3.25,3.5,2.1,3.2,3
D1,2029-7-1,St Pauli,Hertha,0,0,D,0,0,D,20515,9,12,4,4,0,1,1,1,20,24,2,3,1,2,0,0,10,20,3.7,3.2,1.85,3.5,3,1.8,3.5,3.5,1.8,3.6,3.3,1.8,3.25,3.5,1.91,3.75,3.25,1.8
D1,2004-8-1,Bayern Munich,Schalke 04,3,0,H,3,0,H,63000,15,6,9,3,1,0,4,6,13,17,3,1,2,4,0,0,20,40,,,,1.7,3.1,3.8,1.5,3.4,6,1.57,3.5,5,1.67,3.4,4.5,1.61,3.5,4.5
D1,2004-8-1,FC Koln,Munich 1860,2,0,H,0,0,D,32000,12,4,7,2,1,1,5,3,10,8,1,1,1,1,0,0,10,10,,,,1.9,2.9,3.2,1.8,3.25,3.75,1.67,3.3,4.5,1.8,3.4,3.75,1.66,3.4,4.33
D1,2004-8-1,Hamburg,Stuttgart,2,0,H,1,0,H,39036,17,13,6,4,1,0,5,4,21,17,2,4,1,0,0,0,10,0,,,,1.8,3,3.5,1.91,3.25,3.4,1.67,3.4,4.5,1.73,3.25,4.33,,,
D1,2004-8-1,Hansa Rostock,Leverkusen,0,3,A,0,1,A,25000,14,9,5,3,0,1,5,7,12,14,2,3,3,4,0,0,30,40,,,,2.9,2.9,2.1,2.8,3.2,2.2,2.9,3.3,2.1,3.25,3,2.1,2.8,3.2,2.2
D1,2004-8-1,Hertha,Dortmund,0,2,A,0,0,D,55000,16,11,3,7,1,0,10,4,14,20,0,3,2,1,0,0,20,10,,,,2.2,2.9,2.7,2.1,3.4,2.8,2.25,3.2,2.75,2.25,3,3,2.25,3.3,2.62
D1,2004-8-1,Werder Bremen,Cottbus,3,2,H,1,2,A,25000,23,10,5,3,0,0,9,3,9,21,4,4,2,5,0,0,20,50,,,,1.5,3.4,4.7,1.5,3.4,6,1.53,3.4,5.75,1.62,3.4,5,1.53,3.4,5.5
D1,2004-8-1,Wolfsburg,St Pauli,1,1,D,0,1,A,11000,31,12,18,6,0,1,13,1,18,15,3,1,2,2,0,0,20,20,,,,1.5,3.4,4.7,1.57,3.25,5.5,1.45,3.6,6.5,,,,1.5,3.6,5.5
D1,2005-8-1,Kaiserslautern,M'gladbach,3,2,H,0,0,D,41582,18,8,8,4,0,1,7,0,16,18,1,4,1,2,0,0,10,20,,,,1.65,3.2,3.9,1.57,3.5,5,1.57,3.4,5.25,1.57,3.6,5,1.57,3.5,5
D1,2005-8-1,Nurnberg,Freiburg,2,0,H,1,0,H,33000,21,5,7,3,1,0,9,5,20,25,2,3,1,2,0,0,10,20,,,,2.2,2.9,2.7,2.4,3.25,2.5,2.38,3.1,2.62,2.38,3.2,2.62,2.25,3.2,2.75
D1,2011-8-1,Cottbus,Nurnberg,1,0,H,1,0,H,15702,7,10,2,4,1,1,4,7,25,17,2,4,3,3,0,0,30,30,,,,1.85,2.9,3.4,1.8,3.25,3.75,,,,1.91,3.2,3.6,2,3.2,3.2
D1,2011-8-1,Dortmund,Wolfsburg,4,0,H,3,0,H,66000,12,7,3,5,0,0,6,1,10,19,2,1,1,1,0,0,10,10,,,,1.4,3.6,5.5,1.4,3.75,7,,,,1.4,4,6.5,1.28,4.33,8.5
D1,2011-8-1,Freiburg,Hertha,1,3,A,0,2,A,22000,18,14,4,10,1,0,3,1,13,24,1,0,1,3,0,1,10,55,,,,2.3,2.9,2.5,2.25,3.2,2.75,,,,2.38,3,2.75,2.3,3.1,2.75
D1,2011-8-1,Kaiserslautern,FC Koln,2,1,H,2,0,H,41000,18,9,6,4,1,0,8,3,23,18,2,3,1,3,0,0,10,30,,,,1.7,3.1,3.8,1.57,3.5,5,,,,1.67,3.4,4.5,1.61,3.3,5
D1,2011-8-1,Leverkusen,Bayern Munich,1,1,D,0,0,D,22500,10,6,5,3,1,1,6,2,28,27,13,2,3,5,0,0,30,50,,,,2.3,2.9,2.5,2.37,3.2,2.6,,,,2.5,3,2.6,2.4,3.1,2.6
D1,2011-8-1,Munich 1860,Hamburg,1,1,D,0,1,A,22000,15,13,5,6,0,0,5,10,20,19,2,2,0,1,0,0,0,10,,,,2.2,2.9,2.7,2.37,3.2,2.6,,,,2.38,3.2,2.6,2.37,3.1,2.62
D1,2011-8-1,Stuttgart,Werder Bremen,0,0,D,0,0,D,17500,10,10,5,4,0,1,5,5,20,15,1,5,1,2,0,0,10,20,,,,2.1,2.9,2.9,2,3.2,3.2,,,,2.1,3.25,3,2.2,3.2,2.8
D1,2012-8-1,M'gladbach,Schalke 04,0,0,D,0,0,D,34500,21,6,5,2,1,0,9,5,17,19,1,0,2,1,0,0,20,10,,,,2.4,2.9,2.4,2.4,3.25,2.5,,,,2.6,3.2,2.38,2.5,3.1,2.5
D1,2012-8-1,St Pauli,Hansa Rostock,0,1,A,0,1,A,19000,17,13,5,6,3,0,6,6,24,24,0,1,3,3,0,0,30,30,,,,2,2.9,3,2,3.2,3.2,,,,2.1,3.25,3,2,3.2,3.2
D1,2018-8-1,Bayern Munich,St Pauli,2,0,H,2,0,H,50000,18,6,9,4,1,0,8,8,12,21,5,1,1,2,0,0,10,20,,,,1.2,4.7,9,1.2,5,11,,,,1.2,5,11,1.22,5,9.5
D1,2018-8-1,Hamburg,Kaiserslautern,2,3,A,0,3,A,42000,21,10,9,5,0,0,2,2,16,16,5,0,2,1,0,0,20,10,,,,2,2.9,3,2.2,3.25,2.75,,,,2.25,3.2,2.75,2.1,3.2,3
D1,2018-8-1,Hansa Rostock,Dortmund,0,2,A,0,2,A,25000,6,11,3,7,0,0,4,6,14,18,0,2,2,2,0,0,20,20,,,,3.2,2.9,1.9,3.5,3.2,1.91,,,,3.6,3.4,1.8,3.75,3.3,1.8
D1,2018-8-1,Nurnberg,Stuttgart,2,4,A,1,1,D,40000,9,15,3,10,1,0,6,4,19,17,4,4,4,2,0,0,40,20,,,,2.1,2.9,2.9,2,3.2,3.2,,,,2,3.2,3.2,2,3.2,3.2
D1,2018-8-1,Schalke 04,Leverkusen,3,3,D,2,0,H,60000,9,11,6,7,1,1,8,7,15,30,2,2,3,2,0,0,30,20,,,,2.1,2.9,2.9,2.2,3.25,2.75,,,,2.2,3,3,2.2,3.1,2.87
D1,2018-8-1,Werder Bremen,Munich 1860,1,3,A,1,2,A,28000,15,11,5,8,1,1,11,1,20,16,1,1,5,2,0,1,50,45,,,,1.75,3.1,3.6,1.5,3.4,6,,,,1.62,3.5,4.5,1.66,3.3,4.5
D1,2018-8-1,Wolfsburg,Freiburg,1,1,D,0,1,A,16000,17,10,10,4,0,1,5,4,29,25,2,3,3,0,0,0,30,0,,,,1.9,2.9,3.2,1.91,3.25,3.4,,,,1.91,3.25,3.4,2,3.2,3.2
D1,2019-8-1,FC Koln,M'gladbach,0,2,A,0,0,D,42000,12,13,4,5,0,0,4,6,22,34,4,4,2,4,0,0,20,40,,,,2,2.9,3,1.91,3.25,3.4,,,,1.8,3.25,3.75,2,3.3,3.1
D1,2019-8-1,Hertha,Cottbus,2,3,A,1,0,H,40000,15,11,5,3,1,1,5,5,10,23,3,1,1,3,0,0,10,30,,,,1.45,3.5,5,1.44,3.5,7,,,,1.4,3.75,7,1.36,3.75,8
D1,2021-8-1,Schalke 04,Hansa Rostock,3,1,H,1,1,D,60204,16,9,6,4,3,1,4,4,12,18,2,0,2,4,1,1,45,65,,,,1.4,3.6,5.5,1.57,3.5,5,,,,,,,1.4,3.6,7.5
D1,2008-9-1,Cottbus,Wolfsburg,3,3,D,2,2,D,14000,11,8,3,2,3,0,7,10,13,14,0,4,2,3,0,0,20,30,,,,2,2.9,3,1.8,3.25,3.75,1.91,3.2,3.5,1.8,3.25,3.75,1.83,3.3,3.6
D1,2008-9-1,Dortmund,Bayern Munich,0,2,A,0,1,A,68900,12,5,4,4,0,0,5,4,25,22,3,3,1,2,0,0,10,20,,,,2.1,2.9,2.9,2.25,3.4,2.62,2.2,3.2,2.8,2.2,3.2,2.8,2.1,3.2,3
D1,2008-9-1,Freiburg,Hansa Rostock,1,1,D,0,0,D,25000,18,13,10,5,2,0,5,3,8,16,5,6,1,1,0,0,10,10,,,,1.7,3.1,3.8,1.73,3.4,4,1.67,3.25,4.5,1.73,3.4,4,1.66,3.3,4.5
D1,2008-9-1,M'gladbach,Leverkusen,0,1,A,0,1,A,30184,28,7,17,5,2,0,13,2,14,19,2,8,1,3,0,0,10,30,,,,2.4,2.9,2.4,2.6,3.2,2.37,,,,2.62,3.2,2.38,2.62,3.1,2.37
D1,2008-9-1,Munich 1860,Nurnberg,1,0,H,0,0,D,35000,11,9,5,3,0,0,5,3,15,17,5,0,1,1,0,0,10,10,,,,1.7,3.1,3.8,1.73,3.4,4,1.75,3.2,4.2,1.73,3.4,4,1.66,3.3,4.5
D1,2008-9-1,St Pauli,Schalke 04,0,2,A,0,1,A,20725,9,6,4,3,0,0,6,2,11,12,3,7,0,2,0,0,0,20,,,,3,2.9,2,2.87,3.25,2.1,3.1,3.1,2.1,3,3.2,2.1,3,3.2,2.1
D1,2008-9-1,Stuttgart,Hertha,0,0,D,0,0,D,20500,4,7,2,1,0,0,0,4,13,24,2,7,4,4,1,0,65,40,,,,2.3,2.9,2.5,2.2,3.2,2.8,2.4,3.1,2.6,2.38,3.2,2.62,2.37,3.1,2.62
D1,2009-9-1,FC Koln,Hamburg,2,1,H,0,1,A,30000,23,11,5,4,0,1,8,3,14,22,1,0,1,1,0,0,10,10,,,,2.2,2.9,2.7,2,3.25,3.2,2.2,3.1,2.9,2.2,3.2,2.8,2.2,3.25,2.75
D1,2009-9-1,Kaiserslautern,Werder Bremen,2,1,H,0,1,A,41582,17,10,10,4,0,0,8,6,15,19,1,4,1,5,0,0,10,50,,,,1.7,3.1,3.8,1.57,3.75,4.5,1.62,3.3,5,1.67,3.25,4.5,1.66,3.3,4.5
D1,2015-9-1,Bayern Munich,Freiburg,1,0,H,0,0,D,40000,26,5,11,1,0,0,10,4,21,12,3,5,1,1,0,0,10,10,,,,1.3,4,7,1.3,4.5,7.5,1.3,4.33,8,1.3,4.33,8,1.28,4.5,8
D1,2015-9-1,Hamburg,M'gladbach,3,3,D,2,1,H,53000,9,12,5,7,0,0,8,6,15,19,2,1,3,1,0,0,30,10,,,,1.75,3.1,3.6,1.91,3.25,3.4,,,,1.8,3.25,3.75,1.83,3.3,3.6
D1,2015-9-1,Leverkusen,St Pauli,3,1,H,1,0,H,20000,17,4,6,2,0,0,8,1,16,20,3,3,5,4,1,0,75,40,,,,1.25,4.3,8,1.2,5,11,1.25,4.75,9,1.3,4.33,8,1.28,4.5,8
D1,2015-9-1,Nurnberg,Kaiserslautern,0,2,A,0,0,D,30000,10,5,4,3,0,1,10,5,11,23,3,5,3,1,0,0,30,10,,,,2.7,2.9,2.2,2.87,3.25,2.1,2.75,3.2,2.25,2.5,3.25,2.38,2.62,3.2,2.3
D1,2015-9-1,Schalke 04,Dortmund,1,0,H,1,0,H,60204,12,9,6,3,1,1,3,6,27,26,2,2,1,4,0,0,10,40,,,,2.2,2.8,2.8,2.2,3.25,2.75,2.4,3.1,2.62,2.38,3.25,2.5,2.4,2.87,2.8
D1,2015-9-1,Werder Bremen,FC Koln,1,1,D,0,1,A,26700,16,7,9,5,1,0,6,2,18,13,3,1,3,2,0,0,30,20,,,,1.8,3,3.5,1.8,3.25,3.75,1.83,3.2,3.8,1.83,3.2,3.75,1.72,3.4,4
D1,2015-9-1,Wolfsburg,Stuttgart,0,2,A,0,1,A,12500,9,5,3,5,0,0,1,1,19,14,4,0,3,1,0,0,30,10,,,,2,2.9,3,2.1,3.25,2.87,2.1,3,3.2,2.1,3.2,3,2.1,3.2,3
D1,2016-9-1,Hansa Rostock,Cottbus,0,0,D,0,0,D,23000,13,7,7,3,0,0,10,4,10,15,1,2,1,3,0,1,10,55,,,,1.9,2.9,3.2,2.1,3.2,3,2,3.2,3.2,2.1,3.2,3,2.1,3.1,3.1
D1,2016-9-1,Hertha,Munich 1860,2,1,H,0,1,A,30000,15,6,7,3,0,0,9,3,20,23,0,2,1,4,1,2,35,90,,,,1.6,3.2,4.2,1.61,3.5,4.5,1.62,3.4,4.75,1.73,3.4,4,1.53,3.3,5
D1,2022-9-1,Cottbus,Bayern Munich,0,3,A,0,2,A,20500,10,13,4,8,0,1,8,8,12,22,0,4,1,3,0,0,10,30,,,,3,2.9,2,3.2,3.2,2,3.5,3.25,1.91,3.75,3.2,1.83,3.3,3.1,2
D1,2022-9-1,Dortmund,Leverkusen,1,1,D,1,0,H,68600,7,8,3,5,0,0,4,4,24,28,5,2,3,3,0,0,30,30,,,,2.1,2.9,2.9,2.1,3.25,2.87,2.2,3,3,2,3.2,3.2,2,3.1,3.3
D1,2022-9-1,FC Koln,Nurnberg,1,2,A,1,2,A,29000,16,12,5,4,0,0,6,1,19,15,2,5,2,0,0,0,20,0,,,,1.65,3.1,4,1.57,3.5,5,1.6,3.4,5,1.73,3.4,4,1.66,3.3,4.5
D1,2022-9-1,Freiburg,Schalke 04,2,0,H,0,0,D,25000,12,15,6,6,0,0,3,5,7,16,4,2,0,2,0,0,0,20,,,,2.7,2.9,2.2,2.5,3.25,2.4,2.7,3.2,2.3,2.5,3.2,2.4,2.5,3.1,2.5
D1,2022-9-1,Hamburg,Werder Bremen,0,4,A,0,2,A,43000,16,12,5,7,0,0,15,6,15,22,4,0,3,1,0,0,30,10,,,,2,2.9,3,1.91,3.25,3.4,1.91,3.2,3.5,1.91,3.25,3.4,2,2.9,3.6
D1,2022-9-1,Kaiserslautern,Hertha,4,1,H,1,0,H,41500,12,11,8,4,1,1,10,8,20,19,0,2,2,2,0,0,20,20,,,,1.9,2.9,3.2,1.73,3.5,3.75,1.9,3.25,3.5,1.8,3.25,4,1.9,3.1,3.6
D1,2022-9-1,Stuttgart,Hansa Rostock,2,1,H,0,1,A,15000,18,4,7,1,0,0,5,0,24,26,1,6,5,3,1,1,75,55,,,,1.7,3.1,3.8,1.73,3.4,4,1.73,3.2,4.33,1.73,3.4,4,1.72,3.2,4.33
D1,2023-9-1,M'gladbach,St Pauli,2,2,D,0,0,D,23000,23,3,12,3,0,0,10,5,29,24,1,3,2,3,0,0,20,30,,,,1.6,3.2,4.2,1.5,3.4,6,,,,1.57,3.25,5.5,1.5,3.6,5.5
D1,2023-9-1,Munich 1860,Wolfsburg,2,1,H,1,0,H,7000,13,16,4,3,0,0,8,6,20,29,2,1,3,2,0,2,30,70,,,,1.8,3,3.5,1.67,3.4,4.33,1.75,3.25,4.2,1.73,3.4,4,1.66,3.3,4.5
D1,2029-9-1,Hansa Rostock,Munich 1860,2,2,D,1,1,D,16000,18,12,7,3,0,2,9,10,14,15,0,1,2,0,0,0,20,0,,,,2.2,2.9,2.7,,,,2.3,3.1,2.75,2.25,3.1,2.8,2.25,3.2,2.75
D1,2029-9-1,Hertha,FC Koln,3,0,H,1,0,H,25000,9,10,4,1,0,0,4,13,27,17,2,1,2,0,0,0,20,0,,,,1.6,3.2,4.2,,,,1.57,3.4,5,1.67,3.25,4.5,1.66,3.4,4.33
D1,2029-9-1,Nurnberg,Hamburg,0,0,D,0,0,D,31200,11,7,3,4,0,1,3,1,12,21,8,4,2,3,0,0,20,30,,,,2.2,2.9,2.7,,,,2.2,3.2,2.88,2.2,3.1,2.88,2.1,3.2,3
D1,2029-9-1,Schalke 04,Cottbus,2,0,H,2,0,H,60204,15,10,4,5,1,0,15,5,20,21,3,1,2,3,0,0,20,30,,,,1.45,3.5,5,,,,1.44,3.6,6.5,1.4,4,6.5,1.44,3.6,6.5
D1,2029-9-1,St Pauli,Dortmund,1,2,A,0,2,A,21725,6,16,2,8,1,1,6,14,12,23,0,1,2,4,0,0,20,40,,,,3.2,2.9,1.9,,,,3.75,3.25,1.83,3.75,3.25,1.8,3.25,3.4,1.9
D1,2029-9-1,Werder Bremen,M'gladbach,1,0,H,0,0,D,33231,13,5,7,4,1,0,8,2,14,20,5,1,4,1,0,0,40,10,,,,1.8,3,3.5,1.8,3.25,3.75,1.91,3.25,3.4,1.8,3.25,3.75,1.72,3.25,4.2
D1,2029-9-1,Wolfsburg,Kaiserslautern,2,0,H,1,0,H,14000,27,19,12,9,0,2,7,15,28,21,1,1,1,2,0,0,10,20,,,,2.8,3,2.1,,,,3,3.2,2.1,3,3.2,2.1,3,3.2,2.1
D1,1930-9-1,Bayern Munich,Stuttgart,4,0,H,2,0,H,61000,13,7,8,1,1,0,5,7,22,15,4,1,0,2,0,1,0,45,,,,1.45,3.5,5,1.36,4,7,1.36,3.75,8,1.4,3.75,7,1.36,3.75,8
D1,1930-9-1,Leverkusen,Freiburg,4,1,H,3,1,H,22500,17,5,8,4,1,0,6,4,14,21,3,2,1,1,0,0,10,10,,,,1.45,3.5,5,1.4,3.75,7,1.4,3.75,7.5,1.4,4,6.5,1.44,3.6,6.5
D1,2013-10-1,Cottbus,Leverkusen,2,3,A,1,2,A,16460,23,11,10,4,0,1,13,0,24,22,2,1,4,3,0,1,40,55,,,,3.3,3,2,3.5,3.2,1.91,,,,3.2,3.2,2,3.4,3.25,1.9
D1,2013-10-1,Freiburg,St Pauli,2,2,D,1,1,D,25000,9,6,4,6,1,0,6,5,19,22,2,1,0,3,0,0,0,30,,,,1.6,3.4,4.6,1.57,3.5,5,,,,1.57,3.5,5,1.57,3.3,5.5
D1,2013-10-1,Hamburg,Hertha,4,0,H,2,0,H,45000,15,9,10,5,0,0,5,10,14,13,2,2,1,1,0,0,10,10,,,,2.1,3,3.1,2.37,3.2,2.6,,,,2.38,3.2,2.6,2.37,3.1,2.62
D1,2013-10-1,Kaiserslautern,Hansa Rostock,3,1,H,0,1,A,38000,16,11,6,4,1,0,9,6,13,20,5,7,0,3,0,0,0,30,,,,1.4,3.9,6,1.44,3.6,6.5,,,,1.36,4,7,1.4,3.75,7
D1,2013-10-1,M'gladbach,Dortmund,1,2,A,0,2,A,34500,15,11,7,6,1,0,14,4,23,19,2,6,3,2,0,1,30,45,,,,2.7,2.9,2.4,2.75,3.2,2.25,,,,2.75,3,2.38,2.75,3.2,2.25
D1,2013-10-1,Munich 1860,Bayern Munich,1,5,A,1,2,A,69000,13,16,5,9,0,0,3,7,13,11,0,0,4,0,0,0,40,0,,,,4,3.1,1.75,4.33,3.4,1.67,,,,4.5,3.5,1.62,4.5,3.3,1.66
D1,2013-10-1,Stuttgart,Schalke 04,3,0,H,1,0,H,30000,12,10,3,3,0,0,6,7,13,14,2,1,1,4,0,0,10,40,,,,2.4,2.9,2.7,2.25,3.2,2.75,,,,2.38,3.2,2.6,2.4,3.1,2.6
D1,2014-10-1,FC Koln,Wolfsburg,0,4,A,0,2,A,29000,9,17,4,7,0,1,7,4,16,22,2,4,2,1,0,0,20,10,,,,2,3.1,3.2,1.73,3.4,4,,,,1.91,3.2,3.5,1.83,3.3,3.6
D1,2014-10-1,Werder Bremen,Nurnberg,3,0,H,1,0,H,26650,16,6,10,1,0,0,4,2,15,12,9,7,1,1,0,0,10,10,,,,1.6,3.4,4.6,1.57,3.5,5,,,,1.62,3.5,4.5,1.57,3.5,5
D1,2020-10-1,Bayern Munich,Kaiserslautern,4,1,H,3,0,H,63000,9,4,6,2,1,0,5,4,12,15,2,1,0,1,0,0,0,10,1.55,3.55,5.25,1.55,3.5,4.8,1.57,3.5,5,,,,1.62,3.5,4.5,1.57,3.5,5
D1,2020-10-1,Hansa Rostock,FC Koln,3,0,H,0,0,D,20000,23,10,9,3,0,3,10,4,16,11,2,3,1,1,0,0,10,10,2.15,3,3.15,2,3.1,3.2,2.1,3.2,3,,,,2.1,3.2,3,2,3.2,3.2
D1,2020-10-1,Hertha,Werder Bremen,3,1,H,2,1,H,25000,13,8,6,5,0,1,2,2,14,26,3,0,3,4,0,1,30,65,1.85,3.2,3.85,1.9,3.1,3.5,1.8,3.25,3.75,,,,1.91,3.2,3.5,1.9,3.25,3.4
D1,2020-10-1,Leverkusen,Stuttgart,4,1,H,1,1,D,22500,16,4,7,3,0,0,6,1,24,24,2,3,2,1,0,0,20,10,1.5,3.6,5.8,1.55,3.5,4.8,1.4,3.75,7,,,,1.5,3.6,5.5,1.53,3.4,5.5
D1,2020-10-1,Nurnberg,M'gladbach,1,2,A,0,1,A,21000,12,7,4,4,1,0,14,4,16,10,2,3,3,3,0,0,30,30,2.15,3,3.15,2.1,3,3.1,2.25,3.4,2.62,,,,2.1,3.2,3,2.1,3.2,3
D1,2020-10-1,Schalke 04,Munich 1860,1,0,H,1,0,H,60200,12,15,3,7,0,1,3,5,11,10,4,2,3,2,0,0,30,20,1.55,3.55,5.25,1.55,3.5,4.8,1.5,3.6,5.5,,,,1.62,3.25,5,1.57,3.5,5
D1,2020-10-1,St Pauli,Cottbus,4,0,H,1,0,H,16200,17,12,7,3,0,1,10,4,18,17,8,2,1,3,0,1,10,55,2.15,3.1,3.05,2.3,2.8,2.9,2.25,3.4,2.62,,,,2.2,3.2,2.8,2.25,3.2,2.75
D1,2021-10-1,Dortmund,Freiburg,0,2,A,0,1,A,68600,12,7,6,4,0,0,7,0,15,13,6,1,1,1,0,0,10,10,1.4,4,6.7,1.4,3.9,6,1.33,4,8,,,,1.36,4,7,1.36,3.75,8
D1,2021-10-1,Wolfsburg,Hamburg,0,1,A,0,0,D,19080,15,14,6,7,0,1,6,6,25,31,2,2,3,3,0,0,30,30,2.1,3.2,3.1,2.1,3,3.1,1.91,3.25,3.4,,,,2,3.2,3.2,2.1,3.2,3
D1,2027-10-1,Cottbus,Dortmund,0,2,A,0,0,D,21000,8,10,5,5,0,1,1,5,28,15,3,4,4,5,0,0,40,50,3.35,3.15,2,3.2,3.1,2,3.5,3.2,1.91,3.2,3.25,2,3.5,3.2,1.91,3.4,3.25,1.9
D1,2027-10-1,FC Koln,Bayern Munich,0,2,A,0,1,A,42000,10,12,4,5,0,1,1,6,15,13,2,0,2,1,0,0,20,10,4.05,3.3,1.76,3.6,3.2,1.8,4.33,3.4,1.67,4.75,3.25,1.67,4,3.4,1.73,4.33,3.4,1.66
D1,2027-10-1,Kaiserslautern,Schalke 04,0,0,D,0,0,D,40000,12,10,6,5,0,1,5,9,19,15,2,4,1,3,0,0,10,30,1.83,3.25,3.8,2,3.1,3.2,1.73,3.4,4,1.75,3.25,4,1.83,3.2,3.75,1.8,3.3,3.75
D1,2027-10-1,M'gladbach,Freiburg,2,2,D,1,1,D,25000,17,8,7,7,0,0,6,4,13,19,4,1,1,3,0,0,10,30,1.98,3.15,3.4,2.1,3,3.1,2,3.4,3,2,3.25,3.25,2,3.2,3.2,2,3.2,3.2
D1,2027-10-1,Munich 1860,Leverkusen,1,4,A,1,1,D,35000,11,9,6,5,1,0,0,8,16,13,0,0,2,3,0,1,20,55,3,3.1,2.15,3.2,3.1,2,3.2,3.2,2,3.3,3.2,1.95,3.2,3.2,2,3.2,3.2,2
D1,2027-10-1,Stuttgart,St Pauli,2,0,H,1,0,H,20000,16,8,7,3,2,0,2,5,18,11,2,2,1,2,0,1,10,45,1.55,3.45,5.5,1.55,3.5,4.8,1.5,3.4,6,1.5,3.5,6,1.5,3.6,5.5,1.57,3.5,5
D1,2027-10-1,Werder Bremen,Wolfsburg,1,0,H,0,0,D,28500,16,6,8,3,1,0,5,6,19,24,10,4,2,2,0,0,20,20,1.73,3.3,4.25,1.8,3.1,3.8,1.67,3.4,4.33,1.7,3.25,4.33,1.8,3.25,3.75,1.66,3.4,4.33
D1,2028-10-1,Hamburg,Hansa Rostock,0,1,A,0,1,A,40000,12,11,7,9,0,0,6,8,15,25,1,4,4,1,0,0,40,10,1.57,3.5,5,1.6,3.4,4.6,1.57,3.5,5,1.62,3.4,4.75,1.67,3.4,4.33,1.57,3.5,5
D1,2028-10-1,Nurnberg,Hertha,1,3,A,0,1,A,25000,9,10,6,6,0,0,4,4,15,14,0,5,3,3,0,0,30,30,2.58,3.05,2.5,2.7,3,2.3,2.6,3.2,2.37,2.6,3.2,2.4,2.6,3.2,2.38,2.5,3.3,2.37
D1,2003-11-1,Bayern Munich,Hamburg,3,0,H,0,0,D,55000,20,8,10,2,0,0,8,8,15,23,3,2,1,1,0,0,10,10,1.27,4.8,8.25,1.35,4,7,1.28,4.33,9,1.29,4.5,9,1.3,4.33,8,1.25,5,8
D1,2003-11-1,Dortmund,Stuttgart,1,0,H,0,0,D,65000,5,6,4,3,0,1,4,2,22,16,6,2,2,1,0,0,20,10,1.52,3.6,5.6,1.6,3.4,4.6,1.5,3.6,5.5,1.57,3.4,5.5,1.57,3.25,5.5,1.5,3.6,5.5
D1,2003-11-1,Hansa Rostock,Werder Bremen,0,1,A,0,0,D,17000,14,13,4,7,1,3,6,7,8,9,2,3,2,2,0,0,20,20,2.35,3.05,2.75,2.2,3,2.9,2.25,3.4,2.62,2.25,3.2,2.8,2.25,3.2,2.75,2.3,3.1,2.75
D1,2003-11-1,Leverkusen,Kaiserslautern,2,1,H,1,1,D,22500,10,8,7,2,0,0,12,3,17,24,4,3,3,3,0,0,30,30,1.65,3.3,4.7,1.6,3.4,4.6,1.5,3.4,6,1.5,3.5,6,1.67,3.25,4.5,1.53,3.6,5
D1,2003-11-1,Schalke 04,FC Koln,3,1,H,1,1,D,60204,22,6,10,3,1,0,10,2,18,20,0,0,1,2,0,1,10,45,1.45,3.75,6.25,1.55,3.5,4.8,1.44,3.6,6.5,1.4,4,7,1.44,3.75,6,1.4,3.75,7
D1,2003-11-1,St Pauli,Munich 1860,0,3,A,0,1,A,20735,20,8,8,4,0,0,10,5,20,29,2,1,3,5,0,0,30,50,2.3,3.1,2.8,2.3,2.9,2.8,2.25,3.2,2.75,2.3,3.1,2.8,2.25,3.2,2.75,2.3,3.25,2.62
D1,2003-11-1,Wolfsburg,Nurnberg,5,0,H,2,0,H,14000,17,7,10,4,0,0,3,6,11,15,7,3,2,1,0,0,20,10,1.68,3.4,4.4,1.55,3.5,4.8,1.61,3.5,4.5,1.62,3.25,5,1.67,3.4,4.33,1.57,3.5,5
D1,2004-11-1,Freiburg,Cottbus,3,1,H,1,1,D,25000,11,16,5,7,0,0,5,3,17,18,5,1,1,3,1,0,35,30,1.6,3.5,4.85,1.6,3.4,4.6,1.57,3.5,5,1.5,3.4,6.25,1.62,3.5,4.5,1.57,3.5,5
D1,2004-11-1,Hertha,M'gladbach,3,0,H,2,0,H,42000,10,15,4,2,0,0,5,2,23,19,2,4,1,2,0,0,10,20,1.65,3.4,4.65,1.6,3.4,4.6,1.61,3.25,5,1.7,3.3,4.5,1.67,3.25,4.5,1.57,3.5,5
D1,2017-11-1,FC Koln,Leverkusen,1,2,A,0,0,D,40000,12,17,5,7,0,1,3,8,11,12,2,2,4,3,1,0,65,30,3.9,3.3,1.8,3.8,3.1,1.8,3.75,3.25,1.8,3.9,3.2,1.8,3.75,3.25,1.8,3.75,3.3,1.8
D1,2017-11-1,Hamburg,Schalke 04,0,0,D,0,0,D,55400,11,11,4,6,1,1,2,10,5,8,1,6,1,3,0,0,10,30,2.35,3.1,2.75,2.3,2.9,2.8,2.4,3.25,2.5,2.4,3.1,2.6,2.38,3,2.7,2.3,3.25,2.62
D1,2017-11-1,Hertha,Wolfsburg,2,0,H,1,0,H,25400,12,7,7,3,0,0,2,1,13,14,4,2,2,1,1,1,45,35,1.6,3.4,5.1,1.65,3.3,4.4,1.5,3.6,5.5,1.53,3.5,5.5,1.57,3.5,5,1.53,3.4,5.5
D1,2017-11-1,Kaiserslautern,St Pauli,5,1,H,2,1,H,29895,13,9,6,4,0,0,13,2,9,10,4,1,3,1,0,0,30,10,1.31,4.4,7.7,1.35,4,7,1.36,4,7,1.3,4,9,1.33,4,8,1.33,4,8
D1,2017-11-1,Munich 1860,Dortmund,1,3,A,0,0,D,27500,9,13,3,5,0,0,8,8,15,17,0,0,2,3,0,0,20,30,3.1,3.25,2.05,2.8,2.9,2.3,3,3.4,2,3.2,3.2,2,3.2,3.2,2,3,3.2,2.1
D1,2017-11-1,Stuttgart,Freiburg,3,0,H,1,0,H,28000,14,3,8,2,1,0,11,2,14,11,2,4,0,1,0,0,0,10,1.82,3.25,3.9,1.9,3.1,3.5,1.73,3.4,4,1.83,3.1,4,1.83,3.2,3.75,1.9,3.25,3.4
D1,2017-11-1,Werder Bremen,Bayern Munich,1,0,H,1,0,H,36000,10,11,3,3,0,0,2,3,18,18,5,5,3,3,0,0,30,30,3.45,3.2,1.95,3.1,3,2.1,3.2,3.2,2,3.2,3.2,2,3.2,3.2,2,3.2,3.2,2
D1,2018-11-1,M'gladbach,Cottbus,0,0,D,0,0,D,25000,24,7,7,1,0,1,7,4,15,27,3,2,3,2,1,0,55,20,1.6,3.4,5.1,1.65,3.3,4.4,1.67,3.4,4.33,1.6,3.4,5,1.62,3.25,5,1.57,3.5,5
D1,2018-11-1,Nurnberg,Hansa Rostock,2,0,H,0,0,D,25000,8,6,3,4,0,0,5,4,12,16,2,3,2,2,0,1,20,45,2.25,3.1,2.87,2.2,3,2.9,2.25,3.2,2.75,2.3,3.2,2.62,2.2,3,3,2.25,3.2,2.75
D1,2024-11-1,Bayern Munich,Nurnberg,0,0,D,0,0,D,63000,13,11,5,3,1,0,5,4,28,18,6,3,2,2,0,0,20,20,1.13,6.5,13,1.25,4.5,9,1.2,5,11,1.2,5,11,1.17,5.5,11,1.22,5,9.5
D1,2024-11-1,Cottbus,Stuttgart,0,0,D,0,0,D,18000,4,11,2,5,0,1,3,4,27,14,0,5,4,3,1,0,65,30,2.5,3,2.6,2.5,3,2.5,2.62,3.2,2.37,2.5,3.1,2.5,2.5,3.1,2.5,2.5,3.1,2.5
D1,2024-11-1,Hansa Rostock,Hertha,1,1,D,0,0,D,25000,13,15,4,3,3,0,6,7,20,17,2,2,1,4,0,0,10,40,2.65,3.1,2.4,2.9,3,2.2,2.6,3.2,2.37,2.62,3.1,2.4,2.6,3.1,2.38,2.5,3.25,2.4
D1,2024-11-1,Leverkusen,Hamburg,4,1,H,2,1,H,25050,17,12,8,3,0,1,7,3,16,21,3,4,0,3,0,0,0,30,1.4,3.9,6.8,1.45,3.8,5.4,1.4,3.75,7,1.33,4.2,8,1.36,4,7,1.33,4.33,7
D1,2024-11-1,Schalke 04,Werder Bremen,1,4,A,0,2,A,60000,21,16,6,6,1,0,4,3,24,22,3,1,4,1,0,0,40,10,1.75,3.3,4.15,1.75,3.2,4,1.73,3.5,3.75,1.75,3.3,4,1.8,3.25,3.75,1.72,3.4,4
D1,2024-11-1,St Pauli,FC Koln,1,2,A,0,2,A,20551,15,13,3,5,1,0,6,5,23,25,2,2,3,4,1,0,55,40,2.15,3.1,3.05,2.2,3,2.9,2.1,3.25,2.87,2.1,3.2,3,2.1,3.1,3.1,2.25,3.25,2.7
D1,2024-11-1,Wolfsburg,M'gladbach,3,1,H,2,0,H,14493,9,14,4,5,0,0,3,12,26,14,5,4,1,3,0,0,10,30,1.87,3.3,3.6,1.85,3.1,3.6,1.8,3.4,3.6,1.91,3.2,3.5,1.91,3.2,3.5,1.83,3.3,3.6
D1,2025-11-1,Dortmund,Kaiserslautern,3,0,H,0,0,D,68000,12,8,8,3,0,0,6,2,15,18,5,3,1,3,0,0,10,30,1.73,3.35,4.2,1.9,3.1,3.5,1.67,3.4,4.33,1.8,3.25,3.8,1.73,3.2,4.33,1.66,3.3,4.5
D1,2025-11-1,Freiburg,Munich 1860,1,3,A,1,2,A,25000,20,18,14,6,0,0,16,5,11,15,0,2,0,1,0,0,0,10,1.9,3.2,3.6,2,3.1,3.2,1.73,3.4,4,1.8,3.3,3.8,1.83,3.2,3.75,1.8,3.4,3.6
D1,2001-12-1,FC Koln,Dortmund,0,2,A,0,2,A,42000,18,10,7,3,0,0,9,3,13,16,1,4,2,4,0,0,20,40,3.75,3.2,1.86,3.5,3.1,1.9,3.75,3.25,1.8,3.5,3.2,1.9,3.75,3.25,1.8,3.75,3.3,1.8
D1,2001-12-1,Hansa Rostock,Wolfsburg,1,2,A,0,1,A,16000,10,9,2,4,0,0,3,5,20,20,2,1,0,2,0,0,0,20,2.2,3.05,3,2.3,2.9,2.8,2.2,3.25,2.75,2.2,3,3,2.1,3.2,3,2.1,3.2,3
D1,2001-12-1,Kaiserslautern,Freiburg,3,0,H,1,0,H,38248,18,4,7,2,0,0,7,2,11,9,3,3,1,1,0,0,10,10,1.47,3.65,6.1,1.6,3.4,4.6,1.53,3.5,5.5,1.5,3.5,6,1.5,3.4,6,1.5,3.6,5.5
D1,2001-12-1,Munich 1860,Cottbus,1,0,H,0,0,D,13000,13,4,7,2,2,0,8,2,10,11,0,0,0,0,0,1,0,25,1.6,3.45,5,1.6,3.4,4.6,1.61,3.5,4.5,1.57,3.4,5.2,1.57,3.5,5,1.53,3.4,5.5
D1,2001-12-1,Nurnberg,Schalke 04,0,3,A,0,0,D,44600,4,4,1,3,0,0,1,5,16,11,2,6,3,2,2,0,80,20,2.7,3,2.37,2.7,3,2.3,2.62,3.4,2.25,2.62,3.1,2.38,2.6,3.1,2.38,2.62,3.1,2.37
D1,2001-12-1,Stuttgart,M'gladbach,1,1,D,0,0,D,25000,8,8,3,4,0,0,9,1,22,18,3,12,3,2,0,0,30,20,1.62,3.4,4.9,1.7,3.2,4.2,1.57,3.5,5,1.62,3.3,5,1.57,3.25,5.5,1.61,3.3,5
D1,2001-12-1,Werder Bremen,Leverkusen,2,1,H,1,1,D,34000,10,9,6,1,0,0,6,3,13,20,6,3,3,7,0,1,30,95,2.6,2.9,2.3,2.5,3,2.5,2.6,3.2,2.37,2.6,3,2.5,2.6,3.1,2.38,2.3,3.2,2.62
D1,2002-12-1,Hamburg,St Pauli,4,3,H,3,0,H,54000,22,14,7,7,1,0,5,6,27,28,2,4,5,3,0,0,50,30,1.55,3.6,5.2,1.6,3.4,4.6,1.61,3.5,4.5,1.53,3.3,6,1.53,3.4,5.5,1.57,3.25,5.5
D1,2002-12-1,Hertha,Bayern Munich,2,1,H,0,0,D,52000,13,13,9,4,1,1,3,3,20,18,1,4,3,2,0,0,30,20,2.8,3.05,2.33,2.5,3,2.5,2.6,3.2,2.37,2.7,3.2,2.3,2.8,3.2,2.2,2.8,3.2,2.2
D1,2008-12-1,Bayern Munich,Wolfsburg,3,3,D,2,1,H,37000,23,19,9,8,0,0,4,5,18,25,6,6,2,4,0,0,20,40,1.26,4.75,8.7,1.3,4.2,8,1.36,3.75,8,1.29,4.33,8.5,1.3,4.33,8,1.28,4.5,8
D1,2008-12-1,Cottbus,Kaiserslautern,0,2,A,0,1,A,20000,16,8,6,3,0,0,12,3,24,22,3,3,3,4,0,0,30,40,3.25,3.25,2,3.2,3.1,2,3.2,3.2,2,3.25,3.2,2,3.2,3.2,2,3.2,3.2,2
D1,2008-12-1,Dortmund,Hamburg,1,0,H,0,0,D,68000,18,13,5,4,0,0,7,7,7,22,9,2,1,3,0,0,10,30,1.37,4.1,7,1.45,3.8,5.4,1.44,3.5,7,1.4,3.8,7,1.4,3.75,7,1.36,4,7
D1,2008-12-1,Leverkusen,Nurnberg,4,2,H,1,1,D,22500,19,7,10,3,0,0,8,1,10,15,11,4,2,2,0,0,20,20,1.23,5,10,1.25,4.5,9,1.25,4.5,10,1.25,4.75,9,1.22,5,9,1.22,5,9.5
D1,2008-12-1,M'gladbach,Hansa Rostock,0,2,A,0,1,A,24600,17,8,9,3,0,0,7,3,16,17,2,4,2,0,1,0,45,0,1.8,3.25,4,1.9,3.1,3.5,1.8,3.4,3.6,1.8,3.2,4,1.8,3.1,4,1.83,3.3,3.6
D1,2008-12-1,St Pauli,Werder Bremen,0,3,A,0,1,A,20619,7,14,2,6,0,1,3,5,15,12,1,0,3,3,0,0,30,30,3.75,3.25,1.82,3.8,3.1,1.8,4,3.4,1.73,4,3.4,1.7,3.5,3.4,1.83,4,3.4,1.72
D1,2008-12-1,Stuttgart,Munich 1860,0,1,A,0,0,D,20000,16,4,8,2,1,0,8,2,8,14,1,0,0,6,0,0,0,60,1.8,3.25,4,1.9,3.1,3.5,1.73,3.4,4,1.8,3.2,4,1.83,3.2,3.75,1.83,3.3,3.6
D1,2009-12-1,Freiburg,FC Koln,0,0,D,0,0,D,25000,7,17,2,2,0,0,8,4,25,26,1,1,2,4,0,0,20,40,1.75,3.25,4.2,1.85,3.1,3.6,1.8,3.4,3.6,1.95,3.25,3.6,1.73,3.2,4.33,1.8,3.3,3.75
D1,2009-12-1,Schalke 04,Hertha,0,0,D,0,0,D,60204,14,12,6,3,0,1,8,2,23,23,3,0,1,4,0,0,10,40,2,3.1,3.4,1.9,3.1,3.5,2,3.2,3.2,1.95,3.1,3.4,1.91,3.25,3.4,1.83,3.2,3.75
D1,2015-12-1,FC Koln,Cottbus,0,0,D,0,0,D,29000,7,2,6,1,0,0,3,1,7,18,1,0,1,3,0,0,10,30,1.7,3.3,4.45,1.75,3.2,4,1.73,3.4,4,1.57,3.4,5.5,1.73,3.2,4.33,1.66,3.3,4.5
D1,2015-12-1,Hamburg,Freiburg,1,1,D,1,0,H,35000,12,9,3,1,0,0,7,5,14,17,3,1,2,1,0,0,20,10,1.8,3.25,3.95,1.8,3.1,3.8,1.8,3.25,3.75,1.73,3.3,4.2,1.8,3.25,3.75,1.72,3.3,4.2
D1,2015-12-1,Hansa Rostock,Bayern Munich,1,0,H,0,0,D,30000,5,8,5,2,0,0,7,3,10,16,1,6,2,5,0,0,20,50,4.45,3.4,1.66,4.6,3.4,1.6,4.5,3.25,1.67,5.5,3.4,1.57,4.5,3.25,1.67,4.5,3.5,1.61
D1,2015-12-1,Hertha,Leverkusen,2,1,H,1,1,D,35000,11,14,5,5,0,0,4,4,31,25,2,0,3,3,0,0,30,30,2.6,3.1,2.45,2.7,3,2.3,2.4,3.25,2.5,2.62,3.1,2.38,2.6,3.1,2.38,2.6,3.1,2.4
D1,2015-12-1,Munich 1860,M'gladbach,2,2,D,2,2,D,19500,10,12,4,6,0,1,7,7,18,26,2,0,0,2,0,0,0,20,1.72,3.3,4.3,1.7,3.2,4.2,1.67,3.4,4.33,1.57,3.4,5.5,1.67,3.4,4.33,1.66,3.3,4.5
D1,2015-12-1,Nurnberg,St Pauli,0,0,D,0,0,D,20000,16,7,5,4,1,0,9,1,19,21,3,7,1,3,0,0,10,30,1.75,3.3,4.15,1.75,3.2,4,1.73,3.4,4,1.73,3.25,4.2,1.8,3.25,3.75,1.66,3.3,4.5
D1,2015-12-1,Werder Bremen,Dortmund,1,1,D,1,0,H,35000,18,6,5,3,0,0,6,1,13,15,0,3,1,1,0,0,10,10,2.3,3.15,2.75,2.3,2.9,2.8,2.25,3.4,2.62,2.38,3.1,2.62,2.4,3.2,2.5,2.25,3.2,2.75
D1,2016-12-1,Kaiserslautern,Stuttgart,2,2,D,1,1,D,41500,20,19,9,9,0,0,5,6,17,14,5,3,2,2,0,0,20,20,1.52,3.5,5.8,1.65,3.3,4.4,1.67,3.4,4.33,1.6,3.3,5,1.57,3.5,5,1.57,3.3,5.5
D1,2016-12-1,Wolfsburg,Schalke 04,3,1,H,0,0,D,18000,12,11,7,3,0,0,3,3,33,17,3,2,4,4,0,0,40,40,2.42,3.05,2.65,2.4,2.8,2.8,2.25,3.4,2.62,2.3,3.1,2.7,2.3,3.1,2.7,2.3,3.1,2.75
D1,2018-12-1,Bayern Munich,M'gladbach,0,0,D,0,0,D,41000,10,4,5,1,1,0,4,4,14,24,1,6,1,1,0,0,10,10,1.25,4.5,11,1.3,4.2,8,1.36,3.75,8,1.29,4.33,9,,,,1.28,4.5,8
D1,2018-12-1,Hamburg,Cottbus,5,2,H,0,1,A,31000,21,8,10,3,1,0,5,5,6,11,4,1,3,3,0,0,30,30,1.55,3.5,5.45,1.55,3.5,4.8,1.61,3.5,4.5,1.57,3.4,5.2,,,,1.57,3.5,5
D1,2018-12-1,Hertha,St Pauli,2,2,D,0,0,D,25000,13,5,6,3,1,0,7,3,21,12,2,1,3,2,0,0,30,20,1.25,4.5,11,1.25,4.5,9,1.25,4.5,10,1.25,4.5,10,1.22,5.5,8,1.25,4.5,10
D1,2018-12-1,Nurnberg,Dortmund,2,2,D,0,0,D,18000,25,19,11,8,1,1,9,4,18,18,1,9,3,3,0,0,30,30,4.5,3.45,1.65,4,3.2,1.75,5,3.5,1.57,4.5,3.3,1.67,,,,4.5,3.5,1.61
D1,2018-12-1,Werder Bremen,Freiburg,3,2,H,1,1,D,28000,24,5,13,3,0,0,8,4,12,11,5,0,1,0,0,0,10,0,1.41,3.75,7,1.55,3.5,4.8,1.3,4.33,8,1.4,3.75,7,,,,1.44,3.6,6.5
D1,2019-12-1,FC Koln,Stuttgart,0,0,D,0,0,D,30000,8,4,4,2,0,0,4,3,20,21,5,1,2,2,0,0,20,20,2.45,3.1,2.6,2.4,2.9,2.7,2.37,3.2,2.6,2.38,3.1,2.62,2.5,3.1,2.5,2.5,3.1,2.5
D1,2019-12-1,Hansa Rostock,Schalke 04,1,3,A,0,2,A,18500,15,10,6,4,1,0,9,2,15,19,2,0,1,3,0,0,10,30,2.5,3.2,2.5,2.7,3,2.3,2.5,3.25,2.4,2.5,3.1,2.5,2.38,3.1,2.6,2.5,3.1,2.5
D1,2019-12-1,Kaiserslautern,Munich 1860,1,3,A,0,0,D,39000,19,13,2,5,0,0,8,2,24,25,2,1,2,3,0,1,20,55,1.6,3.4,5.1,1.6,3.4,4.6,1.73,3.4,4,1.62,3.3,5,1.57,3.5,5,1.61,3.3,5
D1,2019-12-1,Wolfsburg,Leverkusen,3,1,H,1,0,H,15500,19,4,8,2,2,0,5,0,21,23,6,2,1,3,0,0,10,30,2.95,3.2,2.15,2.7,3,2.3,2.62,3.4,2.25,2.8,3.2,2.2,3,3.2,2.1,3,3.2,2.1
D1,2026-1-2,Freiburg,Nurnberg,2,0,H,1,0,H,24600,15,9,9,2,0,0,10,10,20,18,1,2,3,2,0,0,30,20,1.77,3.25,4.1,1.7,3.2,4.2,1.8,3.25,3.75,1.75,3.2,4.333,1.8,3.1,4,1.72,3.4,4
D1,2026-1-2,Leverkusen,Hansa Rostock,2,0,H,0,0,D,22500,20,7,5,2,2,0,10,2,21,21,0,0,3,0,0,0,30,0,1.35,4.1,7.6,1.3,4.2,8,1.33,4.33,7,1.333,4.2,8,1.333,4.333,7,1.36,3.75,8
D1,2026-1-2,M'gladbach,Kaiserslautern,0,2,A,0,0,D,28000,14,9,5,4,0,0,7,6,20,19,1,2,2,4,0,0,20,40,2.65,3.05,2.45,2.7,3,2.3,2.4,3.25,2.5,2.5,3.1,2.5,2.7,3.1,2.3,2.62,3.1,2.37
D1,2026-1-2,Munich 1860,FC Koln,3,0,H,0,0,D,18000,8,10,6,3,0,0,5,6,16,8,2,3,1,2,0,0,10,20,1.65,3.3,4.85,1.7,3.2,4.2,1.61,3.5,4.5,1.571,3.4,5.25,1.667,3.4,4.333,1.53,3.6,5
D1,2026-1-2,Schalke 04,Bayern Munich,5,1,H,2,0,H,60683,10,5,6,2,0,0,2,3,13,16,3,0,1,0,0,1,10,25,2.7,3.05,2.4,2.4,3,2.6,2.4,3.25,2.5,2.625,3.1,2.4,2.6,3.1,2.375,2.6,3.1,2.4
D1,2026-1-2,St Pauli,Wolfsburg,3,1,H,0,1,A,20551,19,11,6,4,1,1,7,13,11,13,2,2,1,3,0,1,10,55,2.87,3.15,2.2,3.3,3,2,2.8,3.2,2.2,2.8,3.25,2.2,2.7,3.1,2.3,2.75,3.2,2.25
D1,2026-1-2,Stuttgart,Hamburg,3,0,H,2,0,H,25000,11,8,5,4,1,0,4,9,17,22,0,1,1,3,0,0,10,30,1.9,3.15,3.7,1.9,3,3.6,1.91,3.2,3.5,1.909,3.2,3.6,1.833,3.2,3.75,1.83,3.2,3.75
D1,2027-1-2,Cottbus,Werder Bremen,2,1,H,1,1,D,13000,12,15,4,9,0,1,2,8,22,14,7,3,5,1,0,0,50,10,3.55,3.25,1.9,3.2,3.1,2,3.75,3.25,1.8,3.6,3.25,1.85,3.2,3.2,2,3.4,3.25,1.9
D1,2027-1-2,Dortmund,Hertha,3,1,H,1,0,H,69000,18,16,8,9,0,0,4,6,15,21,2,3,1,5,0,0,10,50,1.7,3.3,4.5,1.6,3.4,4.6,1.73,3.4,4,1.75,3.25,4.2,1.667,3.25,4.5,1.72,3.4,4
D1,2002-2-2,FC Koln,Kaiserslautern,0,1,A,0,0,D,30000,22,10,8,5,0,0,4,1,12,22,1,4,4,6,0,0,40,60,2.85,3.2,2.25,3.1,3,2.1,2.75,3.25,2.2,2.875,3.2,2.2,3,3.2,2.1,3,3.2,2.1
D1,2002-2-2,Hamburg,Munich 1860,2,1,H,0,0,D,34026,17,15,8,7,2,1,5,6,14,13,4,0,1,1,0,0,10,10,2.2,3.1,2.95,2,3.1,3.2,2.2,3.2,2.8,2.2,3.2,2.875,2.2,3.2,2.8,2.2,3.2,2.8
D1,2002-2-2,Hertha,Freiburg,1,1,D,0,1,A,25146,17,3,12,1,0,0,5,2,22,15,4,3,1,1,0,0,10,10,1.57,3.5,5.15,1.55,3.5,4.8,1.5,3.6,5.5,1.533,3.5,5.5,1.533,3.4,5.5,1.57,3.5,5
D1,2002-2-2,Nurnberg,Cottbus,2,0,H,0,0,D,20000,16,6,11,3,0,0,4,5,16,24,6,2,3,3,0,0,30,30,1.9,3.2,3.6,1.9,3.1,3.5,1.91,3.25,3.4,1.909,3.25,3.5,2,3.2,3.2,1.9,3.25,3.4
D1,2002-2-2,Schalke 04,M'gladbach,2,0,H,1,0,H,60683,6,13,2,5,0,0,4,5,18,16,4,2,2,2,0,0,20,20,1.5,3.6,5.8,1.55,3.5,4.8,1.44,3.6,6.5,1.444,3.6,6.5,1.444,3.6,6.5,1.44,3.6,6.5
D1,2002-2-2,Werder Bremen,Stuttgart,1,2,A,1,0,H,25000,16,7,8,3,0,0,5,4,16,13,3,6,2,1,0,0,20,10,1.67,3.4,4.5,1.75,3.2,4,1.67,3.4,4.33,1.6,3.3,5,1.667,3.25,4.5,1.66,3.3,4.5
D1,2002-2-2,Wolfsburg,Dortmund,1,1,D,1,1,D,21600,25,4,8,2,1,0,9,1,23,25,1,4,3,3,0,0,30,30,2.7,3.25,2.3,2.7,3,2.3,2.75,3.2,2.25,2.75,3.2,2.3,2.875,3.1,2.2,3,3.2,2.1
D1,2003-2-2,Bayern Munich,Leverkusen,2,0,H,0,0,D,45000,16,7,9,2,0,0,3,0,28,25,6,7,3,2,0,0,30,20,1.85,3.35,3.65,1.8,3.1,3.8,1.91,3.2,3.5,1.9,3.2,3.6,2,3.2,3.2,1.8,3.3,3.75
D1,2003-2-2,Hansa Rostock,St Pauli,1,0,H,0,0,D,17000,16,9,4,3,1,0,9,7,19,18,5,5,0,3,0,0,0,30,1.75,3.4,4,1.7,3.2,4.2,1.73,3.4,4,1.667,3.3,4.6,1.667,3.4,4.333,1.66,3.3,4.5
D1,2005-2-2,Cottbus,Hertha,1,0,H,0,0,D,15600,18,13,6,7,0,0,1,7,23,33,1,7,1,2,0,0,10,20,2.75,3.25,2.25,2.7,3,2.3,2.75,3.2,2.25,2.8,3.1,2.25,,,,2.75,3.2,2.25
D1,2005-2-2,Freiburg,Wolfsburg,0,0,D,0,0,D,24000,8,14,4,8,0,0,7,5,8,15,4,5,1,1,0,0,10,10,2,3.3,3.2,2.1,3,3.1,2,3.2,3.2,2,3.2,3.2,2.1,3.2,3,2,3.2,3.2
D1,2005-2-2,M'gladbach,FC Koln,4,0,H,0,0,D,34500,19,11,11,3,1,0,6,2,19,17,4,3,2,4,0,0,20,40,1.9,3.25,3.55,2,3.1,3.2,1.8,3.25,3.75,1.85,3.1,3.8,1.909,3.2,3.5,1.9,3.25,3.4
D1,2005-2-2,Munich 1860,Werder Bremen,3,1,H,1,1,D,19000,16,15,5,4,0,2,5,3,20,17,2,1,3,3,0,0,30,30,2.25,3.2,2.8,2.3,3,2.7,2.1,3.4,2.8,2.2,3.2,2.8,,,,2.2,3.2,2.8
D1,2005-2-2,Stuttgart,Nurnberg,2,3,A,1,2,A,21000,9,12,4,6,0,1,12,4,18,15,2,1,1,2,0,1,10,45,1.47,3.6,6.3,1.55,3.5,4.8,1.5,3.6,5.5,1.5,3.4,6,1.444,3.6,6.5,1.5,3.4,6
D1,2006-2-2,Dortmund,Hansa Rostock,2,0,H,0,0,D,62000,18,7,8,2,0,0,6,0,16,16,2,2,1,3,0,0,10,30,1.31,4.3,8.25,1.3,4.2,8,1.36,4,7,1.364,4,7,,,,1.3,4.33,8
D1,2006-2-2,Kaiserslautern,Hamburg,2,2,D,1,1,D,37000,22,9,9,3,2,0,10,2,16,24,3,0,1,2,0,0,10,20,1.53,3.55,5.6,1.55,3.5,4.8,1.57,3.5,5,1.5,3.5,5.75,1.5,3.4,6,1.44,3.75,6
D1,2006-2-2,Leverkusen,Schalke 04,0,1,A,0,0,D,22500,26,5,5,2,0,0,8,0,12,27,6,3,2,5,0,0,20,50,1.73,3.4,4.2,1.8,3.1,3.8,1.61,3.5,4.5,1.667,3.4,4.333,1.667,3.4,4.333,1.66,3.4,4.33
D1,2006-2-2,St Pauli,Bayern Munich,2,1,H,2,0,H,19800,17,12,6,1,1,0,8,11,24,17,3,1,3,2,0,0,30,20,5.8,3.55,1.5,5,3.7,1.5,5.5,3.25,1.57,6.5,3.3,1.5,,,,6,3.4,1.5
D1,2009-2-2,Bayern Munich,Dortmund,1,1,D,0,0,D,55000,20,17,5,7,1,0,2,5,20,17,1,3,4,2,0,0,40,20,1.85,3.25,3.72,1.75,3.2,4,1.8,3.25,3.75,1.909,3.2,3.5,1.833,3.2,3.75,1.8,3.1,4
D1,2009-2-2,Hansa Rostock,Freiburg,4,0,H,2,0,H,15000,16,5,9,0,0,1,6,5,15,20,9,2,2,1,0,0,20,10,2,3.15,3.4,2,3.1,3.2,2,3.2,3.2,1.95,3.2,3.4,2,3.2,3.2,1.9,3.25,3.4
D1,2009-2-2,Hertha,Stuttgart,2,0,H,2,0,H,15000,9,11,4,0,0,0,4,0,24,20,3,1,1,3,0,1,10,55,1.78,3.3,3.95,1.9,3.1,3.5,1.8,3.25,3.75,1.75,3.3,4,1.8,3.25,3.75,1.8,3.3,3.75
D1,2009-2-2,Leverkusen,M'gladbach,5,0,H,3,0,H,22500,14,9,8,2,0,1,11,4,14,14,6,2,4,2,0,1,40,45,1.38,3.8,7.75,1.45,3.8,5.4,1.36,4,7,1.364,3.75,8,1.364,4,7,1.4,3.6,7.5
D1,2009-2-2,Schalke 04,St Pauli,4,0,H,2,0,H,60683,26,4,10,3,1,0,7,3,19,18,2,1,3,3,0,1,30,55,1.32,4.25,8,1.3,4.2,8,1.33,4,8,1.3,4,10,1.333,4,8,1.33,4,8
D1,2009-2-2,Werder Bremen,Kaiserslautern,1,0,H,0,0,D,27100,16,5,5,1,0,0,11,1,16,15,7,3,2,4,0,0,20,40,2.1,3.15,3.1,2.2,3,2.9,2.2,3.25,2.75,2.2,3.1,2.9,2.1,3.25,2.9,2.1,3.2,3
D1,2009-2-2,Wolfsburg,Cottbus,2,1,H,2,0,H,11217,18,11,6,4,0,1,5,4,29,27,6,2,3,3,0,0,30,30,1.55,3.5,5.35,1.5,3.7,5,1.57,3.5,5,1.571,3.3,5.5,1.615,3.5,4.5,1.61,3.25,5
D1,2010-2-2,Hamburg,FC Koln,4,0,H,1,0,H,38719,19,6,5,2,2,0,6,3,18,16,2,1,3,3,0,1,30,55,1.55,3.55,5.2,1.6,3.4,3.6,1.61,3.5,4.5,1.533,3.4,5.5,1.571,3.5,5,1.57,3.5,5
D1,2010-2-2,Nurnberg,Munich 1860,2,1,H,1,0,H,30000,17,8,7,4,2,0,12,4,14,18,2,1,2,3,0,0,20,30,2.45,3.2,2.52,2.7,3,2.3,2.4,3.25,2.5,2.5,3.1,2.5,2.5,3.1,2.5,2.3,3.1,2.75
D1,2016-2-2,Dortmund,Schalke 04,1,1,D,0,1,A,68000,27,8,9,3,0,0,6,0,16,30,2,0,2,3,0,0,20,30,1.9,3.2,3.65,2,3.1,3.2,1.91,3.25,3.4,1.95,3.1,3.5,1.8,3.25,3.75,1.9,3,3.75
D1,2016-2-2,Freiburg,Bayern Munich,0,2,A,0,2,A,25000,13,25,4,7,0,2,7,4,9,12,3,1,0,0,0,0,0,0,3.62,3.3,1.86,3.5,3.1,1.9,3.4,3.25,1.91,3.5,3.25,1.909,3.2,3.2,2,3.5,3.2,1.9
D1,2016-2-2,Kaiserslautern,Nurnberg,2,1,H,1,0,H,35000,11,11,5,2,1,1,3,6,20,17,3,3,2,2,0,0,20,20,1.44,3.75,6.4,1.4,3.9,6,1.44,3.6,6.5,1.444,3.5,7,1.444,3.6,6.5,1.5,3.6,5.5
D1,2016-2-2,M'gladbach,Hamburg,2,1,H,2,1,H,31500,19,13,5,5,0,0,4,8,15,16,1,2,1,2,0,1,10,45,2.26,3.15,2.8,2.3,2.9,2.8,2.2,3.25,2.75,2.3,3.1,2.75,2.3,3.1,2.7,2.3,3.25,2.62
D1,2016-2-2,Munich 1860,Hertha,0,3,A,0,1,A,17000,16,21,9,12,2,2,6,7,19,31,3,2,1,1,0,0,10,10,2.12,3.2,3,2.2,3,2.9,2,3.4,3,2.15,3.1,3,2.1,3.2,3,2.1,3.2,3
D1,2016-2-2,St Pauli,Leverkusen,2,2,D,1,1,D,19881,8,14,3,8,0,1,3,6,15,17,2,1,3,4,0,0,30,40,4.3,3.5,1.68,4.4,3.3,1.65,4.33,3.2,1.73,4.333,3.4,1.667,4,3.4,1.727,4.5,3.3,1.66
D1,2016-2-2,Stuttgart,Wolfsburg,2,1,H,1,0,H,13000,12,11,5,4,0,0,5,5,13,25,2,8,0,2,0,0,0,20,1.9,3.2,3.6,1.85,3.1,3.6,1.8,3.25,3.75,1.85,3.2,3.75,1.833,3.2,3.75,1.9,3.2,3.5
D1,2017-2-2,Cottbus,Hansa Rostock,3,0,H,2,0,H,17100,16,14,8,4,0,0,4,7,31,22,1,2,6,2,0,0,60,20,2.15,3.2,2.95,2.2,3,2.9,2.1,3.2,3,2.1,3.2,3,2.2,3.1,2.875,2.1,3.2,3
D1,2017-2-2,FC Koln,Werder Bremen,0,0,D,0,0,D,26000,17,10,7,5,1,0,12,2,12,17,1,2,2,1,0,1,20,35,3.3,3.2,2,3.2,3.1,2,3.4,3.25,1.91,3.25,3.2,2,3.2,3.2,2,3.2,3.2,2
D1,2023-2-2,Bayern Munich,Cottbus,6,0,H,3,0,H,25000,16,5,8,0,1,1,7,2,9,20,5,4,1,1,0,1,10,35,1.25,5,8.75,1.25,4.5,9,1.25,4.5,10,1.25,4.6,10,1.222,5,9,1.22,5,9.5
D1,2023-2-2,Hansa Rostock,Stuttgart,1,1,D,1,0,H,15000,11,9,4,4,0,1,6,3,18,19,3,2,3,1,0,1,30,35,2.27,3.2,2.75,2.3,3,2.7,2.37,3.2,2.6,2.25,3.2,2.75,2.3,3.1,2.7,2.2,3.2,2.8
D1,2023-2-2,Hertha,Kaiserslautern,5,1,H,3,1,H,35000,20,13,15,8,1,0,8,5,19,18,1,1,2,2,0,0,20,20,2.15,3.1,3.1,2,3.1,3.2,2.1,3.2,3,2.1,3.1,3.1,2.2,3.2,2.8,2,3.2,3.2
D1,2023-2-2,Nurnberg,FC Koln,2,0,H,1,0,H,25000,16,9,9,4,0,0,7,5,9,17,2,6,2,3,0,0,20,30,1.7,3.3,4.5,1.75,3.2,4,1.67,3.4,4.33,1.667,3.4,4.5,1.727,3.2,4.333,1.66,3.3,4.5
D1,2023-2-2,Schalke 04,Freiburg,3,0,H,3,0,H,60683,13,5,5,1,0,0,8,3,19,17,3,1,3,5,0,0,30,50,1.37,4,7.3,1.4,3.9,6,1.36,4,7,1.333,4,8.5,1.364,4,7,1.33,4,8
D1,2023-2-2,St Pauli,M'gladbach,1,1,D,1,1,D,20551,8,7,5,5,1,0,10,5,16,20,4,2,3,1,0,0,30,10,2.3,3.1,2.8,2.3,2.9,2.8,2.2,3.2,2.8,2.25,3.1,2.875,2.25,3.2,2.7,2.2,3.1,2.87
D1,2023-2-2,Wolfsburg,Munich 1860,1,3,A,0,0,D,10612,17,21,5,6,2,0,6,5,21,22,5,3,2,1,1,0,45,10,2,3.1,3.4,1.9,3.1,3.5,1.91,3.25,3.4,1.95,3.2,3.4,1.909,3.25,3.4,1.9,3.25,3.4
D1,2024-2-2,Leverkusen,Dortmund,4,0,H,1,0,H,22500,16,9,9,4,0,0,4,4,18,20,4,4,3,3,0,1,30,55,2.1,3.15,3.15,2,2.9,3.4,2.2,3.2,2.8,2.2,3,3,2.2,3,3,2.2,2.87,3.1
D1,2024-2-2,Werder Bremen,Hamburg,0,1,A,0,0,D,35800,20,7,7,2,2,0,11,2,18,19,5,5,3,2,0,0,30,20,1.75,3.2,4.3,1.85,3.1,3.6,1.67,3.4,4.33,1.667,3.25,4.8,1.727,3.4,4,1.66,3.3,4.5
D1,2002-3-2,Cottbus,Schalke 04,2,0,H,1,0,H,21000,10,15,6,7,0,0,3,9,14,21,3,1,3,1,0,0,30,10,3.2,3.1,2.08,3.5,3.1,1.9,3.2,3.2,2,3.4,3.1,2,3.5,3.2,1.909,3.3,3.1,2
D1,2002-3-2,FC Koln,Hertha,1,1,D,0,1,A,20000,9,11,2,1,0,1,3,9,22,15,3,2,1,1,0,0,10,10,3.67,3.3,1.85,3.6,3.2,1.8,3.75,3.25,1.8,3.75,3.25,1.833,3.75,3.2,1.833,3.75,3.3,1.8
D1,2002-3-2,Freiburg,Leverkusen,2,2,D,1,0,H,25000,7,17,5,5,0,0,4,9,17,21,5,4,4,3,0,0,40,30,3.8,3.3,1.82,3.5,3.1,1.9,3.5,3.2,1.91,3.6,3.2,1.909,3.6,3.3,1.833,4,3,1.83
D1,2002-3-2,Hamburg,Nurnberg,3,1,H,2,1,H,35033,9,10,4,4,0,2,3,5,17,14,10,4,3,2,0,0,30,20,1.65,3.45,4.6,1.65,3.3,4.4,1.61,3.5,4.5,1.667,3.4,4.5,1.667,3.25,4.5,1.72,3.25,4.2
D1,2002-3-2,M'gladbach,Werder Bremen,1,0,H,1,0,H,28600,18,15,7,6,1,0,7,8,15,11,4,4,1,2,0,0,10,20,2.35,3.05,2.75,2.4,2.9,2.7,2.4,3.25,2.5,2.4,3.1,2.625,2.3,3.1,2.7,2.25,3.2,2.75
D1,2002-3-2,Munich 1860,Hansa Rostock,2,0,H,1,0,H,17200,16,13,7,9,0,0,3,8,18,12,4,3,2,2,0,0,20,20,1.66,3.35,4.7,1.65,3.3,4.4,1.73,3.4,4,1.667,3.4,4.5,1.615,3.5,4.5,1.66,3.3,4.5
D1,2002-3-2,Stuttgart,Bayern Munich,0,2,A,0,2,A,54088,11,11,3,6,0,0,5,1,21,22,1,4,2,3,0,0,20,30,3,3.15,2.15,3.1,3,2.1,2.75,3.25,2.2,3.25,3.25,2,3,3.2,2.1,3.1,3.1,2.1
D1,2003-3-2,Dortmund,St Pauli,1,1,D,0,1,A,61000,13,9,7,3,1,0,12,5,24,22,2,2,2,5,0,1,20,75,1.25,5,9,1.2,5,10,1.28,4.5,8,1.286,4.5,8.5,1.25,4.5,10,1.25,4.5,10
D1,2003-3-2,Kaiserslautern,Wolfsburg,3,2,H,0,0,D,40000,17,12,8,4,0,1,5,3,18,20,1,3,3,1,0,0,30,10,1.56,3.5,5.25,1.6,3.4,4.6,1.57,3.5,5,1.533,3.5,5.5,1.533,3.4,5.5,1.44,3.75,6
D1,2009-3-2,Bayern Munich,Munich 1860,2,1,H,0,0,D,60000,23,14,11,4,1,0,5,8,13,18,1,3,1,3,0,0,10,30,1.5,3.7,5.65,1.6,3.4,4.6,1.44,3.6,6.5,1.533,3.4,6,1.533,3.4,5.5,1.57,3.3,5.5
D1,2009-3-2,Dortmund,M'gladbach,3,1,H,1,0,H,68600,12,8,6,1,0,0,6,3,22,19,7,4,2,3,0,0,20,30,1.45,3.85,6,1.5,3.5,5.4,1.4,3.75,7,1.4,3.75,7.5,1.444,3.6,6.5,1.4,3.6,7.5
D1,2009-3-2,Hansa Rostock,Kaiserslautern,2,1,H,1,0,H,15800,17,13,6,6,1,1,4,7,21,23,3,1,2,4,0,1,20,65,2.57,3.15,2.45,2.3,3.1,2.6,2.5,3.25,2.4,2.625,3.2,2.375,2.6,3.1,2.375,2.75,3.2,2.25
D1,2009-3-2,Leverkusen,Cottbus,2,0,H,1,0,H,22000,17,6,8,0,0,0,12,1,13,27,5,0,1,4,0,0,10,40,1.22,5,10.5,1.25,4.5,9,1.3,4.33,8,1.286,4.333,9,1.286,4.333,8.5,1.3,4.33,8
D1,2009-3-2,Nurnberg,Werder Bremen,0,4,A,0,3,A,24500,7,9,4,5,0,0,2,4,13,13,5,9,1,1,0,0,10,10,2.3,3.1,2.8,2.2,3,2.9,2.37,3.2,2.6,2.3,3.2,2.7,2.25,3.2,2.75,2.3,3.25,2.62
D1,2009-3-2,St Pauli,Freiburg,1,0,H,0,0,D,20350,14,5,7,0,0,0,12,5,9,17,3,0,2,3,0,1,20,55,2.2,3.1,2.95,2.2,3,2.9,2.1,3.2,3,2.1,3.2,3.1,2.1,3.1,3.1,2.25,3.1,2.8
D1,2009-3-2,Wolfsburg,FC Koln,5,1,H,3,1,H,12000,11,4,8,2,0,0,7,0,12,14,3,5,0,1,0,0,0,10,1.54,3.6,5.3,1.5,3.7,5,1.5,3.4,6,1.533,3.5,5.5,1.571,3.5,5,1.57,3.5,5
D1,2010-3-2,Hertha,Hamburg,6,0,H,2,0,H,32000,24,7,13,4,2,0,11,2,17,11,6,5,1,3,0,1,10,55,1.63,3.35,5,1.7,3.2,4.2,1.67,3.4,4.33,1.667,3.3,4.75,1.615,3.5,4.5,1.61,3.3,5
D1,2010-3-2,Schalke 04,Stuttgart,2,1,H,0,0,D,60204,16,10,5,6,0,0,6,2,20,15,0,0,1,3,0,0,10,30,1.56,3.55,5.25,1.55,3.5,4.8,1.61,3.25,5,1.533,3.4,6,1.533,3.4,5.5,1.53,3.4,5.5
D1,2016-3-2,Cottbus,St Pauli,4,0,H,3,0,H,16780,16,7,7,3,0,0,6,7,17,14,2,3,3,2,0,0,30,20,1.7,3.35,4.4,1.8,3.1,3.8,1.8,3.25,3.75,1.75,3.25,4.2,1.8,3.25,3.75,1.83,3.2,3.75
D1,2016-3-2,FC Koln,Hansa Rostock,4,2,H,0,2,A,15000,18,11,10,5,3,0,6,3,13,13,3,2,1,1,0,1,10,35,2.55,3.2,2.45,2.4,3.1,2.4,2.4,3.25,2.5,2.4,3.2,2.6,2.5,3.1,2.5,2.5,3.1,2.5
D1,2016-3-2,Hamburg,Wolfsburg,1,1,D,0,1,A,35000,18,7,9,5,2,0,4,7,15,14,4,2,2,1,0,1,20,35,1.85,3.25,3.75,1.8,3.1,3.8,1.8,3.25,3.75,1.8,3.25,4,1.8,3.25,3.75,1.83,3.2,3.75
D1,2016-3-2,Kaiserslautern,Bayern Munich,0,0,D,0,0,D,40682,11,12,5,5,0,0,7,3,18,18,1,0,3,3,1,0,55,30,2.7,3.1,2.35,2.4,3.1,2.4,2.6,3.2,2.37,2.7,3.2,2.3,2.6,3.1,2.375,2.5,3.1,2.5
D1,2016-3-2,M'gladbach,Nurnberg,1,0,H,1,0,H,30000,20,10,8,7,1,0,9,5,13,21,9,3,3,3,0,0,30,30,1.85,3.2,3.8,1.85,3.1,3.6,1.8,3.25,3.75,1.8,3.2,4,1.8,3.25,3.75,1.9,3.2,3.5
D1,2016-3-2,Stuttgart,Leverkusen,0,2,A,0,2,A,35000,4,7,0,2,0,0,0,2,18,25,0,6,1,4,1,0,35,40,2.9,3.1,2.25,2.4,3.1,2.4,2.75,3.2,2.25,2.8,3.2,2.25,2.875,3.1,2.2,2.8,3.1,2.25
D1,2016-3-2,Werder Bremen,Hertha,0,3,A,0,0,D,31350,27,12,16,8,0,0,12,6,23,21,7,3,1,0,0,0,10,0,2.25,3.15,2.85,2.1,3,3.1,2.2,3.2,2.8,2.25,3.2,2.8,2.25,3.2,2.7,2.2,3.2,2.8
D1,2017-3-2,Freiburg,Dortmund,1,5,A,1,1,D,25000,10,18,6,10,0,1,6,1,11,25,1,4,2,2,0,0,20,20,3.8,3.25,1.84,3.3,3,2,3.4,3.25,1.91,3.75,3.25,1.85,3.75,3.2,1.833,3.75,3.2,1.83
D1,2017-3-2,Munich 1860,Schalke 04,1,2,A,0,1,A,30000,21,9,8,4,0,0,5,7,20,20,0,2,1,2,0,0,10,20,2.6,3.15,2.45,2.5,3,2.5,2.5,3.25,2.4,2.6,3.2,2.4,2.5,3.1,2.5,2.37,3.1,2.62
D1,2023-3-2,Bayern Munich,FC Koln,3,0,H,0,0,D,38000,10,7,3,3,1,1,14,4,10,13,1,4,0,2,0,0,0,20,1.17,5.8,11.1,1.2,5,10,1.2,5,11,1.2,5,12,1.167,5.5,12,1.2,5,11
D1,2023-3-2,Freiburg,M'gladbach,0,1,A,0,0,D,25000,10,18,4,4,1,2,6,6,13,20,1,4,0,0,0,0,0,0,2.15,3.15,3,2.1,2.9,3.2,2,3.2,3.2,2.1,3.1,3.2,2.25,3.2,2.7,2.2,3.1,2.9
D1,2023-3-2,Hansa Rostock,Hamburg,1,1,D,0,0,D,28000,17,14,6,7,0,0,1,4,17,24,2,0,0,1,0,0,0,10,2.25,3,3,2.1,3,3.1,2.2,3.2,2.8,2.3,3.2,2.7,2.25,3.1,2.8,2.1,3.1,3.1
D1,2023-3-2,Hertha,Nurnberg,2,0,H,2,0,H,35000,11,16,8,7,0,0,4,6,22,15,1,2,1,4,0,0,10,40,1.35,4,7.7,1.35,4,7,1.33,4,8,1.333,4,8,1.364,4,7,1.33,4,8
D1,2023-3-2,Leverkusen,Munich 1860,4,0,H,1,0,H,22500,15,5,10,2,0,0,4,0,19,29,7,1,5,3,0,0,50,30,1.4,3.85,7.2,1.45,3.8,5.4,1.36,4,7,1.35,4.1,7.5,1.4,3.75,7,1.4,3.75,7
D1,2023-3-2,Schalke 04,Kaiserslautern,3,0,H,1,0,H,60683,18,10,6,4,0,0,7,4,15,25,2,0,0,4,0,0,0,40,1.75,3.25,4.25,1.8,3.1,3.8,1.73,3.4,4,1.75,3.25,4.2,1.727,3.2,4.333,1.72,3.2,4.33
D1,2023-3-2,St Pauli,Stuttgart,1,2,A,0,0,D,20500,9,7,2,3,0,0,12,1,10,27,6,1,1,2,0,0,10,20,2.35,3.15,2.7,2.4,3.1,2.4,2.37,3.2,2.6,2.3,3.2,2.7,2.375,3.1,2.6,2.3,3.1,2.75
D1,2024-3-2,Dortmund,Cottbus,3,0,H,2,0,H,65000,26,14,13,7,1,0,6,4,14,14,4,3,1,3,0,1,10,55,1.25,4.8,9,1.25,4.5,9,1.25,4.5,10,1.25,4.75,9.5,1.25,4.5,10,1.28,4.5,8
D1,2024-3-2,Wolfsburg,Werder Bremen,2,0,H,0,0,D,16000,8,13,4,9,1,0,5,5,11,13,3,5,3,1,0,0,30,10,2.2,3.05,3,2.2,3,2.9,2.25,3.4,2.62,2.3,3.2,2.7,2.1,3.2,3,2.2,3.1,2.9
D1,1930-3-2,Cottbus,Freiburg,2,0,H,1,0,H,18120,12,5,4,1,0,0,6,4,19,21,1,2,1,3,0,0,10,30,1.75,3.3,4.15,1.8,3.1,3.8,1.73,3.4,4,1.667,3.3,4.5,1.727,3.2,4.333,1.83,3.3,3.6
D1,1930-3-2,Hamburg,Bayern Munich,0,0,D,0,0,D,55000,11,8,3,4,0,0,5,3,22,20,8,3,4,4,0,0,40,40,3.45,3.2,1.95,3.3,3,2,4,3.2,1.8,3.75,3.2,1.85,3.2,3.2,2,3.5,3.2,1.9
D1,1930-3-2,Kaiserslautern,Leverkusen,2,4,A,1,2,A,39579,10,6,6,3,0,0,6,3,22,18,1,2,4,2,0,0,40,20,2.65,3.2,2.35,2.7,3,2.3,2.6,3.2,2.37,2.625,3.1,2.375,2.6,3.1,2.375,2.62,3.2,2.3
D1,1930-3-2,M'gladbach,Hertha,3,1,H,1,1,D,32200,11,4,7,2,1,0,5,6,10,15,5,3,1,2,0,0,10,20,2.65,3.1,2.4,2.4,3.1,2.4,2.6,3.2,2.37,2.875,3,2.25,2.8,3.1,2.25,2.62,3.1,2.37
D1,1930-3-2,Munich 1860,St Pauli,4,2,H,1,1,D,18000,22,17,9,7,0,0,10,3,16,15,3,2,3,1,1,0,55,10,1.6,3.4,5.1,1.6,3.4,4.6,1.57,3.5,5,1.533,3.5,5.5,1.571,3.5,5,1.53,3.4,5.5
D1,1930-3-2,Nurnberg,Wolfsburg,3,0,H,1,0,H,23600,18,23,8,9,0,2,5,5,20,14,3,6,3,2,0,0,30,20,2.1,3.1,3.15,2.1,3,3.1,2.1,3.25,2.87,2.2,3.1,2.875,2.1,3.1,3.1,2.2,3.1,2.87
D1,1930-3-2,Stuttgart,Dortmund,3,2,H,2,0,H,45000,13,17,7,6,1,0,2,5,22,20,1,4,1,2,0,0,10,20,3.3,3.2,2,3.2,3.1,2,3.2,3.2,2,3.4,3.1,1.95,3,3.2,2.1,3.2,3.2,2
D1,1931-3-2,FC Koln,Schalke 04,1,1,D,0,1,A,30000,13,8,7,3,1,0,8,2,18,21,1,2,1,2,0,0,10,20,4.65,3.45,1.65,4.4,3.3,1.65,4.5,3.5,1.61,4.75,3.5,1.6,4,3.4,1.727,4.2,3.25,1.72
D1,1931-3-2,Werder Bremen,Hansa Rostock,4,3,H,1,2,A,26700,17,10,12,5,0,2,7,1,15,20,3,1,3,3,0,0,30,30,1.6,3.4,5.1,1.7,3.2,4.2,1.61,3.5,4.5,1.615,3.4,4.75,1.571,3.5,5,1.61,3.3,5
D1,2006-4-2,Bayern Munich,Werder Bremen,2,2,D,1,1,D,44000,16,9,5,4,0,0,6,2,11,12,6,4,1,2,0,0,10,20,1.35,4.1,7.55,1.4,3.9,6,1.36,4,7,1.364,4,7.5,1.364,4,7,1.33,4,8
D1,2006-4-2,Cottbus,M'gladbach,3,3,D,2,1,H,18450,10,13,7,7,1,0,8,6,17,17,2,0,3,3,0,0,30,30,1.92,3.15,3.6,1.85,3.1,3.6,1.91,3.2,3.5,1.909,3.1,3.6,2,3,3.4,1.83,3.2,3.75
D1,2006-4-2,Hansa Rostock,Nurnberg,1,0,H,1,0,H,15000,9,5,5,1,0,0,11,4,15,16,3,1,3,1,0,0,30,10,1.86,3.15,3.85,1.9,2.9,3.8,1.83,3,4,1.85,3.25,3.75,1.909,3,3.75,1.83,3,4
D1,2006-4-2,Leverkusen,FC Koln,2,0,H,2,0,H,22500,13,9,7,5,1,1,5,2,18,19,4,1,2,4,0,0,20,40,1.17,5.85,11,1.25,4.5,9,1.2,5,11,1.2,5.5,10,1.2,5,11,1.25,4.5,10
D1,2006-4-2,Schalke 04,Hamburg,2,0,H,2,0,H,60215,16,14,7,4,0,0,6,1,14,17,2,3,0,1,0,0,0,10,1.37,3.9,7.6,1.4,3.9,6,1.44,3.6,6.5,1.364,3.8,8,1.4,3.75,7,1.4,3.75,7
D1,2006-4-2,St Pauli,Kaiserslautern,1,1,D,0,0,D,20499,9,12,4,5,0,0,7,1,24,25,2,2,3,8,1,1,55,105,2.8,3.2,2.25,2.5,3.2,2.3,2.75,3.2,2.25,2.75,3.2,2.25,2.7,3.3,2.2,2.7,3.25,2.25
D1,2006-4-2,Wolfsburg,Hertha,1,3,A,1,2,A,15127,9,10,5,5,0,0,10,3,10,13,4,3,3,3,0,0,30,30,2.6,3.2,2.4,2.5,3.2,2.3,2.62,3.2,2.37,2.625,3.2,2.375,2.6,3.1,2.375,2.5,3.1,2.5
D1,2007-4-2,Dortmund,Munich 1860,2,1,H,2,1,H,65000,21,9,7,3,0,0,7,1,20,19,0,0,3,4,0,0,30,40,1.35,4,8,1.3,4.2,8,1.36,4,7,1.364,3.8,7.5,1.4,4,6.5,1.4,3.75,7
D1,2007-4-2,Freiburg,Stuttgart,0,2,A,0,0,D,25000,12,9,5,5,1,0,7,4,21,9,2,3,4,1,0,0,40,10,2.1,3.3,2.95,2.2,3.2,2.7,2.2,3.25,2.75,2.05,3.25,3.1,2.3,3.25,2.6,2.1,3.3,2.9
D1,2013-4-2,FC Koln,St Pauli,2,1,H,1,0,H,23000,23,14,12,8,1,0,8,1,22,16,3,6,3,2,0,0,30,20,2.05,3.25,3.15,2,3.1,3.2,1.91,3.25,3.4,2.1,3.2,3,2.1,3.25,2.9,2.1,3.4,2.8
D1,2013-4-2,Hamburg,Leverkusen,1,1,D,1,1,D,55000,14,14,6,5,0,0,7,5,24,23,1,3,3,5,0,0,30,50,4,3.3,1.78,3.5,3.1,1.9,4,3.2,1.8,4,3.4,1.727,3.75,3.2,1.833,3.75,3.3,1.8
D1,2013-4-2,Hertha,Hansa Rostock,1,0,H,1,0,H,42000,12,10,7,6,0,0,3,2,16,9,1,1,2,0,0,0,20,0,1.28,4.4,9,1.3,4.2,8,1.33,4.33,7,1.286,4.333,9,1.364,4,7,1.33,4.2,7.5
D1,2013-4-2,M'gladbach,Wolfsburg,0,2,A,0,0,D,26900,15,12,4,5,0,0,6,5,16,17,5,4,1,0,0,0,10,0,1.9,3.25,3.6,1.85,3.1,3.6,1.83,3.2,3.75,1.9,3.2,3.5,1.909,3.1,3.6,1.8,3.3,3.75
D1,2013-4-2,Munich 1860,Freiburg,5,2,H,3,1,H,17500,26,10,12,7,2,1,9,2,12,11,7,3,2,0,0,0,20,0,1.71,3.45,4.2,1.6,3.4,4.6,1.61,3.5,4.5,1.667,3.4,4.333,1.727,3.4,4,1.66,3.5,4.2
D1,2013-4-2,Nurnberg,Bayern Munich,1,2,A,0,2,A,46600,19,15,7,4,0,1,10,3,13,11,5,2,2,3,1,0,45,30,4.4,3.5,1.65,4.2,3.2,1.7,4.5,3.25,1.67,4.333,3.4,1.667,3.75,3.25,1.8,4.2,3.25,1.72
D1,2013-4-2,Werder Bremen,Schalke 04,3,0,H,1,0,H,35800,11,10,9,7,0,1,5,4,17,17,4,0,1,3,0,0,10,30,2.53,3.15,2.48,2.4,3.1,2.4,2.5,3.25,2.4,2.6,3.1,2.4,2.6,3.1,2.375,2.37,3.1,2.62
D1,2014-4-2,Kaiserslautern,Dortmund,1,0,H,0,0,D,40600,20,10,8,4,0,0,7,3,22,16,2,4,3,1,0,0,30,10,2.65,3.15,2.4,2.9,3,2.2,2.62,3.2,2.37,2.7,3.1,2.3,2.5,3.25,2.375,2.62,3.1,2.37
D1,2014-4-2,Stuttgart,Cottbus,0,0,D,0,0,D,19000,16,10,6,4,1,0,10,5,17,29,1,4,0,3,0,0,0,30,1.55,3.6,5.15,1.35,4,7,1.5,3.4,6,1.48,3.5,6.5,1.571,3.5,5,1.57,3.3,5.5
D1,2019-4-2,St Pauli,Hamburg,0,4,A,0,2,A,54000,14,19,5,10,0,0,6,3,24,21,4,6,4,3,0,0,40,30,3.1,3.35,2,2.8,3.3,2.1,,,,2.875,3.3,2.1,3,3.4,2,2.7,3.3,2.2
D1,2020-4-2,Bayern Munich,Hertha,3,0,H,0,0,D,63000,13,4,9,1,0,0,4,1,16,20,3,3,2,3,0,1,20,55,1.54,3.5,5.65,1.65,3.3,4.4,1.5,3.6,5.5,1.571,3.3,5.5,1.533,3.4,5.5,1.53,3.4,5.5
D1,2020-4-2,Cottbus,Munich 1860,1,1,D,0,0,D,15500,25,11,4,1,1,1,8,5,12,18,3,1,1,2,0,0,10,20,2.15,3.2,2.95,2.1,3,3.1,2.2,3.25,2.75,2.2,3.2,2.8,,,,2.2,3.1,2.87
D1,2020-4-2,Dortmund,FC Koln,2,1,H,1,0,H,68600,23,7,6,3,0,1,4,4,16,18,0,1,3,5,0,0,30,50,1.17,5.25,12,1.25,4.5,9,1.2,5,11,1.222,5,9.5,1.2,5,11,1.22,5.5,8
D1,2020-4-2,Leverkusen,Werder Bremen,1,2,A,1,1,D,22500,17,9,10,7,0,0,15,2,17,17,8,4,2,2,0,0,20,20,1.35,4,8,1.35,4,7,1.4,3.75,7,1.364,4,7.5,,,,1.36,3.75,8
D1,2020-4-2,Schalke 04,Nurnberg,2,1,H,0,0,D,60683,13,16,5,8,1,2,8,5,7,18,8,1,2,1,0,0,20,10,1.25,4.75,9.4,1.25,4.5,9,1.28,4.5,8,1.25,4.5,9,1.286,4.333,8.5,1.3,4.33,8
D1,2020-4-2,Wolfsburg,Hansa Rostock,4,0,H,4,0,H,12650,16,8,8,4,0,0,8,6,18,13,1,3,0,0,0,0,0,0,1.72,3.2,4.5,1.6,3.4,4.6,1.67,3.4,4.33,1.667,3.4,4.333,1.667,3.25,4.5,1.72,3.2,4.33
D1,2021-4-2,Freiburg,Kaiserslautern,3,1,H,0,0,D,25000,19,25,11,15,0,0,8,6,18,20,3,4,1,4,0,0,10,40,2.5,3.25,2.45,2.8,3.1,2.2,2.62,3.4,2.25,2.625,3.1,2.375,2.6,3.4,2.25,2.6,3.4,2.25
D1,2021-4-2,M'gladbach,Stuttgart,2,2,D,0,0,D,34500,13,10,6,3,0,1,12,6,9,12,3,4,1,3,0,0,10,30,2.2,3.05,3,2.1,3,3.1,2.25,3.2,2.75,2.3,3.2,2.7,2.375,3.25,2.5,2.2,3.1,2.87
D1,2027-4-2,FC Koln,Freiburg,2,0,H,1,0,H,30000,9,12,8,2,0,1,9,7,25,11,4,1,2,2,0,0,20,20,2.27,3.4,2.57,2.3,3.2,2.5,2.2,3.5,2.625,,,,2.1,3.5,2.75,,,
D1,2027-4-2,Hamburg,Dortmund,3,4,A,1,2,A,55000,12,13,6,7,0,0,8,4,24,12,1,2,3,3,1,1,55,55,3.7,3.35,1.83,3.8,3.1,1.8,3.4,3.25,1.909,,,,3.5,3.4,1.833,,,
D1,2027-4-2,Hansa Rostock,M'gladbach,1,1,D,1,1,D,25800,19,15,7,7,0,0,16,3,12,18,1,0,1,1,0,0,10,10,1.95,2.95,3.8,1.9,3,3.6,2,3,3.4,,,,2,2.875,3.6,,,
D1,2027-4-2,Hertha,Schalke 04,2,0,H,0,0,D,55000,15,4,6,2,1,0,3,3,8,13,1,4,2,3,0,0,20,30,2,3.15,3.35,2,3.1,3.2,2,3.2,3.2,,,,2.1,3.2,3,,,
D1,2027-4-2,Kaiserslautern,Cottbus,4,0,H,2,0,H,41500,19,5,10,1,1,0,10,2,12,17,6,1,0,3,0,0,0,30,1.33,4.3,7.7,1.3,4.2,8,1.364,4,7,,,,1.333,4,8,,,
D1,2027-4-2,Munich 1860,Stuttgart,3,3,D,0,2,A,18000,13,11,6,5,0,0,6,2,16,12,3,2,3,3,1,0,55,30,2.05,3.1,3.25,2.1,3,3.1,2.1,3,3.2,,,,2,3.2,3.2,,,
D1,2027-4-2,Nurnberg,Leverkusen,1,0,H,1,0,H,44600,10,16,5,6,0,1,1,9,21,16,4,11,1,5,0,0,10,50,4,3.4,1.75,3.8,3.1,1.8,4.333,3.2,1.727,,,,4,3.4,1.727,,,
D1,2027-4-2,Werder Bremen,St Pauli,3,2,H,0,2,A,35600,23,6,8,3,1,0,7,2,19,15,9,2,3,2,1,0,55,20,1.22,5.05,10.5,1.3,4.2,8,1.222,5,9,,,,1.286,4.5,8,,,
D1,2027-4-2,Wolfsburg,Bayern Munich,0,1,A,0,1,A,21600,14,7,6,3,0,0,6,0,12,15,9,0,1,3,0,0,10,30,4.4,3.6,1.64,4,3.2,1.75,4,3.4,1.727,,,,4,3.4,1.727,,,
D1,2004-5-2,Bayern Munich,Hansa Rostock,3,2,H,1,0,H,69000,21,9,8,5,1,0,7,6,20,21,2,1,0,2,0,0,0,20,1.14,6,11.5,1.2,5,10,1.167,5.5,11,1.143,6,12,1.167,6,11,1.16,5.5,12
D1,2004-5-2,Cottbus,FC Koln,2,3,A,0,1,A,19435,14,9,9,5,0,0,11,1,19,15,2,1,3,2,0,0,30,20,1.7,3.4,4.3,1.65,3.3,4.4,1.727,3.5,3.75,1.727,3.4,4,,,,1.66,3.3,4.5
D1,2004-5-2,Dortmund,Werder Bremen,2,1,H,1,1,D,68000,12,8,5,4,2,1,8,1,15,25,5,1,1,3,0,1,10,55,1.35,4.15,7.5,1.45,3.8,5.4,1.4,3.75,7,1.4,3.75,6.5,1.364,4,7,1.4,4.33,5.5
D1,2004-5-2,Freiburg,Hamburg,4,3,H,2,2,D,25000,11,15,7,6,0,1,5,5,14,15,0,2,2,1,0,0,20,10,2.35,3.2,2.65,2.3,3.1,2.6,2.4,3.25,2.5,2.375,3.1,2.6,2.5,3.1,2.5,2.3,3.2,2.62
D1,2004-5-2,Leverkusen,Hertha,2,1,H,1,0,H,22500,8,5,6,3,0,0,10,2,15,15,3,2,0,0,0,0,0,0,1.4,3.9,7,1.45,3.8,5.4,1.444,3.75,6,1.4,3.75,7,1.4,4,6.5,,,
D1,2004-5-2,M'gladbach,Munich 1860,2,4,A,1,1,D,34000,22,13,13,8,0,0,9,5,7,16,4,1,0,0,0,0,0,0,2.2,3.2,2.9,2.1,3,3.1,2.2,3,3,2.25,3.1,2.8,2.2,3,3,,,
D1,2004-5-2,Schalke 04,Wolfsburg,1,2,A,0,1,A,60000,17,14,5,6,0,1,4,1,9,14,3,0,2,1,0,0,20,10,1.42,4,5.9,1.45,3.8,5.4,1.4,4,6.5,1.444,3.4,6.5,1.4,4,6.5,1.44,3.75,6
D1,2004-5-2,St Pauli,Nurnberg,2,3,A,1,2,A,22000,8,11,4,7,0,0,11,5,12,16,5,2,0,3,0,0,0,30,2.1,3.25,3,2.1,2.9,3.2,,,,2.2,3.2,2.8,2.2,3.2,2.8,,,
D1,2004-5-2,Stuttgart,Kaiserslautern,4,3,H,1,1,D,30000,11,10,7,7,0,0,5,2,17,14,1,3,2,3,0,0,20,30,2.6,3.2,2.4,2.9,2.8,2.3,2.5,3.25,2.4,2.7,3.2,2.3,2.7,3.1,2.3,2.8,3,2.3
